Date,SH
3/1/2012 0:00,-8.579951988
3/1/2012 1:00,-16.08626535
3/1/2012 2:00,-13.0562212
3/1/2012 3:00,-9.094470393
3/1/2012 4:00,-12.76777605
3/1/2012 5:00,-7.147576325
3/1/2012 6:00,28.01929694
3/1/2012 7:00,50.31120676
3/1/2012 8:00,55.52756285
3/1/2012 9:00,23.95977927
3/1/2012 10:00,117.2531918
3/1/2012 11:00,147.3764284
3/1/2012 12:00,116.825839
3/1/2012 13:00,1995.549319
3/1/2012 14:00,492.8139728
3/1/2012 15:00,2319.885215
3/1/2012 16:00,466.4952633
3/1/2012 17:00,320.4775158
3/1/2012 18:00,330.7109893
3/1/2012 19:00,9.414267443
3/1/2012 20:00,-2.271555847
3/1/2012 21:00,1.147825231
3/1/2012 22:00,-19.80129904
3/1/2012 23:00,-19.18987149
3/2/2012 0:00,-6.983747465
3/2/2012 1:00,-17.16000235
3/2/2012 2:00,-9.809439419
3/2/2012 3:00,-12.2340127
3/2/2012 4:00,-15.51949238
3/2/2012 5:00,-15.80254018
3/2/2012 6:00,11.1417064
3/2/2012 7:00,42.41133449
3/2/2012 8:00,52.72453498
3/2/2012 9:00,28.05454573
3/2/2012 10:00,134.4245273
3/2/2012 11:00,149.5000691
3/2/2012 12:00,105.7928283
3/2/2012 13:00,1596.560965
3/2/2012 14:00,374.7601871
3/2/2012 15:00,740.543805
3/2/2012 16:00,423.0243788
3/2/2012 17:00,494.5962011
3/2/2012 18:00,451.9677092
3/2/2012 19:00,-1.797977242
3/2/2012 20:00,15.6558855
3/2/2012 21:00,13.77063959
3/2/2012 22:00,-18.62529803
3/2/2012 23:00,-10.55814585
3/3/2012 0:00,-10.71992435
3/3/2012 1:00,-14.16525433
3/3/2012 2:00,-11.59928167
3/3/2012 3:00,-14.25851453
3/3/2012 4:00,-17.41960468
3/3/2012 5:00,-17.97499947
3/3/2012 6:00,79.6242185
3/3/2012 7:00,69.59584671
3/3/2012 8:00,72.67701776
3/3/2012 9:00,38.20320519
3/3/2012 10:00,175.0560686
3/3/2012 11:00,178.5667535
3/3/2012 12:00,132.2201697
3/3/2012 13:00,2351.261892
3/3/2012 14:00,292.5114713
3/3/2012 15:00,1337.29019
3/3/2012 16:00,350.241061
3/3/2012 17:00,370.489104
3/3/2012 18:00,431.9868876
3/3/2012 19:00,6.21243192
3/3/2012 20:00,13.7766602
3/3/2012 21:00,19.44652548
3/3/2012 22:00,-5.293542102
3/3/2012 23:00,-14.87762154
3/4/2012 0:00,-7.438922814
3/4/2012 1:00,-17.0941879
3/4/2012 2:00,-15.06847599
3/4/2012 3:00,-13.48501439
3/4/2012 4:00,-12.2424014
3/4/2012 5:00,-8.779745226
3/4/2012 6:00,57.21992832
3/4/2012 7:00,49.30170348
3/4/2012 8:00,68.70592098
3/4/2012 9:00,18.12608335
3/4/2012 10:00,115.6949662
3/4/2012 11:00,112.9322622
3/4/2012 12:00,134.2299166
3/4/2012 13:00,885.1084645
3/4/2012 14:00,904.9461872
3/4/2012 15:00,704.5191558
3/4/2012 16:00,372.9428711
3/4/2012 17:00,434.2621874
3/4/2012 18:00,311.4772342
3/4/2012 19:00,7.039555388
3/4/2012 20:00,8.218342945
3/4/2012 21:00,5.557665481
3/4/2012 22:00,-15.95429443
3/4/2012 23:00,-15.56281168
3/5/2012 0:00,-19.69239119
3/5/2012 1:00,-10.38777018
3/5/2012 2:00,-14.63674576
3/5/2012 3:00,-9.427395807
3/5/2012 4:00,-7.523150024
3/5/2012 5:00,-5.634763322
3/5/2012 6:00,51.60798294
3/5/2012 7:00,12.65116148
3/5/2012 8:00,23.48807838
3/5/2012 9:00,66.94457125
3/5/2012 10:00,143.2165324
3/5/2012 11:00,152.860352
3/5/2012 12:00,100.3781267
3/5/2012 13:00,1334.599817
3/5/2012 14:00,705.2613983
3/5/2012 15:00,718.7547419
3/5/2012 16:00,415.3413951
3/5/2012 17:00,425.4060247
3/5/2012 18:00,309.4084611
3/5/2012 19:00,3.374736095
3/5/2012 20:00,12.51845134
3/5/2012 21:00,14.70801229
3/5/2012 22:00,-7.237487586
3/5/2012 23:00,-6.556957484
3/6/2012 0:00,-18.69014696
3/6/2012 1:00,-7.822866492
3/6/2012 2:00,-14.62597924
3/6/2012 3:00,-7.217183637
3/6/2012 4:00,-17.19031009
3/6/2012 5:00,-7.609878746
3/6/2012 6:00,15.85232561
3/6/2012 7:00,60.78329512
3/6/2012 8:00,52.29149831
3/6/2012 9:00,25.37942818
3/6/2012 10:00,168.2137246
3/6/2012 11:00,156.626999
3/6/2012 12:00,110.5130591
3/6/2012 13:00,1737.735948
3/6/2012 14:00,1328.254134
3/6/2012 15:00,2485.340224
3/6/2012 16:00,458.4125024
3/6/2012 17:00,353.8705002
3/6/2012 18:00,428.8255544
3/6/2012 19:00,16.3573736
3/6/2012 20:00,12.76791524
3/6/2012 21:00,14.78120063
3/6/2012 22:00,-6.861060051
3/6/2012 23:00,-9.879715349
3/7/2012 0:00,-14.59126683
3/7/2012 1:00,-10.31087871
3/7/2012 2:00,-12.73742304
3/7/2012 3:00,-6.987576689
3/7/2012 4:00,-11.3746384
3/7/2012 5:00,-10.15808253
3/7/2012 6:00,62.44034035
3/7/2012 7:00,64.95883904
3/7/2012 8:00,33.18294502
3/7/2012 9:00,77.00543825
3/7/2012 10:00,109.4688008
3/7/2012 11:00,136.8941363
3/7/2012 12:00,172.8524815
3/7/2012 13:00,2014.296832
3/7/2012 14:00,598.0022879
3/7/2012 15:00,1665.810893
3/7/2012 16:00,433.798855
3/7/2012 17:00,335.2993505
3/7/2012 18:00,447.1060679
3/7/2012 19:00,3.966127115
3/7/2012 20:00,19.05181347
3/7/2012 21:00,9.007885619
3/7/2012 22:00,-19.91899617
3/7/2012 23:00,-6.798765201
3/8/2012 0:00,-13.43728799
3/8/2012 1:00,-14.81738838
3/8/2012 2:00,-8.329964763
3/8/2012 3:00,-13.8237898
3/8/2012 4:00,-16.25026456
3/8/2012 5:00,-6.443896079
3/8/2012 6:00,24.47205524
3/8/2012 7:00,62.52787139
3/8/2012 8:00,45.74312788
3/8/2012 9:00,31.79233824
3/8/2012 10:00,133.3975411
3/8/2012 11:00,131.316481
3/8/2012 12:00,179.8300964
3/8/2012 13:00,910.6987657
3/8/2012 14:00,488.4768434
3/8/2012 15:00,1384.907894
3/8/2012 16:00,305.1477568
3/8/2012 17:00,336.395419
3/8/2012 18:00,356.3708761
3/8/2012 19:00,2.622680966
3/8/2012 20:00,19.88260633
3/8/2012 21:00,7.977619541
3/8/2012 22:00,-16.71238778
3/8/2012 23:00,-5.124113036
3/9/2012 0:00,-12.9440781
3/9/2012 1:00,-11.4872528
3/9/2012 2:00,-6.382961248
3/9/2012 3:00,-13.06497722
3/9/2012 4:00,-8.330566375
3/9/2012 5:00,-9.485701474
3/9/2012 6:00,66.79564378
3/9/2012 7:00,54.76964005
3/9/2012 8:00,32.72963039
3/9/2012 9:00,38.13851495
3/9/2012 10:00,174.1922135
3/9/2012 11:00,129.5017716
3/9/2012 12:00,177.2970039
3/9/2012 13:00,202.2907801
3/9/2012 14:00,911.7433573
3/9/2012 15:00,631.2129673
3/9/2012 16:00,373.0205786
3/9/2012 17:00,463.5556239
3/9/2012 18:00,457.4414922
3/9/2012 19:00,19.65768072
3/9/2012 20:00,17.74557083
3/9/2012 21:00,-1.282868078
3/9/2012 22:00,-8.522488717
3/9/2012 23:00,-18.59799185
3/10/2012 0:00,-17.57323237
3/10/2012 1:00,-16.47264
3/10/2012 2:00,-5.433892958
3/10/2012 3:00,-11.1882928
3/10/2012 4:00,-8.477200059
3/10/2012 5:00,-13.52805634
3/10/2012 6:00,15.8828459
3/10/2012 7:00,33.51971523
3/10/2012 8:00,22.8759801
3/10/2012 9:00,61.91036223
3/10/2012 10:00,111.7686025
3/10/2012 11:00,174.5254358
3/10/2012 12:00,159.7869156
3/10/2012 13:00,1039.888759
3/10/2012 14:00,825.4019649
3/10/2012 15:00,2109.817401
3/10/2012 16:00,327.6785566
3/10/2012 17:00,484.1741561
3/10/2012 18:00,461.5922469
3/10/2012 19:00,1.446632684
3/10/2012 20:00,14.90999504
3/10/2012 21:00,17.67882574
3/10/2012 22:00,-11.89549827
3/10/2012 23:00,-18.61654411
3/11/2012 0:00,-13.55606237
3/11/2012 1:00,-5.429477341
3/11/2012 2:00,-10.50818829
3/11/2012 3:00,-17.5971648
3/11/2012 4:00,-6.814998242
3/11/2012 5:00,-14.08923449
3/11/2012 6:00,52.36211745
3/11/2012 7:00,12.39496957
3/11/2012 8:00,72.40436691
3/11/2012 9:00,27.71374627
3/11/2012 10:00,114.388643
3/11/2012 11:00,169.9712864
3/11/2012 12:00,121.8320511
3/11/2012 13:00,1696.270439
3/11/2012 14:00,697.7675449
3/11/2012 15:00,897.8027
3/11/2012 16:00,435.555298
3/11/2012 17:00,342.0120817
3/11/2012 18:00,490.3078667
3/11/2012 19:00,16.44427754
3/11/2012 20:00,18.48156771
3/11/2012 21:00,18.3278512
3/11/2012 22:00,-6.687275885
3/11/2012 23:00,-10.72350286
3/12/2012 0:00,-19.71522834
3/12/2012 1:00,-13.01912594
3/12/2012 2:00,-12.46534188
3/12/2012 3:00,-16.30790589
3/12/2012 4:00,-5.394822203
3/12/2012 5:00,-5.294995143
3/12/2012 6:00,78.5717017
3/12/2012 7:00,17.66378127
3/12/2012 8:00,48.21077691
3/12/2012 9:00,64.60809649
3/12/2012 10:00,169.1236453
3/12/2012 11:00,142.0878401
3/12/2012 12:00,156.6064454
3/12/2012 13:00,1769.297807
3/12/2012 14:00,342.0143469
3/12/2012 15:00,331.6883398
3/12/2012 16:00,421.4814426
3/12/2012 17:00,317.7813292
3/12/2012 18:00,310.1998556
3/12/2012 19:00,-4.046194736
3/12/2012 20:00,18.21921936
3/12/2012 21:00,19.29046367
3/12/2012 22:00,-9.200570608
3/12/2012 23:00,-19.03010171
3/13/2012 0:00,-14.1280003
3/13/2012 1:00,-14.74030572
3/13/2012 2:00,-19.75562
3/13/2012 3:00,-19.18969098
3/13/2012 4:00,-11.57083578
3/13/2012 5:00,-7.675396658
3/13/2012 6:00,39.59902017
3/13/2012 7:00,70.70249404
3/13/2012 8:00,58.14106945
3/13/2012 9:00,43.00835075
3/13/2012 10:00,178.4626366
3/13/2012 11:00,128.0627113
3/13/2012 12:00,178.3072202
3/13/2012 13:00,2242.371784
3/13/2012 14:00,602.9923155
3/13/2012 15:00,1274.657886
3/13/2012 16:00,337.4403273
3/13/2012 17:00,392.2869894
3/13/2012 18:00,406.1538699
3/13/2012 19:00,0.787853044
3/13/2012 20:00,6.638445067
3/13/2012 21:00,16.77170389
3/13/2012 22:00,-7.322797494
3/13/2012 23:00,-15.11776204
3/14/2012 0:00,-7.065672006
3/14/2012 1:00,-6.627919267
3/14/2012 2:00,-5.486136656
3/14/2012 3:00,-10.07168642
3/14/2012 4:00,-13.53727874
3/14/2012 5:00,-17.7448327
3/14/2012 6:00,33.03237057
3/14/2012 7:00,79.85163031
3/14/2012 8:00,64.35188591
3/14/2012 9:00,20.41335368
3/14/2012 10:00,100.2146753
3/14/2012 11:00,107.7584382
3/14/2012 12:00,141.2020163
3/14/2012 13:00,1842.071086
3/14/2012 14:00,955.132841
3/14/2012 15:00,1799.961051
3/14/2012 16:00,362.4295876
3/14/2012 17:00,444.4479587
3/14/2012 18:00,391.9444938
3/14/2012 19:00,9.921185548
3/14/2012 20:00,-1.226082008
3/14/2012 21:00,14.9573493
3/14/2012 22:00,-5.848960141
3/14/2012 23:00,-15.46346961
3/15/2012 0:00,-5.700935441
3/15/2012 1:00,-7.609714366
3/15/2012 2:00,-13.29026805
3/15/2012 3:00,-16.57559726
3/15/2012 4:00,-10.06305385
3/15/2012 5:00,-15.33650392
3/15/2012 6:00,48.05527795
3/15/2012 7:00,28.82189536
3/15/2012 8:00,55.41110858
3/15/2012 9:00,35.90265177
3/15/2012 10:00,144.5296511
3/15/2012 11:00,113.1771049
3/15/2012 12:00,165.3281393
3/15/2012 13:00,1582.933751
3/15/2012 14:00,1996.198472
3/15/2012 15:00,1848.610828
3/15/2012 16:00,419.9070911
3/15/2012 17:00,330.8024988
3/15/2012 18:00,350.5969373
3/15/2012 19:00,8.016156991
3/15/2012 20:00,-4.048841352
3/15/2012 21:00,-4.329449135
3/15/2012 22:00,-19.34350767
3/15/2012 23:00,-7.6151302
3/16/2012 0:00,-15.24457201
3/16/2012 1:00,-17.48889561
3/16/2012 2:00,-5.160867575
3/16/2012 3:00,-10.37939441
3/16/2012 4:00,-17.84087772
3/16/2012 5:00,-9.220851694
3/16/2012 6:00,34.67707189
3/16/2012 7:00,41.27817457
3/16/2012 8:00,55.25453259
3/16/2012 9:00,22.48316043
3/16/2012 10:00,141.1431627
3/16/2012 11:00,165.4675356
3/16/2012 12:00,142.0223712
3/16/2012 13:00,268.8965817
3/16/2012 14:00,1853.876022
3/16/2012 15:00,1607.792929
3/16/2012 16:00,388.8194547
3/16/2012 17:00,446.3809173
3/16/2012 18:00,314.538237
3/16/2012 19:00,15.431786
3/16/2012 20:00,-0.195797658
3/16/2012 21:00,11.1656794
3/16/2012 22:00,-18.68659731
3/16/2012 23:00,-13.15716703
3/17/2012 0:00,-13.49764162
3/17/2012 1:00,-18.12681904
3/17/2012 2:00,-16.374592
3/17/2012 3:00,-15.55182016
3/17/2012 4:00,-14.11310517
3/17/2012 5:00,-8.366547954
3/17/2012 6:00,38.15730426
3/17/2012 7:00,73.09376083
3/17/2012 8:00,54.22355484
3/17/2012 9:00,77.0150735
3/17/2012 10:00,114.0641178
3/17/2012 11:00,139.3026345
3/17/2012 12:00,124.0849195
3/17/2012 13:00,1791.692419
3/17/2012 14:00,761.1981806
3/17/2012 15:00,1378.452961
3/17/2012 16:00,383.2888373
3/17/2012 17:00,356.8650523
3/17/2012 18:00,322.3095353
3/17/2012 19:00,2.348868892
3/17/2012 20:00,5.222947571
3/17/2012 21:00,13.26240481
3/17/2012 22:00,-14.48651657
3/17/2012 23:00,-16.24228254
3/18/2012 0:00,-10.31656741
3/18/2012 1:00,-14.60798019
3/18/2012 2:00,-11.83915274
3/18/2012 3:00,-11.94579553
3/18/2012 4:00,-17.80314305
3/18/2012 5:00,-16.59089921
3/18/2012 6:00,64.88651781
3/18/2012 7:00,60.86790039
3/18/2012 8:00,77.14400655
3/18/2012 9:00,52.14077878
3/18/2012 10:00,137.599507
3/18/2012 11:00,150.9950827
3/18/2012 12:00,117.2142429
3/18/2012 13:00,1790.515605
3/18/2012 14:00,1656.929442
3/18/2012 15:00,515.1086284
3/18/2012 16:00,461.3403567
3/18/2012 17:00,420.8867506
3/18/2012 18:00,488.2026992
3/18/2012 19:00,9.662155518
3/18/2012 20:00,4.056624157
3/18/2012 21:00,15.37603541
3/18/2012 22:00,-14.10282698
3/18/2012 23:00,-9.763198102
3/19/2012 0:00,-11.21753298
3/19/2012 1:00,-15.68339405
3/19/2012 2:00,-15.38834393
3/19/2012 3:00,-6.358701666
3/19/2012 4:00,-9.917829661
3/19/2012 5:00,-5.292758014
3/19/2012 6:00,17.73127489
3/19/2012 7:00,79.64083112
3/19/2012 8:00,20.0761795
3/19/2012 9:00,68.12974687
3/19/2012 10:00,138.6587795
3/19/2012 11:00,141.8586922
3/19/2012 12:00,111.6482629
3/19/2012 13:00,403.7961056
3/19/2012 14:00,926.073488
3/19/2012 15:00,913.2434822
3/19/2012 16:00,480.2508931
3/19/2012 17:00,475.0584018
3/19/2012 18:00,438.2993868
3/19/2012 19:00,0.992285012
3/19/2012 20:00,13.06661209
3/19/2012 21:00,2.663380201
3/19/2012 22:00,-17.15459988
3/19/2012 23:00,-11.51974249
3/20/2012 0:00,-11.37952813
3/20/2012 1:00,-9.033253418
3/20/2012 2:00,-19.894112
3/20/2012 3:00,-12.06573693
3/20/2012 4:00,-19.93604678
3/20/2012 5:00,-8.959513605
3/20/2012 6:00,24.38362293
3/20/2012 7:00,71.65025939
3/20/2012 8:00,69.62434527
3/20/2012 9:00,43.95891631
3/20/2012 10:00,143.111288
3/20/2012 11:00,143.5721895
3/20/2012 12:00,121.0348599
3/20/2012 13:00,2138.481775
3/20/2012 14:00,523.0507874
3/20/2012 15:00,292.2374542
3/20/2012 16:00,457.2615666
3/20/2012 17:00,436.0235303
3/20/2012 18:00,319.1097135
3/20/2012 19:00,-0.464803875
3/20/2012 20:00,11.90793741
3/20/2012 21:00,-3.391002123
3/20/2012 22:00,-10.06207825
3/20/2012 23:00,-14.49154381
3/21/2012 0:00,-16.26094554
3/21/2012 1:00,-10.6081975
3/21/2012 2:00,-10.15264634
3/21/2012 3:00,-8.467026287
3/21/2012 4:00,-6.966463166
3/21/2012 5:00,-7.037123179
3/21/2012 6:00,65.98684142
3/21/2012 7:00,14.57109415
3/21/2012 8:00,65.716833
3/21/2012 9:00,28.25083963
3/21/2012 10:00,113.6357539
3/21/2012 11:00,119.914386
3/21/2012 12:00,166.2913103
3/21/2012 13:00,957.9716219
3/21/2012 14:00,2129.60601
3/21/2012 15:00,994.2521172
3/21/2012 16:00,314.5890672
3/21/2012 17:00,301.0485144
3/21/2012 18:00,476.8806133
3/21/2012 19:00,6.396942675
3/21/2012 20:00,12.14106311
3/21/2012 21:00,8.160915035
3/21/2012 22:00,-19.34938843
3/21/2012 23:00,-5.167697243
3/22/2012 0:00,-18.48500584
3/22/2012 1:00,-8.74628137
3/22/2012 2:00,-15.51244554
3/22/2012 3:00,-12.75238723
3/22/2012 4:00,-17.39090152
3/22/2012 5:00,-8.566190179
3/22/2012 6:00,43.1309311
3/22/2012 7:00,29.80386653
3/22/2012 8:00,79.39923056
3/22/2012 9:00,40.60606777
3/22/2012 10:00,153.5678111
3/22/2012 11:00,129.4239151
3/22/2012 12:00,102.0887675
3/22/2012 13:00,1350.869005
3/22/2012 14:00,2177.927889
3/22/2012 15:00,1243.936088
3/22/2012 16:00,395.7585625
3/22/2012 17:00,341.2432762
3/22/2012 18:00,489.8031424
3/22/2012 19:00,15.33756958
3/22/2012 20:00,8.555805179
3/22/2012 21:00,-1.695908357
3/22/2012 22:00,-16.21018234
3/22/2012 23:00,-11.43085148
3/23/2012 0:00,-18.70211787
3/23/2012 1:00,-19.49476071
3/23/2012 2:00,-18.72109322
3/23/2012 3:00,-17.317077
3/23/2012 4:00,-7.460083921
3/23/2012 5:00,-18.61838211
3/23/2012 6:00,18.90663612
3/23/2012 7:00,54.68425829
3/23/2012 8:00,46.77728336
3/23/2012 9:00,16.51874067
3/23/2012 10:00,131.4235297
3/23/2012 11:00,126.2233829
3/23/2012 12:00,176.8029911
3/23/2012 13:00,209.2089172
3/23/2012 14:00,1075.778828
3/23/2012 15:00,560.0831632
3/23/2012 16:00,302.5633491
3/23/2012 17:00,436.1603311
3/23/2012 18:00,467.4688252
3/23/2012 19:00,-0.629695903
3/23/2012 20:00,-4.686751656
3/23/2012 21:00,1.239777333
3/23/2012 22:00,-13.91417515
3/23/2012 23:00,-9.265957638
3/24/2012 0:00,-17.71696393
3/24/2012 1:00,-19.29141886
3/24/2012 2:00,-5.394610647
3/24/2012 3:00,-17.25580351
3/24/2012 4:00,-19.7175091
3/24/2012 5:00,-6.146410759
3/24/2012 6:00,62.38127483
3/24/2012 7:00,69.42172085
3/24/2012 8:00,56.21366626
3/24/2012 9:00,24.26666081
3/24/2012 10:00,147.303576
3/24/2012 11:00,156.8211823
3/24/2012 12:00,123.7820286
3/24/2012 13:00,1105.419851
3/24/2012 14:00,2335.565284
3/24/2012 15:00,1339.869492
3/24/2012 16:00,394.6670731
3/24/2012 17:00,333.7567383
3/24/2012 18:00,473.520829
3/24/2012 19:00,12.60282839
3/24/2012 20:00,10.07935868
3/24/2012 21:00,1.085301524
3/24/2012 22:00,-15.87646058
3/24/2012 23:00,-16.03843325
3/25/2012 0:00,-18.3125804
3/25/2012 1:00,-19.78033119
3/25/2012 2:00,-17.92966203
3/25/2012 3:00,-16.7528392
3/25/2012 4:00,-19.68459695
3/25/2012 5:00,-11.34903376
3/25/2012 6:00,32.64518948
3/25/2012 7:00,78.81561758
3/25/2012 8:00,52.30387172
3/25/2012 9:00,47.12407816
3/25/2012 10:00,156.4968085
3/25/2012 11:00,158.3258775
3/25/2012 12:00,120.997808
3/25/2012 13:00,1590.596043
3/25/2012 14:00,514.3119067
3/25/2012 15:00,1671.232864
3/25/2012 16:00,371.364599
3/25/2012 17:00,325.1662173
3/25/2012 18:00,341.182958
3/25/2012 19:00,15.62197043
3/25/2012 20:00,-1.079984817
3/25/2012 21:00,-2.422099245
3/25/2012 22:00,-16.13751563
3/25/2012 23:00,-13.51674063
3/26/2012 0:00,-7.517105511
3/26/2012 1:00,-19.11489279
3/26/2012 2:00,-6.654486152
3/26/2012 3:00,-15.27415176
3/26/2012 4:00,-16.71550129
3/26/2012 5:00,-5.847381024
3/26/2012 6:00,64.42759697
3/26/2012 7:00,20.09587033
3/26/2012 8:00,31.22996945
3/26/2012 9:00,60.75992527
3/26/2012 10:00,114.7990346
3/26/2012 11:00,130.3952358
3/26/2012 12:00,166.9355221
3/26/2012 13:00,609.4854702
3/26/2012 14:00,1110.402751
3/26/2012 15:00,884.2974234
3/26/2012 16:00,312.4603136
3/26/2012 17:00,376.0761438
3/26/2012 18:00,480.9802281
3/26/2012 19:00,-3.032780248
3/26/2012 20:00,16.61750081
3/26/2012 21:00,13.75547886
3/26/2012 22:00,-6.616709557
3/26/2012 23:00,-8.356790121
3/27/2012 0:00,-5.14803066
3/27/2012 1:00,-6.523772417
3/27/2012 2:00,-15.16492343
3/27/2012 3:00,-14.45357625
3/27/2012 4:00,-6.461987307
3/27/2012 5:00,-5.668030134
3/27/2012 6:00,48.99034524
3/27/2012 7:00,50.68099729
3/27/2012 8:00,38.70317333
3/27/2012 9:00,37.02213307
3/27/2012 10:00,124.3572149
3/27/2012 11:00,113.5467006
3/27/2012 12:00,133.290287
3/27/2012 13:00,2455.120154
3/27/2012 14:00,1700.017588
3/27/2012 15:00,398.7053316
3/27/2012 16:00,390.9480993
3/27/2012 17:00,476.056182
3/27/2012 18:00,333.8068934
3/27/2012 19:00,12.08655636
3/27/2012 20:00,-3.053905319
3/27/2012 21:00,-1.230424314
3/27/2012 22:00,-9.597694897
3/27/2012 23:00,-10.5058395
3/28/2012 0:00,-13.48191348
3/28/2012 2:00,-10.70438605
3/28/2012 3:00,-9.045897971
3/28/2012 4:00,-9.031559364
3/28/2012 5:00,-7.410136363
3/28/2012 6:00,71.98145287
3/28/2012 7:00,75.46764745
3/28/2012 8:00,21.41694763
3/28/2012 9:00,41.00279267
3/28/2012 10:00,151.2742131
3/28/2012 11:00,177.1124468
3/28/2012 12:00,154.1098936
3/28/2012 13:00,2336.607953
3/28/2012 14:00,1057.598976
3/28/2012 15:00,1714.677276
3/28/2012 16:00,397.6112516
3/28/2012 17:00,497.3051881
3/28/2012 18:00,419.2516402
3/28/2012 19:00,12.72313985
3/28/2012 20:00,15.48030332
3/28/2012 21:00,-3.321961097
3/28/2012 22:00,-18.48799817
3/28/2012 23:00,-13.62420605
3/29/2012 0:00,-6.435115499
3/29/2012 1:00,-15.72462584
3/29/2012 2:00,-8.284313416
3/29/2012 3:00,-5.126401921
3/29/2012 4:00,-10.77150416
3/29/2012 5:00,-11.31033054
3/29/2012 6:00,48.78822824
3/29/2012 7:00,42.53336951
3/29/2012 8:00,73.55697305
3/29/2012 9:00,63.93119936
3/29/2012 10:00,118.6754399
3/29/2012 11:00,120.3725985
3/29/2012 12:00,156.227605
3/29/2012 13:00,508.3902669
3/29/2012 14:00,539.6813422
3/29/2012 15:00,2382.6647
3/29/2012 16:00,454.4135362
3/29/2012 17:00,342.0081851
3/29/2012 18:00,337.7460287
3/29/2012 19:00,3.719632811
3/29/2012 20:00,17.278879
3/29/2012 21:00,-3.790683689
3/29/2012 22:00,-15.16490889
3/29/2012 23:00,-17.20981998
3/30/2012 0:00,-5.613886853
3/30/2012 1:00,-16.23831467
3/30/2012 2:00,-14.55359859
3/30/2012 3:00,-5.437645899
3/30/2012 4:00,-16.96344591
3/30/2012 5:00,-16.55212342
3/30/2012 6:00,31.96754341
3/30/2012 7:00,71.50635674
3/30/2012 8:00,59.44752225
3/30/2012 9:00,63.04744767
3/30/2012 10:00,170.0706493
3/30/2012 11:00,170.25072
3/30/2012 12:00,144.0810918
3/30/2012 13:00,1023.693123
3/30/2012 14:00,863.1957141
3/30/2012 15:00,730.209958
3/30/2012 16:00,345.4662924
3/30/2012 17:00,427.9464724
3/30/2012 18:00,380.8888126
3/30/2012 19:00,10.83285095
3/30/2012 20:00,7.506362851
3/30/2012 21:00,14.29814503
3/30/2012 22:00,-13.419001
3/30/2012 23:00,-8.261180705
3/31/2012 0:00,-16.00942676
3/31/2012 1:00,-12.81109084
3/31/2012 2:00,-16.50172761
3/31/2012 3:00,-7.039970762
3/31/2012 4:00,-17.09048859
3/31/2012 5:00,-14.6281526
3/31/2012 6:00,29.6499106
3/31/2012 7:00,69.54832847
3/31/2012 8:00,12.38974198
3/31/2012 9:00,75.39092322
3/31/2012 10:00,116.4361736
3/31/2012 11:00,171.5740036
3/31/2012 12:00,100.8717555
3/31/2012 13:00,1345.573667
3/31/2012 14:00,722.0240685
3/31/2012 15:00,2458.500465
3/31/2012 16:00,306.6046662
3/31/2012 17:00,465.4362255
3/31/2012 18:00,383.9456031
3/31/2012 19:00,0.970394478
3/31/2012 20:00,8.479667162
3/31/2012 21:00,11.34601726
3/31/2012 22:00,-10.85949135
3/31/2012 23:00,-7.16602678
4/1/2012 0:00,-16.9543273
4/1/2012 1:00,-17.12999317
4/1/2012 2:00,-12.30384503
4/1/2012 3:00,-16.13674453
4/1/2012 4:00,-10.08126547
4/1/2012 5:00,-5.613636731
4/1/2012 6:00,53.13254257
4/1/2012 7:00,16.5055948
4/1/2012 8:00,66.64429214
4/1/2012 9:00,68.35567601
4/1/2012 10:00,136.583876
4/1/2012 11:00,127.8404649
4/1/2012 12:00,158.0163825
4/1/2012 13:00,1794.383842
4/1/2012 14:00,1447.887994
4/1/2012 15:00,1994.681066
4/1/2012 16:00,388.4289219
4/1/2012 17:00,483.7509792
4/1/2012 18:00,465.5028319
4/1/2012 19:00,-1.536894165
4/1/2012 20:00,18.70532639
4/1/2012 21:00,-3.463687951
4/1/2012 22:00,-16.04014073
4/1/2012 23:00,-14.03260254
4/2/2012 0:00,-14.48832524
4/2/2012 1:00,-16.03829746
4/2/2012 2:00,-5.608047913
4/2/2012 3:00,-6.49761563
4/2/2012 4:00,-13.03518206
4/2/2012 5:00,-19.72647807
4/2/2012 6:00,31.73480007
4/2/2012 7:00,54.19213505
4/2/2012 8:00,67.82919209
4/2/2012 9:00,48.1501738
4/2/2012 10:00,137.4027972
4/2/2012 11:00,163.7801569
4/2/2012 12:00,117.2214821
4/2/2012 13:00,1561.91527
4/2/2012 14:00,2361.986982
4/2/2012 15:00,1057.850581
4/2/2012 16:00,315.2043495
4/2/2012 17:00,492.5241908
4/2/2012 18:00,349.9355258
4/2/2012 19:00,-4.646304244
4/2/2012 20:00,4.521709106
4/2/2012 21:00,4.239090576
4/2/2012 22:00,-10.5481222
4/2/2012 23:00,-15.31639152
4/3/2012 0:00,-19.56945625
4/3/2012 1:00,-18.34646099
4/3/2012 2:00,-16.58856712
4/3/2012 3:00,-10.02194514
4/3/2012 4:00,-10.86997328
4/3/2012 5:00,-17.34307082
4/3/2012 6:00,10.74324153
4/3/2012 7:00,72.96747021
4/3/2012 8:00,63.72174565
4/3/2012 9:00,20.94456797
4/3/2012 10:00,169.739926
4/3/2012 11:00,167.2599706
4/3/2012 12:00,118.3456302
4/3/2012 13:00,2462.834185
4/3/2012 14:00,2196.310681
4/3/2012 15:00,1491.814527
4/3/2012 16:00,494.2563579
4/3/2012 17:00,307.7633059
4/3/2012 18:00,450.1307603
4/3/2012 19:00,14.92411127
4/3/2012 20:00,-2.544653122
4/3/2012 21:00,6.01568884
4/3/2012 22:00,-6.965198894
4/3/2012 23:00,-10.48556734
4/4/2012 0:00,-10.66893355
4/4/2012 1:00,-16.90489576
4/4/2012 2:00,-9.322051131
4/4/2012 3:00,-6.343953009
4/4/2012 4:00,-19.77809758
4/4/2012 5:00,-19.03755962
4/4/2012 6:00,16.72619751
4/4/2012 7:00,23.99222959
4/4/2012 8:00,13.12051567
4/4/2012 9:00,25.0430994
4/4/2012 10:00,129.1224014
4/4/2012 11:00,176.1127963
4/4/2012 12:00,149.6050825
4/4/2012 13:00,997.4352662
4/4/2012 14:00,2414.082741
4/4/2012 15:00,1540.387649
4/4/2012 16:00,317.2197469
4/4/2012 17:00,418.9987165
4/4/2012 18:00,399.774947
4/4/2012 19:00,17.52449758
4/4/2012 20:00,1.683077134
4/4/2012 21:00,13.35736359
4/4/2012 22:00,-18.27437735
4/4/2012 23:00,-14.86163268
4/5/2012 0:00,-12.69255593
4/5/2012 1:00,-17.3909095
4/5/2012 2:00,-10.95689552
4/5/2012 3:00,-6.873362837
4/5/2012 4:00,-6.927175019
4/5/2012 5:00,-7.450300315
4/5/2012 6:00,71.91036978
4/5/2012 7:00,50.929752
4/5/2012 8:00,17.07417178
4/5/2012 9:00,28.08652707
4/5/2012 10:00,124.9772728
4/5/2012 11:00,141.7290421
4/5/2012 12:00,171.3451518
4/5/2012 13:00,237.2376974
4/5/2012 14:00,2139.586234
4/5/2012 15:00,1006.959191
4/5/2012 16:00,446.0852704
4/5/2012 17:00,454.9831785
4/5/2012 18:00,404.4933415
4/5/2012 19:00,-1.851045709
4/5/2012 20:00,5.384244274
4/5/2012 21:00,3.144519781
4/5/2012 22:00,-11.08169023
4/5/2012 23:00,-9.313995282
4/6/2012 0:00,-16.81610673
4/6/2012 1:00,-18.3566521
4/6/2012 2:00,-18.79160731
4/6/2012 3:00,-7.901102694
4/6/2012 4:00,-6.636052504
4/6/2012 5:00,-5.619367142
4/6/2012 6:00,31.80935304
4/6/2012 7:00,34.92872303
4/6/2012 8:00,13.42629419
4/6/2012 9:00,15.54849309
4/6/2012 10:00,168.0885712
4/6/2012 11:00,150.226198
4/6/2012 12:00,114.1218428
4/6/2012 13:00,1165.919948
4/6/2012 14:00,489.9527958
4/6/2012 15:00,2311.326016
4/6/2012 16:00,347.9886689
4/6/2012 17:00,380.0766905
4/6/2012 18:00,489.9287124
4/6/2012 19:00,12.52272161
4/6/2012 20:00,8.429540706
4/6/2012 21:00,9.040967794
4/6/2012 22:00,-19.90218554
4/6/2012 23:00,-7.050882236
4/7/2012 0:00,-19.80515962
4/7/2012 1:00,-17.08019352
4/7/2012 2:00,-5.384866844
4/7/2012 3:00,-17.09292419
4/7/2012 4:00,-19.06722101
4/7/2012 5:00,-17.10327408
4/7/2012 6:00,73.25427995
4/7/2012 7:00,65.23298101
4/7/2012 8:00,21.04831053
4/7/2012 9:00,31.12140247
4/7/2012 10:00,117.3898983
4/7/2012 11:00,147.724683
4/7/2012 12:00,152.8774624
4/7/2012 13:00,654.1013474
4/7/2012 14:00,268.6443156
4/7/2012 15:00,2370.982614
4/7/2012 16:00,493.2053917
4/7/2012 17:00,344.821256
4/7/2012 18:00,405.6838958
4/7/2012 19:00,10.69069313
4/7/2012 20:00,18.77852716
4/7/2012 21:00,11.95741718
4/7/2012 22:00,-5.741572683
4/7/2012 23:00,-6.367273099
4/8/2012 0:00,-13.92463988
4/8/2012 1:00,-11.72903829
4/8/2012 2:00,-8.158079101
4/8/2012 3:00,-10.34880462
4/8/2012 4:00,-5.710907346
4/8/2012 5:00,-6.23087981
4/8/2012 6:00,62.24290521
4/8/2012 7:00,19.31967949
4/8/2012 8:00,41.96697369
4/8/2012 9:00,20.3457993
4/8/2012 10:00,161.7563354
4/8/2012 11:00,109.2527144
4/8/2012 12:00,135.2023468
4/8/2012 13:00,1957.470518
4/8/2012 14:00,1292.872979
4/8/2012 15:00,2211.75425
4/8/2012 16:00,316.1313203
4/8/2012 17:00,391.2824547
4/8/2012 18:00,386.3433367
4/8/2012 19:00,0.690059505
4/8/2012 20:00,17.46190119
4/8/2012 21:00,3.87068274
4/8/2012 22:00,-6.580994924
4/8/2012 23:00,-19.66288636
4/9/2012 0:00,-10.15676044
4/9/2012 1:00,-8.10226601
4/9/2012 2:00,-14.35910823
4/9/2012 3:00,-5.538703364
4/9/2012 4:00,-8.907070507
4/9/2012 5:00,-7.804465629
4/9/2012 6:00,15.86540352
4/9/2012 7:00,66.13763657
4/9/2012 8:00,58.62310841
4/9/2012 9:00,33.37801325
4/9/2012 10:00,112.5519344
4/9/2012 11:00,152.2995522
4/9/2012 12:00,153.7436746
4/9/2012 13:00,1179.395264
4/9/2012 14:00,703.2776976
4/9/2012 15:00,1494.523152
4/9/2012 16:00,331.9769675
4/9/2012 17:00,458.3299429
4/9/2012 18:00,326.6637239
4/9/2012 19:00,17.54146831
4/9/2012 20:00,-2.116025947
4/9/2012 21:00,17.43578468
4/9/2012 22:00,-15.28220192
4/9/2012 23:00,-7.725605492
4/10/2012 0:00,-16.97784546
4/10/2012 1:00,-10.04749539
4/10/2012 2:00,-12.32724777
4/10/2012 3:00,-13.42954344
4/10/2012 4:00,-5.37800825
4/10/2012 5:00,-5.731486001
4/10/2012 6:00,30.12691025
4/10/2012 7:00,62.3433181
4/10/2012 8:00,29.18842008
4/10/2012 9:00,42.1282495
4/10/2012 10:00,160.7675293
4/10/2012 11:00,162.4596432
4/10/2012 12:00,161.3137448
4/10/2012 13:00,1443.092305
4/10/2012 14:00,2048.849523
4/10/2012 15:00,841.0669664
4/10/2012 16:00,364.2922163
4/10/2012 17:00,466.5552158
4/10/2012 18:00,360.1083931
4/10/2012 19:00,4.119358024
4/10/2012 20:00,1.298888846
4/10/2012 21:00,3.192138613
4/10/2012 22:00,-12.70456781
4/10/2012 23:00,-6.244117256
4/11/2012 0:00,-7.975269614
4/11/2012 1:00,-12.65310602
4/11/2012 2:00,-19.81792484
4/11/2012 3:00,-7.144580059
4/11/2012 4:00,-10.76904139
4/11/2012 5:00,-18.35622622
4/11/2012 6:00,20.34117127
4/11/2012 7:00,50.59991088
4/11/2012 8:00,66.21061596
4/11/2012 9:00,73.54520802
4/11/2012 10:00,131.4764691
4/11/2012 11:00,111.2861677
4/11/2012 12:00,141.1257118
4/11/2012 13:00,625.4061852
4/11/2012 14:00,2061.186153
4/11/2012 15:00,2185.716169
4/11/2012 16:00,497.3861303
4/11/2012 17:00,423.3098539
4/11/2012 18:00,443.3225319
4/11/2012 19:00,5.098631925
4/11/2012 20:00,15.54867563
4/11/2012 21:00,2.776693397
4/11/2012 22:00,-8.873765179
4/11/2012 23:00,-11.40994067
4/12/2012 0:00,-14.92930188
4/12/2012 1:00,-8.051951894
4/12/2012 2:00,-15.79159442
4/12/2012 3:00,-8.968085256
4/12/2012 4:00,-15.70547276
4/12/2012 5:00,-15.97349199
4/12/2012 6:00,29.03563556
4/12/2012 7:00,59.69258558
4/12/2012 8:00,74.30523695
4/12/2012 9:00,20.08568081
4/12/2012 10:00,114.2097685
4/12/2012 11:00,140.114465
4/12/2012 12:00,172.2599261
4/12/2012 13:00,2316.727874
4/12/2012 14:00,2226.570317
4/12/2012 15:00,1657.426084
4/12/2012 16:00,318.648381
4/12/2012 17:00,496.0745114
4/12/2012 18:00,425.4796202
4/12/2012 19:00,0.464434645
4/12/2012 20:00,1.794016775
4/12/2012 21:00,-4.50874695
4/12/2012 22:00,-8.604042331
4/12/2012 23:00,-10.48162887
4/13/2012 0:00,-16.12117227
4/13/2012 1:00,-11.50278841
4/13/2012 2:00,-6.823046745
4/13/2012 3:00,-17.61431213
4/13/2012 4:00,-17.12189486
4/13/2012 5:00,-12.78401741
4/13/2012 6:00,42.18566455
4/13/2012 7:00,64.1625943
4/13/2012 8:00,52.25313336
4/13/2012 9:00,24.57510386
4/13/2012 10:00,103.5029416
4/13/2012 11:00,104.0185713
4/13/2012 12:00,174.7178837
4/13/2012 13:00,2452.003195
4/13/2012 14:00,2428.779677
4/13/2012 15:00,1334.06464
4/13/2012 16:00,467.6506807
4/13/2012 17:00,389.4389519
4/13/2012 18:00,422.0392892
4/13/2012 19:00,9.619765379
4/13/2012 20:00,11.8081067
4/13/2012 21:00,-0.266571595
4/13/2012 22:00,-12.31952906
4/13/2012 23:00,-14.39630628
4/14/2012 0:00,-7.562903403
4/14/2012 1:00,-13.51243532
4/14/2012 2:00,-8.19202524
4/14/2012 3:00,-9.952008856
4/14/2012 4:00,-14.31428487
4/14/2012 5:00,-10.25125309
4/14/2012 6:00,35.88389212
4/14/2012 7:00,38.63289267
4/14/2012 8:00,63.90486274
4/14/2012 9:00,55.85104036
4/14/2012 10:00,134.9465291
4/14/2012 11:00,119.142828
4/14/2012 12:00,159.3658163
4/14/2012 13:00,1171.703572
4/14/2012 14:00,425.0810354
4/14/2012 15:00,859.6297192
4/14/2012 16:00,304.4514824
4/14/2012 17:00,490.8645031
4/14/2012 18:00,419.7349737
4/14/2012 19:00,0.621303569
4/14/2012 20:00,12.73451862
4/14/2012 21:00,15.77696656
4/14/2012 22:00,-5.789020782
4/14/2012 23:00,-5.670447009
4/15/2012 0:00,-7.24383403
4/15/2012 1:00,-7.172254378
4/15/2012 2:00,-12.32755066
4/15/2012 3:00,-13.09669444
4/15/2012 4:00,-17.11449438
4/15/2012 5:00,-17.18675633
4/15/2012 6:00,40.80042156
4/15/2012 7:00,50.74939185
4/15/2012 8:00,38.10101211
4/15/2012 9:00,11.39546308
4/15/2012 10:00,119.8134025
4/15/2012 11:00,158.5265008
4/15/2012 12:00,108.9678216
4/15/2012 13:00,1034.571576
4/15/2012 14:00,1178.178172
4/15/2012 15:00,1963.623497
4/15/2012 16:00,449.5661451
4/15/2012 17:00,302.9133427
4/15/2012 18:00,382.5171407
4/15/2012 19:00,18.16290637
4/15/2012 20:00,5.249868524
4/15/2012 21:00,-1.179377449
4/15/2012 22:00,-11.44228734
4/15/2012 23:00,-18.56837792
4/16/2012 0:00,-5.558941251
4/16/2012 1:00,-14.29614875
4/16/2012 2:00,-19.85253055
4/16/2012 3:00,-16.9265891
4/16/2012 4:00,-6.276926536
4/16/2012 5:00,-17.07585561
4/16/2012 6:00,44.39072374
4/16/2012 7:00,74.70027617
4/16/2012 8:00,24.60045145
4/16/2012 9:00,26.20812546
4/16/2012 10:00,174.847269
4/16/2012 11:00,175.1568867
4/16/2012 12:00,109.5005374
4/16/2012 13:00,1495.28294
4/16/2012 14:00,1160.098371
4/16/2012 15:00,2015.192252
4/16/2012 16:00,309.7074847
4/16/2012 17:00,306.0018038
4/16/2012 18:00,339.9579934
4/16/2012 19:00,8.816543602
4/16/2012 20:00,10.77254214
4/16/2012 21:00,-2.465626624
4/16/2012 22:00,-12.40623668
4/16/2012 23:00,-5.723458782
4/17/2012 0:00,-19.29942126
4/17/2012 1:00,-15.28752904
4/17/2012 2:00,-6.48890835
4/17/2012 3:00,-14.43359974
4/17/2012 4:00,-18.4933315
4/17/2012 5:00,-14.6923973
4/17/2012 6:00,16.19333676
4/17/2012 7:00,75.60126764
4/17/2012 8:00,16.94492755
4/17/2012 9:00,43.32334403
4/17/2012 10:00,137.2277336
4/17/2012 11:00,107.9346004
4/17/2012 12:00,101.1211977
4/17/2012 13:00,1594.135222
4/17/2012 14:00,2461.39789
4/17/2012 15:00,2204.624653
4/17/2012 16:00,378.5347749
4/17/2012 17:00,381.5091284
4/17/2012 18:00,406.6688406
4/17/2012 19:00,-4.635884873
4/17/2012 20:00,-0.327247794
4/17/2012 21:00,7.65408992
4/17/2012 22:00,-6.441981951
4/17/2012 23:00,-15.68660176
4/18/2012 0:00,-8.492520973
4/18/2012 1:00,-12.98229684
4/18/2012 2:00,-14.36543846
4/18/2012 3:00,-13.00722581
4/18/2012 4:00,-19.45675148
4/18/2012 5:00,-12.02473432
4/18/2012 6:00,17.83880361
4/18/2012 7:00,39.11117045
4/18/2012 8:00,49.74062431
4/18/2012 9:00,23.16692247
4/18/2012 10:00,167.5587506
4/18/2012 11:00,101.6736166
4/18/2012 12:00,159.5343768
4/18/2012 13:00,818.0952447
4/18/2012 14:00,1565.94956
4/18/2012 15:00,1585.047124
4/18/2012 16:00,492.3091292
4/18/2012 17:00,414.9254283
4/18/2012 18:00,488.9361311
4/18/2012 19:00,1.648001714
4/18/2012 20:00,13.34687587
4/18/2012 21:00,-4.666138468
4/18/2012 22:00,-5.783721599
4/18/2012 23:00,-11.58548545
4/19/2012 0:00,-8.612764721
4/19/2012 1:00,-11.37728347
4/19/2012 2:00,-15.73112198
4/19/2012 3:00,-13.42653633
4/19/2012 4:00,-10.72020892
4/19/2012 5:00,-9.950112828
4/19/2012 6:00,57.90143752
4/19/2012 7:00,32.02607699
4/19/2012 8:00,10.3019968
4/19/2012 9:00,21.94837478
4/19/2012 10:00,172.2928041
4/19/2012 11:00,156.4761553
4/19/2012 12:00,142.7200035
4/19/2012 13:00,1532.799758
4/19/2012 14:00,689.3785973
4/19/2012 15:00,786.3201248
4/19/2012 16:00,462.5139578
4/19/2012 17:00,447.9861213
4/19/2012 18:00,498.8395482
4/19/2012 19:00,9.900721194
4/19/2012 20:00,18.61469082
4/19/2012 21:00,12.67466411
4/19/2012 22:00,-13.40154124
4/19/2012 23:00,-9.406877822
4/20/2012 0:00,-16.61369598
4/20/2012 1:00,-5.461445926
4/20/2012 2:00,-13.70784052
4/20/2012 3:00,-14.95382958
4/20/2012 4:00,-17.15240398
4/20/2012 5:00,-15.92574497
4/20/2012 6:00,33.29917195
4/20/2012 7:00,60.1749635
4/20/2012 8:00,62.07955047
4/20/2012 9:00,73.801931
4/20/2012 10:00,109.5683232
4/20/2012 11:00,145.1040069
4/20/2012 12:00,145.9562256
4/20/2012 13:00,1978.605991
4/20/2012 14:00,1053.762886
4/20/2012 15:00,1006.69318
4/20/2012 16:00,422.8631322
4/20/2012 17:00,485.6571153
4/20/2012 18:00,344.3999857
4/20/2012 19:00,17.75567298
4/20/2012 20:00,13.59406926
4/20/2012 21:00,-4.043986369
4/20/2012 22:00,-13.85576658
4/20/2012 23:00,-9.379724963
4/21/2012 0:00,-13.1745058
4/21/2012 1:00,-7.729251204
4/21/2012 2:00,-9.721762333
4/21/2012 3:00,-16.76148259
4/21/2012 4:00,-18.33981874
4/21/2012 5:00,-18.65701457
4/21/2012 6:00,37.20830478
4/21/2012 7:00,47.58696463
4/21/2012 8:00,12.40201028
4/21/2012 9:00,45.88530571
4/21/2012 10:00,122.5955824
4/21/2012 11:00,120.882064
4/21/2012 12:00,114.7904697
4/21/2012 13:00,600.8955431
4/21/2012 14:00,1501.22985
4/21/2012 15:00,721.8949114
4/21/2012 16:00,367.2536936
4/21/2012 17:00,459.9970876
4/21/2012 18:00,418.9375398
4/21/2012 19:00,3.721907378
4/21/2012 20:00,-3.749144593
4/21/2012 21:00,14.02161259
4/21/2012 22:00,-6.218160469
4/21/2012 23:00,-9.024269918
4/22/2012 0:00,-18.36690311
4/22/2012 1:00,-9.904550405
4/22/2012 2:00,-7.349946777
4/22/2012 3:00,-9.91264653
4/22/2012 4:00,-8.873292893
4/22/2012 5:00,-12.12278333
4/22/2012 6:00,17.61395635
4/22/2012 7:00,64.64851417
4/22/2012 8:00,35.96812898
4/22/2012 9:00,55.87209008
4/22/2012 10:00,135.8844482
4/22/2012 11:00,175.131323
4/22/2012 12:00,103.9113395
4/22/2012 13:00,1571.221514
4/22/2012 14:00,1173.825226
4/22/2012 15:00,1014.673324
4/22/2012 16:00,436.0442848
4/22/2012 17:00,472.9826419
4/22/2012 18:00,497.8034889
4/22/2012 19:00,8.927257961
4/22/2012 20:00,13.17215568
4/22/2012 21:00,7.09406195
4/22/2012 22:00,-8.157649698
4/22/2012 23:00,-17.35834448
4/23/2012 0:00,-9.670154523
4/23/2012 1:00,-11.88086555
4/23/2012 2:00,-11.55218797
4/23/2012 3:00,-16.69074802
4/23/2012 4:00,-14.030027
4/23/2012 5:00,-18.35190599
4/23/2012 6:00,16.50523186
4/23/2012 7:00,72.01967357
4/23/2012 8:00,15.99297191
4/23/2012 9:00,26.44549024
4/23/2012 10:00,145.4188059
4/23/2012 11:00,140.5381745
4/23/2012 12:00,126.9661184
4/23/2012 13:00,181.7652852
4/23/2012 14:00,2454.490856
4/23/2012 15:00,1438.033013
4/23/2012 16:00,355.4917141
4/23/2012 17:00,369.6254336
4/23/2012 18:00,395.5897314
4/23/2012 19:00,10.40851504
4/23/2012 20:00,16.1187953
4/23/2012 21:00,5.945023489
4/23/2012 22:00,-7.191847105
4/23/2012 23:00,-13.0746779
4/24/2012 0:00,-9.974943611
4/24/2012 1:00,-7.789370752
4/24/2012 2:00,-19.55239547
4/24/2012 3:00,-9.968667044
4/24/2012 4:00,-8.926627086
4/24/2012 5:00,-7.129404705
4/24/2012 6:00,61.07425052
4/24/2012 7:00,35.87407924
4/24/2012 8:00,23.5050052
4/24/2012 9:00,17.11719497
4/24/2012 10:00,148.7357835
4/24/2012 11:00,149.7748673
4/24/2012 12:00,135.1940628
4/24/2012 13:00,376.5395348
4/24/2012 14:00,1253.89071
4/24/2012 15:00,671.1575762
4/24/2012 16:00,397.6790343
4/24/2012 17:00,427.3148526
4/24/2012 18:00,400.3738559
4/24/2012 19:00,1.727243524
4/24/2012 20:00,14.53197327
4/24/2012 21:00,17.9872593
4/24/2012 22:00,-10.22639461
4/24/2012 23:00,-15.66350236
4/25/2012 0:00,-6.608932005
4/25/2012 1:00,-14.53882209
4/25/2012 2:00,-10.80478994
4/25/2012 3:00,-5.814465777
4/25/2012 4:00,-5.032599217
4/25/2012 5:00,-8.657100033
4/25/2012 6:00,61.54361861
4/25/2012 7:00,52.76051403
4/25/2012 8:00,62.19264981
4/25/2012 9:00,25.4354117
4/25/2012 10:00,101.0981529
4/25/2012 11:00,112.0142724
4/25/2012 12:00,158.1819849
4/25/2012 13:00,711.6054753
4/25/2012 14:00,817.3562338
4/25/2012 15:00,1729.783084
4/25/2012 16:00,342.4154708
4/25/2012 17:00,435.3128728
4/25/2012 18:00,357.9552034
4/25/2012 19:00,-3.437765738
4/25/2012 20:00,2.579688044
4/25/2012 21:00,11.2050188
4/25/2012 22:00,-8.187535018
4/25/2012 23:00,-14.59043499
4/26/2012 0:00,-8.208324279
4/26/2012 1:00,-6.814108057
4/26/2012 2:00,-11.61155389
4/26/2012 3:00,-7.230270363
4/26/2012 4:00,-5.212179885
4/26/2012 5:00,-12.79286823
4/26/2012 6:00,33.67020873
4/26/2012 7:00,27.26278399
4/26/2012 8:00,25.70138634
4/26/2012 9:00,50.74388967
4/26/2012 10:00,155.310779
4/26/2012 11:00,138.4153999
4/26/2012 12:00,119.9592751
4/26/2012 13:00,868.826663
4/26/2012 14:00,1254.557443
4/26/2012 15:00,1750.610342
4/26/2012 16:00,377.7450721
4/26/2012 17:00,392.1752132
4/26/2012 18:00,326.3747647
4/26/2012 19:00,1.383319806
4/26/2012 20:00,11.36372608
4/26/2012 21:00,18.05750511
4/26/2012 22:00,-16.4234512
4/26/2012 23:00,-12.03932215
4/27/2012 0:00,-19.72269818
4/27/2012 1:00,-7.096998077
4/27/2012 2:00,-8.556803691
4/27/2012 3:00,-16.70183518
4/27/2012 4:00,-13.85162196
4/27/2012 5:00,-15.20002993
4/27/2012 6:00,73.73232052
4/27/2012 7:00,24.77389267
4/27/2012 8:00,63.75689723
4/27/2012 9:00,71.19994856
4/27/2012 10:00,147.0030238
4/27/2012 11:00,154.2781248
4/27/2012 12:00,172.4276638
4/27/2012 13:00,881.4459919
4/27/2012 14:00,1629.769536
4/27/2012 15:00,2196.929833
4/27/2012 16:00,356.6716954
4/27/2012 17:00,365.9694402
4/27/2012 18:00,482.5524074
4/27/2012 19:00,7.243199646
4/27/2012 20:00,-0.380805144
4/27/2012 21:00,8.874903508
4/27/2012 22:00,-6.111206262
4/27/2012 23:00,-19.76107173
4/28/2012 0:00,-6.487537552
4/28/2012 1:00,-16.62018818
4/28/2012 2:00,-14.80660524
4/28/2012 3:00,-10.06590201
4/28/2012 4:00,-12.3487349
4/28/2012 5:00,-17.19690854
4/28/2012 6:00,36.9082537
4/28/2012 7:00,36.41516213
4/28/2012 8:00,32.54230358
4/28/2012 9:00,44.54889554
4/28/2012 10:00,128.6301736
4/28/2012 11:00,107.6733159
4/28/2012 12:00,118.1169494
4/28/2012 13:00,1438.190795
4/28/2012 14:00,1803.307327
4/28/2012 15:00,2090.700604
4/28/2012 16:00,352.4293701
4/28/2012 17:00,426.4183408
4/28/2012 18:00,307.350573
4/28/2012 19:00,6.281772126
4/28/2012 20:00,-4.478901743
4/28/2012 21:00,8.321481534
4/28/2012 22:00,-14.30647911
4/28/2012 23:00,-5.365509626
4/29/2012 0:00,-14.16907072
4/29/2012 1:00,-9.424808652
4/29/2012 2:00,-18.55881257
4/29/2012 3:00,-11.8557483
4/29/2012 4:00,-10.31606826
4/29/2012 5:00,-13.66593863
4/29/2012 6:00,65.04437311
4/29/2012 7:00,43.67518661
4/29/2012 8:00,26.7120632
4/29/2012 9:00,27.257939
4/29/2012 10:00,108.9363338
4/29/2012 11:00,102.662649
4/29/2012 12:00,128.6112782
4/29/2012 13:00,1516.542573
4/29/2012 14:00,1787.038087
4/29/2012 15:00,599.4744707
4/29/2012 16:00,469.0987304
4/29/2012 17:00,320.779636
4/29/2012 18:00,326.4785616
4/29/2012 19:00,15.82295662
4/29/2012 20:00,10.20466689
4/29/2012 21:00,13.68800067
4/29/2012 22:00,-12.57149403
4/29/2012 23:00,-9.274773313
4/30/2012 0:00,-15.91130588
4/30/2012 1:00,-17.10628908
4/30/2012 2:00,-13.09312992
4/30/2012 3:00,-12.58752489
4/30/2012 4:00,-14.83435805
4/30/2012 5:00,-10.7626592
4/30/2012 6:00,39.30639406
4/30/2012 7:00,78.47132238
4/30/2012 8:00,76.49841122
4/30/2012 9:00,60.22334297
4/30/2012 10:00,161.3189353
4/30/2012 11:00,135.6337159
4/30/2012 12:00,157.8454462
4/30/2012 13:00,786.8044521
4/30/2012 14:00,1349.156753
4/30/2012 15:00,1480.044829
4/30/2012 16:00,475.4725331
4/30/2012 17:00,383.2424725
4/30/2012 18:00,301.3286176
4/30/2012 19:00,13.32681587
4/30/2012 20:00,6.654424107
4/30/2012 21:00,17.98845829
4/30/2012 22:00,-17.3182479
4/30/2012 23:00,-8.519588318
5/1/2012 0:00,-14.75214012
5/1/2012 1:00,-13.91392701
5/1/2012 2:00,-7.252019312
5/1/2012 3:00,-9.82803365
5/1/2012 4:00,-7.770584775
5/1/2012 5:00,-7.879076436
5/1/2012 6:00,15.11592552
5/1/2012 7:00,75.27995763
5/1/2012 8:00,18.68899734
5/1/2012 9:00,53.85843446
5/1/2012 10:00,122.9825178
5/1/2012 11:00,110.8888738
5/1/2012 12:00,169.0280465
5/1/2012 13:00,814.596442
5/1/2012 14:00,2401.899174
5/1/2012 15:00,1822.536047
5/1/2012 16:00,311.0983556
5/1/2012 17:00,343.56697
5/1/2012 18:00,381.5479368
5/1/2012 19:00,8.81669436
5/1/2012 20:00,0.012310799
5/1/2012 21:00,-2.60009985
5/1/2012 22:00,-12.83490718
5/1/2012 23:00,-7.873334971
5/2/2012 0:00,-18.52666895
5/2/2012 1:00,-18.42993653
5/2/2012 2:00,-6.448896303
5/2/2012 3:00,-15.08552634
5/2/2012 4:00,-15.37243571
5/2/2012 5:00,-7.218039781
5/2/2012 6:00,77.58984014
5/2/2012 7:00,34.27522045
5/2/2012 8:00,38.0532249
5/2/2012 9:00,40.91492878
5/2/2012 10:00,145.0056046
5/2/2012 11:00,128.9047646
5/2/2012 12:00,177.7431427
5/2/2012 13:00,971.7993527
5/2/2012 14:00,663.6978966
5/2/2012 15:00,1582.777795
5/2/2012 16:00,363.664381
5/2/2012 17:00,384.6054189
5/2/2012 18:00,380.2424112
5/2/2012 19:00,8.622141716
5/2/2012 20:00,12.89469075
5/2/2012 21:00,18.15563067
5/2/2012 22:00,-11.39049263
5/2/2012 23:00,-8.140648683
5/3/2012 0:00,-9.383942173
5/3/2012 1:00,-14.81237704
5/3/2012 2:00,-17.30097364
5/3/2012 3:00,-7.272197242
5/3/2012 4:00,-9.530567247
5/3/2012 5:00,-6.24193964
5/3/2012 6:00,43.30190674
5/3/2012 7:00,10.14991063
5/3/2012 8:00,57.91818454
5/3/2012 9:00,64.6452473
5/3/2012 10:00,171.7234015
5/3/2012 11:00,106.5215029
5/3/2012 12:00,144.9622828
5/3/2012 13:00,1427.017531
5/3/2012 14:00,1468.197224
5/3/2012 15:00,475.8318128
5/3/2012 16:00,456.3840199
5/3/2012 17:00,304.2182979
5/3/2012 18:00,439.8960128
5/3/2012 19:00,19.1112252
5/3/2012 20:00,3.296974964
5/3/2012 21:00,9.801961667
5/3/2012 22:00,-10.04772749
5/3/2012 23:00,-16.71558743
5/4/2012 0:00,-8.297056801
5/4/2012 1:00,-18.24610576
5/4/2012 2:00,-5.671017169
5/4/2012 3:00,-19.09338684
5/4/2012 4:00,-13.36397876
5/4/2012 5:00,-14.67908991
5/4/2012 6:00,54.19454232
5/4/2012 7:00,78.20305904
5/4/2012 8:00,48.01743727
5/4/2012 9:00,72.13834061
5/4/2012 10:00,109.2825073
5/4/2012 11:00,115.5971542
5/4/2012 12:00,100.9648854
5/4/2012 13:00,445.6463904
5/4/2012 14:00,742.2205323
5/4/2012 15:00,1443.576352
5/4/2012 16:00,390.1946399
5/4/2012 17:00,459.0418398
5/4/2012 18:00,395.5151728
5/4/2012 19:00,12.26335182
5/4/2012 20:00,19.31667841
5/4/2012 21:00,3.332171505
5/4/2012 22:00,-6.069327549
5/4/2012 23:00,-7.546247152
5/5/2012 0:00,-11.78919968
5/5/2012 1:00,-12.48129876
5/5/2012 2:00,-10.55957731
5/5/2012 3:00,-5.431446427
5/5/2012 4:00,-18.60433723
5/5/2012 5:00,-11.33480233
5/5/2012 6:00,53.06262795
5/5/2012 7:00,75.40440251
5/5/2012 8:00,42.49722533
5/5/2012 9:00,75.77818694
5/5/2012 10:00,116.2551614
5/5/2012 11:00,179.9196731
5/5/2012 12:00,129.1917858
5/5/2012 13:00,480.5630735
5/5/2012 14:00,1949.009694
5/5/2012 15:00,1864.922271
5/5/2012 16:00,457.5509874
5/5/2012 17:00,335.8519888
5/5/2012 18:00,373.9312401
5/5/2012 19:00,0.292742134
5/5/2012 20:00,12.39257509
5/5/2012 21:00,12.23872563
5/5/2012 22:00,-19.87294719
5/5/2012 23:00,-18.18568917
5/6/2012 0:00,-12.83312543
5/6/2012 1:00,-8.022685146
5/6/2012 2:00,-15.82406775
5/6/2012 3:00,-7.875390797
5/6/2012 4:00,-6.784837093
5/6/2012 5:00,-14.69757056
5/6/2012 6:00,47.68387209
5/6/2012 7:00,23.87394895
5/6/2012 8:00,15.06788916
5/6/2012 9:00,35.99099539
5/6/2012 10:00,126.3887648
5/6/2012 11:00,169.6800411
5/6/2012 12:00,152.4163284
5/6/2012 13:00,1565.805839
5/6/2012 14:00,2170.019435
5/6/2012 15:00,1337.378447
5/6/2012 16:00,408.7657714
5/6/2012 17:00,423.6834387
5/6/2012 18:00,428.09427
5/6/2012 19:00,7.282312847
5/6/2012 20:00,-4.241307796
5/6/2012 21:00,1.403491991
5/6/2012 22:00,-7.813799172
5/6/2012 23:00,-16.06402103
5/7/2012 0:00,-18.9351703
5/7/2012 1:00,-11.63259004
5/7/2012 2:00,-10.27797864
5/7/2012 3:00,-6.777633181
5/7/2012 4:00,-17.85421679
5/7/2012 5:00,-11.0999559
5/7/2012 6:00,23.46241385
5/7/2012 7:00,61.73136518
5/7/2012 8:00,41.07914533
5/7/2012 9:00,42.42701258
5/7/2012 10:00,124.7095284
5/7/2012 11:00,116.5319452
5/7/2012 12:00,152.4536491
5/7/2012 13:00,577.8043711
5/7/2012 14:00,1290.947407
5/7/2012 15:00,253.2365956
5/7/2012 16:00,412.9007873
5/7/2012 17:00,438.1261364
5/7/2012 18:00,388.3953466
5/7/2012 19:00,1.702824949
5/7/2012 20:00,14.1764995
5/7/2012 21:00,-2.126903802
5/7/2012 22:00,-15.57347175
5/7/2012 23:00,-12.48925974
5/8/2012 0:00,-6.089465796
5/8/2012 1:00,-13.14794983
5/8/2012 2:00,-5.792820521
5/8/2012 3:00,-6.444871349
5/8/2012 4:00,-7.91611721
5/8/2012 5:00,-6.693263895
5/8/2012 6:00,68.22439525
5/8/2012 7:00,29.57749192
5/8/2012 8:00,28.67035365
5/8/2012 9:00,25.27882472
5/8/2012 10:00,114.5725805
5/8/2012 11:00,107.1963971
5/8/2012 12:00,176.6314341
5/8/2012 13:00,1720.627252
5/8/2012 14:00,421.65217
5/8/2012 15:00,1645.22564
5/8/2012 16:00,357.5641638
5/8/2012 17:00,350.9301285
5/8/2012 18:00,427.4283664
5/8/2012 19:00,14.96728261
5/8/2012 20:00,8.948665844
5/8/2012 21:00,5.596665416
5/8/2012 22:00,-17.4829915
5/8/2012 23:00,-10.037698
5/9/2012 0:00,-8.506897083
5/9/2012 1:00,-10.15794971
5/9/2012 2:00,-9.546786877
5/9/2012 3:00,-15.79192114
5/9/2012 4:00,-12.79102364
5/9/2012 5:00,-16.66577404
5/9/2012 6:00,19.89485741
5/9/2012 7:00,47.1391513
5/9/2012 8:00,32.02547364
5/9/2012 9:00,70.37050089
5/9/2012 10:00,130.294537
5/9/2012 11:00,124.121844
5/9/2012 12:00,142.6936235
5/9/2012 13:00,2336.257611
5/9/2012 14:00,1906.706424
5/9/2012 15:00,1321.444095
5/9/2012 16:00,411.5222349
5/9/2012 17:00,385.0961612
5/9/2012 18:00,360.5996041
5/9/2012 19:00,13.05584073
5/9/2012 20:00,2.957366097
5/9/2012 21:00,8.667876143
5/9/2012 22:00,-13.80969971
5/9/2012 23:00,-10.18854228
5/10/2012 0:00,-13.33495129
5/10/2012 1:00,-7.527507302
5/10/2012 2:00,-15.3448587
5/10/2012 3:00,-19.27540692
5/10/2012 4:00,-7.859604174
5/10/2012 5:00,-11.99864084
5/10/2012 6:00,29.66052503
5/10/2012 7:00,79.71135737
5/10/2012 8:00,38.24277901
5/10/2012 9:00,58.17753038
5/10/2012 10:00,161.0503076
5/10/2012 11:00,165.3537317
5/10/2012 12:00,144.7596671
5/10/2012 13:00,853.0224732
5/10/2012 14:00,1152.926544
5/10/2012 15:00,1510.605174
5/10/2012 16:00,379.9695243
5/10/2012 17:00,317.4333808
5/10/2012 18:00,449.7986022
5/10/2012 19:00,17.05470905
5/10/2012 20:00,5.646863782
5/10/2012 21:00,16.20117398
5/10/2012 22:00,-8.350227413
5/10/2012 23:00,-7.11653722
5/11/2012 0:00,-17.72267692
5/11/2012 1:00,-15.98868615
5/11/2012 2:00,-15.45365044
5/11/2012 3:00,-9.03141275
5/11/2012 4:00,-18.25493646
5/11/2012 5:00,-18.00252282
5/11/2012 6:00,21.51825628
5/11/2012 7:00,55.46579865
5/11/2012 8:00,51.24678977
5/11/2012 9:00,75.50366749
5/11/2012 10:00,158.7434405
5/11/2012 11:00,114.4787394
5/11/2012 12:00,115.0800009
5/11/2012 13:00,347.9513829
5/11/2012 14:00,475.9311591
5/11/2012 15:00,2475.550263
5/11/2012 16:00,433.7646648
5/11/2012 17:00,465.3550955
5/11/2012 18:00,454.2311918
5/11/2012 19:00,-1.035793
5/11/2012 20:00,19.78144957
5/11/2012 21:00,-2.683967941
5/11/2012 22:00,-6.918514922
5/11/2012 23:00,-15.24284005
5/12/2012 0:00,-15.32338959
5/12/2012 1:00,-15.80167229
5/12/2012 2:00,-10.92932172
5/12/2012 3:00,-17.60302663
5/12/2012 4:00,-12.02060194
5/12/2012 5:00,-7.903081145
5/12/2012 6:00,56.97529161
5/12/2012 7:00,62.5984713
5/12/2012 8:00,78.06504921
5/12/2012 9:00,53.05308591
5/12/2012 10:00,145.4970675
5/12/2012 11:00,171.458973
5/12/2012 12:00,142.0258647
5/12/2012 13:00,1840.91425
5/12/2012 14:00,2410.588911
5/12/2012 15:00,186.0812887
5/12/2012 16:00,334.7747269
5/12/2012 17:00,464.7577255
5/12/2012 18:00,365.2404903
5/12/2012 19:00,16.62728697
5/12/2012 20:00,-0.853054605
5/12/2012 21:00,0.574437962
5/12/2012 22:00,-5.513258147
5/12/2012 23:00,-15.72449394
5/13/2012 0:00,-6.048732777
5/13/2012 1:00,-14.92727835
5/13/2012 2:00,-15.43168951
5/13/2012 3:00,-11.70746897
5/13/2012 4:00,-18.54481931
5/13/2012 5:00,-18.98410408
5/13/2012 6:00,12.36528445
5/13/2012 7:00,34.19346566
5/13/2012 8:00,72.92945634
5/13/2012 9:00,12.74744672
5/13/2012 10:00,173.817196
5/13/2012 11:00,125.0779092
5/13/2012 12:00,166.3913527
5/13/2012 13:00,2390.593408
5/13/2012 14:00,2427.703614
5/13/2012 15:00,300.802091
5/13/2012 16:00,368.1470689
5/13/2012 17:00,390.9349972
5/13/2012 18:00,433.8242401
5/13/2012 19:00,6.754109537
5/13/2012 20:00,6.064014606
5/13/2012 21:00,7.549483093
5/13/2012 22:00,-18.77217347
5/13/2012 23:00,-7.038490622
5/14/2012 0:00,-8.882802468
5/14/2012 1:00,-14.62047459
5/14/2012 2:00,-18.58350101
5/14/2012 3:00,-8.272813199
5/14/2012 4:00,-10.64740769
5/14/2012 5:00,-12.59376318
5/14/2012 6:00,57.41368445
5/14/2012 7:00,77.183835
5/14/2012 8:00,60.59573116
5/14/2012 9:00,40.22386483
5/14/2012 10:00,171.0150967
5/14/2012 11:00,178.4560195
5/14/2012 12:00,136.9535862
5/14/2012 13:00,1251.259058
5/14/2012 14:00,1745.250005
5/14/2012 15:00,2354.349295
5/14/2012 16:00,327.2659958
5/14/2012 17:00,442.5472972
5/14/2012 18:00,374.6116165
5/14/2012 19:00,5.09980595
5/14/2012 20:00,11.43518921
5/14/2012 21:00,12.67924523
5/14/2012 22:00,-19.87231928
5/14/2012 23:00,-12.07888527
5/15/2012 0:00,-7.12777406
5/15/2012 1:00,-13.8090012
5/15/2012 2:00,-18.13619649
5/15/2012 3:00,-17.8680835
5/15/2012 4:00,-8.890758673
5/15/2012 5:00,-10.96460851
5/15/2012 6:00,22.48223421
5/15/2012 7:00,58.85140402
5/15/2012 8:00,14.93430007
5/15/2012 9:00,77.86236629
5/15/2012 10:00,152.2996594
5/15/2012 11:00,116.0474363
5/15/2012 12:00,116.0345206
5/15/2012 13:00,446.3573418
5/15/2012 14:00,1849.67752
5/15/2012 15:00,700.3473118
5/15/2012 16:00,440.6076325
5/15/2012 17:00,380.0458558
5/15/2012 18:00,416.9206041
5/15/2012 19:00,8.340569444
5/15/2012 20:00,11.26089619
5/15/2012 21:00,-3.06380001
5/15/2012 22:00,-13.83347279
5/15/2012 23:00,-17.8801319
5/16/2012 0:00,-8.084774313
5/16/2012 1:00,-16.94796509
5/16/2012 2:00,-8.197730182
5/16/2012 3:00,-14.12567036
5/16/2012 4:00,-10.89128516
5/16/2012 5:00,-14.36271207
5/16/2012 6:00,30.23061103
5/16/2012 7:00,31.89566932
5/16/2012 8:00,36.40551843
5/16/2012 9:00,78.75638496
5/16/2012 10:00,143.4884649
5/16/2012 11:00,131.9152399
5/16/2012 12:00,103.4841949
5/16/2012 13:00,2101.608097
5/16/2012 14:00,1530.438998
5/16/2012 15:00,2092.537184
5/16/2012 16:00,453.603678
5/16/2012 17:00,440.6428295
5/16/2012 18:00,441.8156878
5/16/2012 19:00,1.347116309
5/16/2012 20:00,5.506695031
5/16/2012 21:00,9.035103381
5/16/2012 22:00,-9.073013032
5/16/2012 23:00,-18.66860914
5/17/2012 0:00,-17.71374745
5/17/2012 1:00,-18.43351978
5/17/2012 2:00,-15.96040301
5/17/2012 3:00,-7.523667079
5/17/2012 4:00,-7.498145401
5/17/2012 5:00,-13.14870432
5/17/2012 6:00,36.6858378
5/17/2012 7:00,18.20743921
5/17/2012 8:00,15.10170404
5/17/2012 9:00,70.83156848
5/17/2012 10:00,176.1685329
5/17/2012 11:00,125.9265809
5/17/2012 12:00,137.8471328
5/17/2012 13:00,1835.449836
5/17/2012 14:00,1212.141788
5/17/2012 15:00,1659.229988
5/17/2012 16:00,362.479435
5/17/2012 17:00,423.6106662
5/17/2012 18:00,405.1758681
5/17/2012 19:00,7.861044835
5/17/2012 20:00,4.774557673
5/17/2012 21:00,3.428962691
5/17/2012 22:00,-11.19915795
5/17/2012 23:00,-7.836475838
5/18/2012 0:00,-5.667347118
5/18/2012 1:00,-11.80391948
5/18/2012 2:00,-19.95002985
5/18/2012 3:00,-8.166654647
5/18/2012 4:00,-19.9739057
5/18/2012 5:00,-15.18283632
5/18/2012 6:00,75.64642451
5/18/2012 7:00,36.31460929
5/18/2012 8:00,77.44899745
5/18/2012 9:00,65.08569004
5/18/2012 10:00,146.0768619
5/18/2012 11:00,158.7691166
5/18/2012 12:00,143.2554273
5/18/2012 13:00,905.9758845
5/18/2012 14:00,1123.965666
5/18/2012 15:00,1356.296381
5/18/2012 16:00,423.015632
5/18/2012 17:00,441.0774867
5/18/2012 18:00,420.4877369
5/18/2012 19:00,13.05736958
5/18/2012 20:00,1.354800263
5/18/2012 21:00,19.26400883
5/18/2012 22:00,-14.23879816
5/18/2012 23:00,-19.86428965
5/19/2012 0:00,-12.42315785
5/19/2012 1:00,-11.99973683
5/19/2012 2:00,-16.60623259
5/19/2012 3:00,-15.11091102
5/19/2012 4:00,-14.03673795
5/19/2012 5:00,-15.75607136
5/19/2012 6:00,38.09941447
5/19/2012 7:00,65.86246488
5/19/2012 8:00,76.3940049
5/19/2012 9:00,34.43977435
5/19/2012 10:00,179.1955198
5/19/2012 11:00,124.6855472
5/19/2012 12:00,149.4140515
5/19/2012 13:00,1266.913728
5/19/2012 14:00,1225.954649
5/19/2012 15:00,1074.824465
5/19/2012 16:00,360.7886027
5/19/2012 17:00,340.8910193
5/19/2012 18:00,479.3502318
5/19/2012 19:00,14.94822643
5/19/2012 20:00,8.882766106
5/19/2012 21:00,12.530135
5/19/2012 22:00,-14.12350566
5/19/2012 23:00,-19.99373394
5/20/2012 0:00,-11.10516197
5/20/2012 1:00,-10.32005525
5/20/2012 2:00,-7.814460284
5/20/2012 3:00,-8.857667092
5/20/2012 4:00,-9.326998877
5/20/2012 5:00,-11.89627702
5/20/2012 6:00,52.88594583
5/20/2012 7:00,36.09202845
5/20/2012 8:00,72.23964981
5/20/2012 9:00,15.82532994
5/20/2012 10:00,108.7050185
5/20/2012 11:00,117.4145021
5/20/2012 12:00,153.400338
5/20/2012 13:00,207.8661186
5/20/2012 14:00,1688.840448
5/20/2012 15:00,1160.924966
5/20/2012 16:00,458.043556
5/20/2012 17:00,403.4598938
5/20/2012 18:00,319.3697054
5/20/2012 19:00,15.88425786
5/20/2012 20:00,5.348678018
5/20/2012 21:00,10.9469308
5/20/2012 22:00,-9.225372051
5/20/2012 23:00,-16.78570432
5/21/2012 0:00,-14.88260294
5/21/2012 1:00,-19.59880957
5/21/2012 2:00,-13.90199578
5/21/2012 3:00,-8.134531876
5/21/2012 4:00,-9.118321751
5/21/2012 5:00,-16.54688694
5/21/2012 6:00,27.56687265
5/21/2012 7:00,15.90511311
5/21/2012 8:00,77.10381439
5/21/2012 9:00,27.86828433
5/21/2012 10:00,142.9576774
5/21/2012 11:00,118.2515241
5/21/2012 12:00,166.940566
5/21/2012 13:00,1526.219522
5/21/2012 14:00,606.637923
5/21/2012 15:00,1913.577496
5/21/2012 16:00,499.2693013
5/21/2012 17:00,342.3648567
5/21/2012 18:00,404.0825184
5/21/2012 19:00,11.20763478
5/21/2012 20:00,-1.840004913
5/21/2012 21:00,-1.348335275
5/21/2012 22:00,-10.75841033
5/21/2012 23:00,-12.37353474
5/22/2012 0:00,-16.79563503
5/22/2012 1:00,-16.98445842
5/22/2012 2:00,-18.29307205
5/22/2012 3:00,-8.706640519
5/22/2012 4:00,-6.255509292
5/22/2012 5:00,-14.96977615
5/22/2012 6:00,72.77039239
5/22/2012 7:00,61.59091856
5/22/2012 8:00,22.94604829
5/22/2012 9:00,13.79731269
5/22/2012 10:00,104.7594289
5/22/2012 11:00,123.7519278
5/22/2012 12:00,149.0746707
5/22/2012 13:00,1973.260977
5/22/2012 14:00,1631.544488
5/22/2012 15:00,2343.708567
5/22/2012 16:00,426.9057605
5/22/2012 17:00,391.6206924
5/22/2012 18:00,393.7718462
5/22/2012 19:00,7.430354557
5/22/2012 20:00,-4.029305073
5/22/2012 21:00,5.831039122
5/22/2012 22:00,-17.71274067
5/22/2012 23:00,-12.46533484
5/23/2012 0:00,-18.21971758
5/23/2012 1:00,-7.627631181
5/23/2012 2:00,-14.17072783
5/23/2012 3:00,-9.931348566
5/23/2012 4:00,-14.85876881
5/23/2012 5:00,-15.56557234
5/23/2012 6:00,49.75824157
5/23/2012 7:00,32.42338153
5/23/2012 8:00,35.06665867
5/23/2012 9:00,47.08976285
5/23/2012 10:00,140.516018
5/23/2012 11:00,139.1330141
5/23/2012 12:00,107.3370656
5/23/2012 13:00,1056.689744
5/23/2012 14:00,1994.688171
5/23/2012 15:00,1858.981752
5/23/2012 16:00,374.7704623
5/23/2012 17:00,323.8442041
5/23/2012 18:00,467.8141068
5/23/2012 19:00,-2.217305552
5/23/2012 20:00,17.04412289
5/23/2012 21:00,9.999725032
5/23/2012 22:00,-14.65400649
5/23/2012 23:00,-8.430870047
5/24/2012 0:00,-10.06070971
5/24/2012 1:00,-8.007915463
5/24/2012 2:00,-6.103779579
5/24/2012 3:00,-6.268321164
5/24/2012 4:00,-8.359133041
5/24/2012 5:00,-5.961112617
5/24/2012 6:00,12.31412843
5/24/2012 7:00,54.32851344
5/24/2012 8:00,10.93467305
5/24/2012 9:00,77.66914517
5/24/2012 10:00,119.6840389
5/24/2012 11:00,132.4348032
5/24/2012 12:00,148.8884329
5/24/2012 13:00,252.51345
5/24/2012 14:00,1735.315846
5/24/2012 15:00,1393.361815
5/24/2012 16:00,319.7084075
5/24/2012 17:00,425.6106477
5/24/2012 18:00,334.0346303
5/24/2012 19:00,4.305761641
5/24/2012 20:00,9.802363244
5/24/2012 21:00,0.805074419
5/24/2012 22:00,-9.622050134
5/24/2012 23:00,-18.50813982
5/25/2012 0:00,-10.85503127
5/25/2012 1:00,-5.786697285
5/25/2012 2:00,-6.560993451
5/25/2012 3:00,-5.714342182
5/25/2012 4:00,-8.721129885
5/25/2012 5:00,-12.42992373
5/25/2012 6:00,20.09598243
5/25/2012 7:00,32.84563751
5/25/2012 8:00,52.09128475
5/25/2012 9:00,13.18972949
5/25/2012 10:00,122.473772
5/25/2012 11:00,177.5705268
5/25/2012 12:00,107.9655982
5/25/2012 13:00,776.3324203
5/25/2012 14:00,1023.300783
5/25/2012 15:00,1928.530003
5/25/2012 16:00,317.0886248
5/25/2012 17:00,335.7247416
5/25/2012 18:00,318.4358279
5/25/2012 19:00,3.570965531
5/25/2012 20:00,1.444516695
5/25/2012 21:00,4.140099846
5/25/2012 22:00,-10.62427607
5/25/2012 23:00,-6.357066031
5/26/2012 0:00,-12.08458334
5/26/2012 1:00,-6.714292717
5/26/2012 2:00,-12.94871494
5/26/2012 3:00,-16.24638745
5/26/2012 4:00,-5.513655725
5/26/2012 5:00,-6.784583986
5/26/2012 6:00,41.77287806
5/26/2012 7:00,46.32730947
5/26/2012 8:00,16.80177837
5/26/2012 9:00,66.79791721
5/26/2012 10:00,120.4747801
5/26/2012 11:00,149.1974118
5/26/2012 12:00,151.8247185
5/26/2012 13:00,263.1544634
5/26/2012 14:00,398.2703555
5/26/2012 15:00,426.3209688
5/26/2012 16:00,382.2125343
5/26/2012 17:00,406.0702513
5/26/2012 18:00,319.4771077
5/26/2012 19:00,12.23020355
5/26/2012 20:00,7.073026852
5/26/2012 21:00,-2.469476927
5/26/2012 22:00,-6.679886721
5/26/2012 23:00,-14.47712901
5/27/2012 0:00,-8.41630286
5/27/2012 1:00,-5.542073994
5/27/2012 2:00,-18.53088118
5/27/2012 3:00,-10.58489665
5/27/2012 4:00,-13.58234112
5/27/2012 5:00,-11.30035384
5/27/2012 6:00,39.88072708
5/27/2012 7:00,14.04178389
5/27/2012 8:00,63.8641646
5/27/2012 9:00,75.22318385
5/27/2012 10:00,100.6705262
5/27/2012 11:00,162.6462275
5/27/2012 12:00,170.1041607
5/27/2012 13:00,1132.051334
5/27/2012 14:00,1296.871212
5/27/2012 15:00,638.0258067
5/27/2012 16:00,451.8652619
5/27/2012 17:00,336.7449517
5/27/2012 18:00,326.9401475
5/27/2012 19:00,-2.865908668
5/27/2012 20:00,14.25883158
5/27/2012 21:00,15.58053361
5/27/2012 22:00,-19.18926629
5/27/2012 23:00,-10.89686852
5/28/2012 0:00,-15.54481054
5/28/2012 1:00,-12.32830737
5/28/2012 2:00,-16.06132396
5/28/2012 3:00,-6.367754844
5/28/2012 4:00,-16.29243496
5/28/2012 5:00,-18.40143908
5/28/2012 6:00,69.69159157
5/28/2012 7:00,21.59890463
5/28/2012 8:00,22.10420649
5/28/2012 9:00,39.04507178
5/28/2012 10:00,147.3683164
5/28/2012 11:00,122.6597903
5/28/2012 12:00,125.9230822
5/28/2012 13:00,2229.281958
5/28/2012 14:00,1000.188807
5/28/2012 15:00,2233.22963
5/28/2012 16:00,373.2492773
5/28/2012 17:00,378.0576512
5/28/2012 18:00,456.3311102
5/28/2012 19:00,6.722308599
5/28/2012 20:00,-4.135306896
5/28/2012 21:00,13.81559326
5/28/2012 22:00,-5.998513917
5/28/2012 23:00,-7.099236388
5/29/2012 0:00,-7.926525485
5/29/2012 1:00,-13.81310438
5/29/2012 2:00,-14.98237221
5/29/2012 3:00,-8.738256946
5/29/2012 4:00,-11.72560044
5/29/2012 5:00,-18.62610264
5/29/2012 6:00,42.17845901
5/29/2012 7:00,44.82451445
5/29/2012 8:00,13.31530065
5/29/2012 9:00,42.67841631
5/29/2012 10:00,164.9321628
5/29/2012 11:00,147.5490736
5/29/2012 12:00,130.4724713
5/29/2012 13:00,1937.697801
5/29/2012 14:00,2271.190081
5/29/2012 15:00,1932.935849
5/29/2012 16:00,317.1945853
5/29/2012 17:00,395.7264355
5/29/2012 18:00,440.0581522
5/29/2012 19:00,17.74979594
5/29/2012 20:00,17.39483843
5/29/2012 21:00,-3.033522492
5/29/2012 22:00,-12.4583042
5/29/2012 23:00,-12.67527793
5/30/2012 0:00,-5.087882067
5/30/2012 1:00,-12.53365746
5/30/2012 2:00,-7.702054304
5/30/2012 3:00,-16.15825784
5/30/2012 4:00,-6.723309045
5/30/2012 5:00,-6.559663977
5/30/2012 6:00,56.65909203
5/30/2012 7:00,64.97107014
5/30/2012 8:00,44.25679701
5/30/2012 9:00,44.01428014
5/30/2012 10:00,175.6072744
5/30/2012 11:00,105.9021802
5/30/2012 12:00,125.326271
5/30/2012 13:00,342.7000794
5/30/2012 14:00,2350.147224
5/30/2012 15:00,1439.736472
5/30/2012 16:00,470.3813351
5/30/2012 17:00,336.818197
5/30/2012 18:00,471.33094
5/30/2012 19:00,-0.718836497
5/30/2012 20:00,0.549224365
5/30/2012 21:00,8.292173441
5/30/2012 22:00,-15.76635941
5/30/2012 23:00,-18.42092734
5/31/2012 0:00,-11.10209802
5/31/2012 1:00,-16.68693116
5/31/2012 2:00,-17.57597046
5/31/2012 3:00,-14.54214863
5/31/2012 4:00,-18.35369554
5/31/2012 5:00,-8.931794148
5/31/2012 6:00,69.02236177
5/31/2012 7:00,33.45570825
5/31/2012 8:00,21.69107701
5/31/2012 9:00,51.78919811
5/31/2012 10:00,144.9029069
5/31/2012 11:00,150.4155153
5/31/2012 12:00,151.58438
5/31/2012 13:00,1235.566171
5/31/2012 14:00,1967.450396
5/31/2012 15:00,808.841983
5/31/2012 16:00,311.7539786
5/31/2012 17:00,495.6004801
5/31/2012 18:00,374.5121345
5/31/2012 19:00,-2.011387147
5/31/2012 20:00,17.5476142
5/31/2012 21:00,18.6967819
5/31/2012 22:00,-16.26137952
5/31/2012 23:00,-11.16510574
