Date,TEMP
6/1/2012 0:00,19.59004357
6/1/2012 1:00,21.96772961
6/1/2012 2:00,19.52577181
6/1/2012 3:00,24.75453115
6/1/2012 4:00,22.99107764
6/1/2012 5:00,22.20506252
6/1/2012 6:00,25.47415051
6/1/2012 7:00,29.62223175
6/1/2012 8:00,28.33994741
6/1/2012 9:00,27.38251292
6/1/2012 10:00,33.21007615
6/1/2012 11:00,35.07527077
6/1/2012 12:00,34.25261421
6/1/2012 13:00,38.33409658
6/1/2012 14:00,40.06096637
6/1/2012 15:00,38.94424339
6/1/2012 16:00,31.46141345
6/1/2012 17:00,32.22566164
6/1/2012 18:00,34.49886982
6/1/2012 19:00,25.36553356
6/1/2012 20:00,29.78499918
6/1/2012 21:00,33.1850497
6/1/2012 22:00,24.37244072
6/1/2012 23:00,24.83203314
6/2/2012 0:00,21.69062311
6/2/2012 1:00,25.08004497
6/2/2012 2:00,22.80772007
6/2/2012 3:00,20.4688126
6/2/2012 4:00,21.54367928
6/2/2012 5:00,23.48039626
6/2/2012 6:00,27.87792305
6/2/2012 7:00,25.08428834
6/2/2012 8:00,30.24969908
6/2/2012 9:00,28.40327752
6/2/2012 10:00,35.73168557
6/2/2012 11:00,30.52151123
6/2/2012 12:00,37.62862176
6/2/2012 13:00,40.10561608
6/2/2012 14:00,38.73579949
6/2/2012 15:00,35.75836915
6/2/2012 16:00,32.88788794
6/2/2012 17:00,33.71797062
6/2/2012 18:00,34.89077101
6/2/2012 19:00,30.4317653
6/2/2012 20:00,25.19068958
6/2/2012 21:00,29.50498375
6/2/2012 22:00,23.07434064
6/2/2012 23:00,25.33864239
6/3/2012 0:00,20.55821973
6/3/2012 1:00,20.39772296
6/3/2012 2:00,19.86833328
6/3/2012 3:00,25.03302729
6/3/2012 4:00,25.17064187
6/3/2012 5:00,22.91873909
6/3/2012 6:00,30.00682208
6/3/2012 7:00,26.09039547
6/3/2012 8:00,29.40102253
6/3/2012 9:00,27.77816041
6/3/2012 10:00,37.41210292
6/3/2012 11:00,30.48222811
6/3/2012 12:00,34.38206585
6/3/2012 13:00,38.03638205
6/3/2012 14:00,40.54918678
6/3/2012 15:00,40.7894017
6/3/2012 16:00,32.95320295
6/3/2012 17:00,30.36794072
6/3/2012 18:00,31.50083765
6/3/2012 19:00,34.78744453
6/3/2012 20:00,24.29545952
6/3/2012 21:00,27.62798562
6/3/2012 22:00,20.56542164
6/3/2012 23:00,26.12933587
6/4/2012 0:00,20.9779935
6/4/2012 1:00,23.72229397
6/4/2012 2:00,19.56980496
6/4/2012 3:00,23.3279761
6/4/2012 4:00,21.80338944
6/4/2012 5:00,21.5335024
6/4/2012 6:00,28.83356173
6/4/2012 7:00,26.5642297
6/4/2012 8:00,29.18343617
6/4/2012 9:00,30.94282383
6/4/2012 10:00,31.29757573
6/4/2012 11:00,34.65759838
6/4/2012 12:00,36.04286705
6/4/2012 13:00,36.76328404
6/4/2012 14:00,38.9087818
6/4/2012 15:00,40.40853596
6/4/2012 16:00,32.76179287
6/4/2012 17:00,32.31241319
6/4/2012 18:00,34.55401114
6/4/2012 19:00,33.23292754
6/4/2012 20:00,32.25895638
6/4/2012 21:00,31.59595014
6/4/2012 22:00,23.15333916
6/4/2012 23:00,24.62832693
6/5/2012 0:00,23.5420907
6/5/2012 1:00,24.77370205
6/5/2012 2:00,21.11613893
6/5/2012 3:00,24.11741317
6/5/2012 4:00,21.97964225
6/5/2012 5:00,19.75573301
6/5/2012 6:00,25.00607258
6/5/2012 7:00,30.25572691
6/5/2012 8:00,29.46386845
6/5/2012 9:00,25.87210241
6/5/2012 10:00,31.04352214
6/5/2012 11:00,37.58466249
6/5/2012 12:00,35.45859372
6/5/2012 13:00,36.91035035
6/5/2012 14:00,40.37381853
6/5/2012 15:00,37.70156569
6/5/2012 16:00,33.16203804
6/5/2012 17:00,31.85704483
6/5/2012 18:00,31.9625235
6/5/2012 19:00,28.93268993
6/5/2012 20:00,31.72956718
6/5/2012 21:00,30.86428652
6/5/2012 22:00,23.35219575
6/5/2012 23:00,19.73160503
6/6/2012 0:00,23.71471044
6/6/2012 1:00,19.0483898
6/6/2012 2:00,22.65971486
6/6/2012 3:00,21.29596131
6/6/2012 4:00,21.92861778
6/6/2012 5:00,24.84754356
6/6/2012 6:00,28.4451069
6/6/2012 7:00,28.84680402
6/6/2012 8:00,29.38583921
6/6/2012 9:00,29.8616722
6/6/2012 10:00,31.70667002
6/6/2012 11:00,34.96815452
6/6/2012 12:00,32.32585203
6/6/2012 13:00,37.68059169
6/6/2012 14:00,35.74439316
6/6/2012 15:00,35.96009248
6/6/2012 16:00,33.27255966
6/6/2012 17:00,33.03615872
6/6/2012 18:00,30.56164855
6/6/2012 19:00,33.606046
6/6/2012 20:00,30.03513852
6/6/2012 21:00,32.76423969
6/6/2012 22:00,22.54874036
6/6/2012 23:00,20.8539147
6/7/2012 0:00,20.36238079
6/7/2012 1:00,22.59116883
6/7/2012 2:00,21.86112212
6/7/2012 3:00,25.45115086
6/7/2012 4:00,20.68867018
6/7/2012 5:00,20.08005283
6/7/2012 6:00,27.19707653
6/7/2012 7:00,28.28886872
6/7/2012 8:00,26.32018015
6/7/2012 9:00,27.79277903
6/7/2012 10:00,35.68673828
6/7/2012 11:00,38.62606929
6/7/2012 12:00,36.95254441
6/7/2012 13:00,37.92034941
6/7/2012 14:00,40.4957191
6/7/2012 15:00,40.18677826
6/7/2012 16:00,31.12692388
6/7/2012 17:00,30.47241069
6/7/2012 18:00,31.6896853
6/7/2012 19:00,34.5612775
6/7/2012 20:00,30.27769178
6/7/2012 21:00,30.50717267
6/7/2012 22:00,24.05680682
6/7/2012 23:00,23.28102642
6/8/2012 0:00,23.76881214
6/8/2012 1:00,19.10294712
6/8/2012 2:00,19.96446733
6/8/2012 3:00,21.81391375
6/8/2012 4:00,19.30398747
6/8/2012 5:00,24.07564944
6/8/2012 6:00,25.37205474
6/8/2012 7:00,27.14139183
6/8/2012 8:00,30.40245577
6/8/2012 9:00,28.07191683
6/8/2012 10:00,38.21032454
6/8/2012 11:00,33.13335952
6/8/2012 12:00,32.26589863
6/8/2012 13:00,38.6701541
6/8/2012 14:00,39.04576187
6/8/2012 15:00,35.38547291
6/8/2012 16:00,31.91583243
6/8/2012 17:00,32.55609743
6/8/2012 18:00,32.47547946
6/8/2012 19:00,27.91652428
6/8/2012 20:00,32.62976285
6/8/2012 21:00,24.19534393
6/8/2012 22:00,22.38097606
6/8/2012 23:00,21.98871071
6/9/2012 0:00,20.26142645
6/9/2012 1:00,20.90334259
6/9/2012 2:00,22.95653172
6/9/2012 3:00,21.35591246
6/9/2012 4:00,25.67090192
6/9/2012 5:00,21.62491746
6/9/2012 6:00,30.02739796
6/9/2012 7:00,28.22704405
6/9/2012 8:00,30.81414516
6/9/2012 9:00,26.85245296
6/9/2012 10:00,35.33483019
6/9/2012 11:00,37.08863398
6/9/2012 12:00,35.07056267
6/9/2012 13:00,38.28134851
6/9/2012 14:00,36.98040022
6/9/2012 15:00,36.35120786
6/9/2012 16:00,33.52277199
6/9/2012 17:00,34.66375326
6/9/2012 18:00,33.27177797
6/9/2012 19:00,33.82720842
6/9/2012 20:00,32.56498384
6/9/2012 21:00,33.35800243
6/9/2012 22:00,23.52980505
6/9/2012 23:00,20.50462695
6/10/2012 0:00,25.49274382
6/10/2012 1:00,24.3392333
6/10/2012 2:00,22.20547226
6/10/2012 3:00,23.54961525
6/10/2012 4:00,25.02004594
6/10/2012 5:00,19.10755378
6/10/2012 6:00,27.47786727
6/10/2012 7:00,29.64370444
6/10/2012 8:00,30.43720181
6/10/2012 9:00,26.83793349
6/10/2012 10:00,32.93531711
6/10/2012 11:00,37.8477688
6/10/2012 12:00,38.47519273
6/10/2012 13:00,35.82998814
6/10/2012 14:00,36.56967828
6/10/2012 15:00,35.7383736
6/10/2012 16:00,30.22359431
6/10/2012 17:00,34.441123
6/10/2012 18:00,30.98107596
6/10/2012 19:00,31.32424052
6/10/2012 20:00,24.26830034
6/10/2012 21:00,29.3603532
6/10/2012 22:00,22.38076044
6/10/2012 23:00,20.79310852
6/11/2012 0:00,23.23834358
6/11/2012 1:00,22.33219727
6/11/2012 2:00,21.87978623
6/11/2012 3:00,26.42227144
6/11/2012 4:00,23.94632282
6/11/2012 5:00,26.05423658
6/11/2012 6:00,26.83105217
6/11/2012 7:00,27.74166946
6/11/2012 8:00,30.57311868
6/11/2012 9:00,29.28417571
6/11/2012 10:00,37.57942631
6/11/2012 11:00,39.68563037
6/11/2012 12:00,32.86267787
6/11/2012 13:00,39.22945415
6/11/2012 14:00,39.82041029
6/11/2012 15:00,36.22037496
6/11/2012 16:00,32.03882185
6/11/2012 17:00,31.86203698
6/11/2012 18:00,32.55839109
6/11/2012 19:00,30.22363032
6/11/2012 20:00,27.37264656
6/11/2012 21:00,24.22042824
6/11/2012 22:00,24.00032559
6/11/2012 23:00,19.67045334
6/12/2012 0:00,22.63337237
6/12/2012 1:00,20.63035721
6/12/2012 2:00,22.28781413
6/12/2012 3:00,26.65406819
6/12/2012 4:00,24.48801324
6/12/2012 5:00,22.73415297
6/12/2012 6:00,30.27745008
6/12/2012 7:00,26.92156279
6/12/2012 8:00,25.26913434
6/12/2012 9:00,26.42675724
6/12/2012 10:00,31.36382512
6/12/2012 11:00,38.31152999
6/12/2012 12:00,30.25436058
6/12/2012 13:00,37.79910055
6/12/2012 14:00,39.4894413
6/12/2012 15:00,35.14920271
6/12/2012 16:00,30.41017149
6/12/2012 17:00,32.04775161
6/12/2012 18:00,33.49126081
6/12/2012 19:00,33.4924789
6/12/2012 20:00,33.96265835
6/12/2012 21:00,26.83789876
6/12/2012 22:00,26.10163249
6/12/2012 23:00,26.69851611
6/13/2012 0:00,23.65872503
6/13/2012 1:00,20.69491368
6/13/2012 2:00,24.19066463
6/13/2012 3:00,22.20277285
6/13/2012 4:00,19.31283205
6/13/2012 5:00,23.03097331
6/13/2012 6:00,26.31563516
6/13/2012 7:00,27.00926847
6/13/2012 8:00,30.98494879
6/13/2012 9:00,25.62324244
6/13/2012 10:00,33.06150424
6/13/2012 11:00,32.77909389
6/13/2012 12:00,39.08238864
6/13/2012 13:00,37.32297624
6/13/2012 14:00,36.16969615
6/13/2012 15:00,39.91091819
6/13/2012 16:00,34.71361662
6/13/2012 17:00,32.52085663
6/13/2012 18:00,34.81628858
6/13/2012 19:00,25.21363537
6/13/2012 20:00,28.27649997
6/13/2012 21:00,27.06037422
6/13/2012 22:00,20.14215053
6/13/2012 23:00,19.55297469
6/14/2012 0:00,19.518045
6/14/2012 1:00,25.51855101
6/14/2012 2:00,21.61717601
6/14/2012 3:00,21.28602831
6/14/2012 4:00,21.85420517
6/14/2012 5:00,23.19749692
6/14/2012 6:00,27.93831438
6/14/2012 7:00,30.3482166
6/14/2012 8:00,29.85912596
6/14/2012 9:00,28.668111
6/14/2012 10:00,36.06872556
6/14/2012 11:00,34.4566847
6/14/2012 12:00,33.70385509
6/14/2012 13:00,36.0656365
6/14/2012 14:00,36.47398459
6/14/2012 15:00,35.26204613
6/14/2012 16:00,33.84521796
6/14/2012 17:00,33.80044277
6/14/2012 18:00,32.52874092
6/14/2012 19:00,32.08157825
6/14/2012 20:00,34.11670141
6/14/2012 21:00,34.2529397
6/14/2012 22:00,22.70982984
6/14/2012 23:00,21.99902918
6/15/2012 0:00,25.83162957
6/15/2012 1:00,22.24214995
6/15/2012 2:00,26.72367518
6/15/2012 3:00,22.11260843
6/15/2012 4:00,22.34528572
6/15/2012 5:00,23.6282128
6/15/2012 6:00,26.38356888
6/15/2012 7:00,26.50485078
6/15/2012 8:00,27.07037323
6/15/2012 9:00,27.5918451
6/15/2012 10:00,31.62903661
6/15/2012 11:00,38.98425402
6/15/2012 12:00,36.8136409
6/15/2012 13:00,37.4107855
6/15/2012 14:00,40.2876744
6/15/2012 15:00,38.92526785
6/15/2012 16:00,34.02017329
6/15/2012 17:00,34.4382087
6/15/2012 18:00,31.70802171
6/15/2012 19:00,30.15789413
6/15/2012 20:00,25.98595996
6/15/2012 21:00,24.16314077
6/15/2012 22:00,26.26182894
6/15/2012 23:00,25.91406727
6/16/2012 0:00,24.37694761
6/16/2012 1:00,25.84451266
6/16/2012 2:00,23.76204657
6/16/2012 3:00,24.01968689
6/16/2012 4:00,19.99317739
6/16/2012 5:00,19.91386452
6/16/2012 6:00,28.27495118
6/16/2012 7:00,29.43868345
6/16/2012 8:00,29.44020304
6/16/2012 9:00,26.23437538
6/16/2012 10:00,36.88456432
6/16/2012 11:00,39.88864658
6/16/2012 12:00,39.44555349
6/16/2012 13:00,35.61612305
6/16/2012 14:00,38.56077123
6/16/2012 15:00,36.03226794
6/16/2012 16:00,30.52081772
6/16/2012 17:00,32.01408378
6/16/2012 18:00,32.676778
6/16/2012 19:00,28.41787849
6/16/2012 20:00,31.36438078
6/16/2012 21:00,27.10558608
6/16/2012 22:00,20.58509833
6/16/2012 23:00,20.67867283
6/17/2012 0:00,25.18859621
6/17/2012 1:00,25.72148455
6/17/2012 2:00,23.67221565
6/17/2012 3:00,20.74375508
6/17/2012 4:00,19.613163
6/17/2012 5:00,24.00394736
6/17/2012 6:00,25.73056467
6/17/2012 7:00,27.73950751
6/17/2012 8:00,25.47444697
6/17/2012 9:00,28.79306868
6/17/2012 10:00,32.29984006
6/17/2012 11:00,39.20297914
6/17/2012 12:00,38.90947387
6/17/2012 13:00,40.07410952
6/17/2012 14:00,38.016193
6/17/2012 15:00,39.77601855
6/17/2012 16:00,30.22136648
6/17/2012 17:00,30.95771315
6/17/2012 18:00,32.04091267
6/17/2012 19:00,31.58830187
6/17/2012 20:00,26.50710926
6/17/2012 21:00,33.14639621
6/17/2012 22:00,22.27093089
6/17/2012 23:00,20.40062189
6/18/2012 0:00,22.82623388
6/18/2012 1:00,25.55312533
6/18/2012 2:00,20.39750938
6/18/2012 3:00,24.72471051
6/18/2012 4:00,24.01329917
6/18/2012 5:00,26.63872375
6/18/2012 6:00,26.74214443
6/18/2012 7:00,30.75422963
6/18/2012 8:00,27.61222824
6/18/2012 9:00,30.71829237
6/18/2012 10:00,36.39006317
6/18/2012 11:00,33.00601243
6/18/2012 12:00,36.62622597
6/18/2012 13:00,38.47095409
6/18/2012 14:00,38.18439614
6/18/2012 15:00,40.28715607
6/18/2012 16:00,30.2639089
6/18/2012 17:00,34.78540414
6/18/2012 18:00,33.10928839
6/18/2012 19:00,34.29500945
6/18/2012 20:00,25.02467507
6/18/2012 21:00,24.66213602
6/18/2012 22:00,25.71312472
6/18/2012 23:00,24.3271026
6/19/2012 0:00,26.28078689
6/19/2012 1:00,21.36442069
6/19/2012 2:00,19.8500552
6/19/2012 3:00,22.54350866
6/19/2012 4:00,22.70175845
6/19/2012 5:00,26.39937124
6/19/2012 6:00,29.04118527
6/19/2012 7:00,27.19184427
6/19/2012 8:00,25.57612631
6/19/2012 9:00,30.33865787
6/19/2012 10:00,37.68606825
6/19/2012 11:00,35.58327932
6/19/2012 12:00,30.30668822
6/19/2012 13:00,39.36739204
6/19/2012 14:00,40.46069649
6/19/2012 15:00,35.88308105
6/19/2012 16:00,30.46207075
6/19/2012 17:00,33.30554242
6/19/2012 18:00,33.81842073
6/19/2012 19:00,31.26790683
6/19/2012 20:00,29.37090395
6/19/2012 21:00,33.4701052
6/19/2012 22:00,21.96418854
6/19/2012 23:00,19.07942893
6/20/2012 0:00,19.41966659
6/20/2012 1:00,21.12131644
6/20/2012 2:00,24.76077768
6/20/2012 3:00,25.6976271
6/20/2012 4:00,22.95091019
6/20/2012 5:00,22.04871761
6/20/2012 6:00,29.93208706
6/20/2012 7:00,28.11000829
6/20/2012 8:00,29.27401776
6/20/2012 9:00,26.09106269
6/20/2012 10:00,33.05964577
6/20/2012 11:00,34.14711642
6/20/2012 12:00,37.62850611
6/20/2012 13:00,40.71649857
6/20/2012 14:00,40.22639143
6/20/2012 15:00,36.03775237
6/20/2012 16:00,33.16113347
6/20/2012 17:00,34.52903259
6/20/2012 18:00,33.71470463
6/20/2012 19:00,33.86112951
6/20/2012 20:00,31.22945257
6/20/2012 21:00,25.97767627
6/20/2012 22:00,23.69127476
6/20/2012 23:00,19.30350484
6/21/2012 0:00,22.40302911
6/21/2012 1:00,23.22061743
6/21/2012 2:00,22.56153316
6/21/2012 3:00,22.17110144
6/21/2012 4:00,22.42864445
6/21/2012 5:00,25.739922
6/21/2012 6:00,30.10367381
6/21/2012 7:00,27.77857656
6/21/2012 8:00,26.19721576
6/21/2012 9:00,28.27696681
6/21/2012 10:00,32.17349973
6/21/2012 11:00,32.20950639
6/21/2012 12:00,38.38304418
6/21/2012 13:00,38.00120453
6/21/2012 14:00,36.35378929
6/21/2012 15:00,36.75247904
6/21/2012 16:00,34.50039158
6/21/2012 17:00,34.43839615
6/21/2012 18:00,32.49700193
6/21/2012 19:00,30.29910649
6/21/2012 20:00,34.41111523
6/21/2012 21:00,24.60843941
6/21/2012 22:00,23.90182985
6/21/2012 23:00,26.14999776
6/22/2012 0:00,19.92771919
6/22/2012 1:00,23.23688006
6/22/2012 2:00,19.39488929
6/22/2012 3:00,19.34076655
6/22/2012 4:00,23.86897647
6/22/2012 5:00,23.01164082
6/22/2012 6:00,26.33796244
6/22/2012 7:00,25.80203127
6/22/2012 8:00,30.10382818
6/22/2012 9:00,25.61137439
6/22/2012 10:00,38.30647373
6/22/2012 11:00,32.67743175
6/22/2012 12:00,34.2098957
6/22/2012 13:00,38.36206942
6/22/2012 14:00,35.35315485
6/22/2012 15:00,37.12819445
6/22/2012 16:00,33.99041511
6/22/2012 17:00,34.37451141
6/22/2012 18:00,32.89653277
6/22/2012 19:00,31.33219644
6/22/2012 20:00,30.39994082
6/22/2012 21:00,34.97608083
6/22/2012 22:00,25.56772471
6/22/2012 23:00,21.62356641
6/23/2012 0:00,24.39464483
6/23/2012 1:00,21.29375651
6/23/2012 2:00,23.72252677
6/23/2012 3:00,20.62935939
6/23/2012 4:00,19.93670829
6/23/2012 5:00,21.85212016
6/23/2012 6:00,30.94455144
6/23/2012 7:00,26.56128803
6/23/2012 8:00,26.84832163
6/23/2012 9:00,30.5741493
6/23/2012 10:00,39.02615486
6/23/2012 11:00,32.87564558
6/23/2012 12:00,37.34184676
6/23/2012 13:00,36.19856993
6/23/2012 14:00,40.36622879
6/23/2012 15:00,38.70331029
6/23/2012 16:00,33.36852846
6/23/2012 17:00,33.71129968
6/23/2012 18:00,32.5425383
6/23/2012 19:00,24.26633445
6/23/2012 20:00,26.80604557
6/23/2012 21:00,31.41097679
6/23/2012 22:00,22.99251236
6/23/2012 23:00,23.38337689
6/24/2012 0:00,19.08009232
6/24/2012 1:00,22.37849173
6/24/2012 2:00,22.57519891
6/24/2012 3:00,24.16263
6/24/2012 4:00,19.7805309
6/24/2012 5:00,23.59131709
6/24/2012 6:00,25.67125692
6/24/2012 7:00,29.28738874
6/24/2012 8:00,27.98586609
6/24/2012 9:00,26.61122581
6/24/2012 10:00,31.07754395
6/24/2012 11:00,32.52424566
6/24/2012 12:00,34.52137711
6/24/2012 13:00,35.03910028
6/24/2012 14:00,38.09624395
6/24/2012 15:00,40.91816434
6/24/2012 16:00,34.39149627
6/24/2012 17:00,32.88672538
6/24/2012 18:00,30.84156225
6/24/2012 19:00,34.52612966
6/24/2012 20:00,29.24792771
6/24/2012 21:00,28.46016115
6/24/2012 22:00,21.80358865
6/24/2012 23:00,21.10522167
6/25/2012 0:00,25.41957887
6/25/2012 1:00,22.70570128
6/25/2012 2:00,24.52383755
6/25/2012 3:00,24.20887458
6/25/2012 4:00,23.95805468
6/25/2012 5:00,22.15457308
6/25/2012 6:00,30.44469844
6/25/2012 7:00,29.00944972
6/25/2012 8:00,26.22087313
6/25/2012 9:00,28.786128
6/25/2012 10:00,32.50595727
6/25/2012 11:00,36.02694486
6/25/2012 12:00,32.72837404
6/25/2012 13:00,35.82008327
6/25/2012 14:00,40.67204382
6/25/2012 15:00,36.36408028
6/25/2012 16:00,31.55297611
6/25/2012 17:00,31.28641825
6/25/2012 18:00,31.34185175
6/25/2012 19:00,24.24072721
6/25/2012 20:00,24.88102942
6/25/2012 21:00,27.76604071
6/25/2012 22:00,20.00545022
6/25/2012 23:00,23.10295134
6/26/2012 0:00,25.83386103
6/26/2012 1:00,25.90321439
6/26/2012 2:00,20.79719206
6/26/2012 3:00,23.35108217
6/26/2012 4:00,21.10151205
6/26/2012 5:00,25.07059784
6/26/2012 6:00,29.62155768
6/26/2012 7:00,29.66934394
6/26/2012 8:00,30.46848502
6/26/2012 9:00,30.32122963
6/26/2012 10:00,34.63400436
6/26/2012 11:00,33.93930925
6/26/2012 12:00,39.90799283
6/26/2012 13:00,40.16711418
6/26/2012 14:00,39.69157814
6/26/2012 15:00,39.75830827
6/26/2012 16:00,33.35444581
6/26/2012 17:00,31.57768631
6/26/2012 18:00,34.51895982
6/26/2012 19:00,31.81939852
6/26/2012 20:00,33.25531774
6/26/2012 21:00,26.85098979
6/26/2012 22:00,26.57426726
6/26/2012 23:00,26.72039626
6/27/2012 0:00,26.7183564
6/27/2012 1:00,21.95694369
6/27/2012 2:00,26.3051269
6/27/2012 3:00,19.04131754
6/27/2012 4:00,26.24006378
6/27/2012 5:00,23.96624625
6/27/2012 6:00,25.45345409
6/27/2012 7:00,29.1901335
6/27/2012 8:00,25.38641738
6/27/2012 9:00,29.7055275
6/27/2012 10:00,33.53014183
6/27/2012 11:00,30.70645353
6/27/2012 12:00,33.77015962
6/27/2012 13:00,35.63199851
6/27/2012 14:00,36.60961606
6/27/2012 15:00,40.9045975
6/27/2012 16:00,33.24215862
6/27/2012 17:00,30.64667058
6/27/2012 18:00,34.51291914
6/27/2012 19:00,26.67748245
6/27/2012 20:00,34.1350136
6/27/2012 21:00,25.78017132
6/27/2012 22:00,24.95116211
6/27/2012 23:00,19.18367335
6/28/2012 0:00,24.92184238
6/28/2012 1:00,19.4701483
6/28/2012 2:00,20.52970941
6/28/2012 3:00,23.51130902
6/28/2012 4:00,23.89836787
6/28/2012 5:00,19.98399583
6/28/2012 6:00,30.74989741
6/28/2012 7:00,30.47948992
6/28/2012 8:00,28.65106619
6/28/2012 9:00,29.06532516
6/28/2012 10:00,37.84957052
6/28/2012 11:00,37.07751376
6/28/2012 12:00,38.18688905
6/28/2012 13:00,40.80935792
6/28/2012 14:00,36.59590521
6/28/2012 15:00,36.40116141
6/28/2012 16:00,34.46220161
6/28/2012 17:00,32.89229801
6/28/2012 18:00,30.42550925
6/28/2012 19:00,25.01602637
6/28/2012 20:00,34.04303641
6/28/2012 21:00,30.55684364
6/28/2012 22:00,21.08767658
6/28/2012 23:00,24.7024185
6/29/2012 0:00,25.17034499
6/29/2012 1:00,20.2449923
6/29/2012 2:00,19.30099792
6/29/2012 3:00,19.26331954
6/29/2012 4:00,23.62017968
6/29/2012 5:00,25.99922793
6/29/2012 6:00,26.3829615
6/29/2012 7:00,28.93878215
6/29/2012 8:00,27.1371408
6/29/2012 9:00,30.47172038
6/29/2012 10:00,36.70257959
6/29/2012 11:00,39.88849947
6/29/2012 12:00,34.08642097
6/29/2012 13:00,37.95536675
6/29/2012 14:00,40.57151341
6/29/2012 15:00,38.82038708
6/29/2012 16:00,30.13491381
6/29/2012 17:00,31.79807899
6/29/2012 18:00,31.8581057
6/29/2012 19:00,27.9294676
6/29/2012 20:00,34.60461429
6/29/2012 21:00,25.10502236
6/29/2012 22:00,21.72360192
6/29/2012 23:00,21.31316388
6/30/2012 0:00,24.83332971
6/30/2012 1:00,24.21549765
6/30/2012 2:00,23.25558913
6/30/2012 3:00,26.07150749
6/30/2012 4:00,21.8265278
6/30/2012 5:00,20.92732951
6/30/2012 6:00,30.66448068
6/30/2012 7:00,28.38686651
6/30/2012 8:00,27.51943378
6/30/2012 9:00,28.04337334
6/30/2012 10:00,34.20419368
6/30/2012 11:00,30.03433429
6/30/2012 12:00,37.11021043
6/30/2012 13:00,39.88281617
6/30/2012 14:00,38.79701164
6/30/2012 15:00,36.56853871
6/30/2012 16:00,34.7742161
6/30/2012 17:00,32.72049912
6/30/2012 18:00,33.08203089
6/30/2012 19:00,32.39861964
6/30/2012 20:00,34.42483211
6/30/2012 21:00,26.64421569
6/30/2012 22:00,20.68536929
6/30/2012 23:00,24.09593377
7/1/2012 0:00,24.13522147
7/1/2012 1:00,24.96056907
7/1/2012 2:00,19.68399392
7/1/2012 3:00,23.85980553
7/1/2012 4:00,26.90106149
7/1/2012 5:00,20.86300557
7/1/2012 6:00,25.45599959
7/1/2012 7:00,29.75801187
7/1/2012 8:00,28.53512526
7/1/2012 9:00,28.19283453
7/1/2012 10:00,38.00109763
7/1/2012 11:00,30.11352914
7/1/2012 12:00,33.59890931
7/1/2012 13:00,36.35298105
7/1/2012 14:00,38.59438289
7/1/2012 15:00,36.31130541
7/1/2012 16:00,30.00981162
7/1/2012 17:00,31.27131142
7/1/2012 18:00,34.7609119
7/1/2012 19:00,28.06910035
7/1/2012 20:00,29.50790583
7/1/2012 21:00,34.44298784
7/1/2012 22:00,23.23323803
7/1/2012 23:00,25.6131939
7/2/2012 0:00,26.96565594
7/2/2012 1:00,26.31501511
7/2/2012 2:00,19.8409015
7/2/2012 3:00,26.05652555
7/2/2012 4:00,23.48012902
7/2/2012 5:00,24.89678783
7/2/2012 6:00,30.08886827
7/2/2012 7:00,27.8861145
7/2/2012 8:00,30.4907488
7/2/2012 9:00,29.23280119
7/2/2012 10:00,32.7741899
7/2/2012 11:00,38.0620201
7/2/2012 12:00,34.23060588
7/2/2012 13:00,40.52778871
7/2/2012 14:00,37.14483099
7/2/2012 15:00,35.74281733
7/2/2012 16:00,30.75483783
7/2/2012 17:00,32.34321702
7/2/2012 18:00,33.73613035
7/2/2012 19:00,25.23033999
7/2/2012 20:00,31.52248162
7/2/2012 21:00,34.17825493
7/2/2012 22:00,22.20969164
7/2/2012 23:00,22.21522113
7/3/2012 0:00,22.2432754
7/3/2012 1:00,21.78131043
7/3/2012 2:00,21.97106073
7/3/2012 3:00,21.19188935
7/3/2012 4:00,20.27863891
7/3/2012 5:00,19.97075192
7/3/2012 6:00,26.84981729
7/3/2012 7:00,29.20915968
7/3/2012 8:00,28.22370883
7/3/2012 9:00,26.49000532
7/3/2012 10:00,30.07196706
7/3/2012 11:00,36.80304638
7/3/2012 12:00,32.10585333
7/3/2012 13:00,36.92751858
7/3/2012 14:00,37.32861819
7/3/2012 15:00,40.03819227
7/3/2012 16:00,33.50092144
7/3/2012 17:00,34.62721559
7/3/2012 18:00,31.67447578
7/3/2012 19:00,26.76836996
7/3/2012 20:00,25.04154538
7/3/2012 21:00,28.79599393
7/3/2012 22:00,26.16531026
7/3/2012 23:00,26.00875972
7/4/2012 0:00,22.14794367
7/4/2012 1:00,22.73258607
7/4/2012 2:00,19.97756235
7/4/2012 3:00,22.15822072
7/4/2012 4:00,24.59327997
7/4/2012 5:00,19.83771537
7/4/2012 6:00,30.70920614
7/4/2012 7:00,28.35909713
7/4/2012 8:00,29.61959517
7/4/2012 9:00,27.06698731
7/4/2012 10:00,33.5428608
7/4/2012 11:00,38.61629362
7/4/2012 12:00,33.22099146
7/4/2012 13:00,39.0167857
7/4/2012 14:00,35.80385605
7/4/2012 15:00,40.27238332
7/4/2012 16:00,30.63405804
7/4/2012 17:00,31.6824007
7/4/2012 18:00,30.83432993
7/4/2012 19:00,34.60207967
7/4/2012 20:00,33.26536594
7/4/2012 21:00,34.42283758
7/4/2012 22:00,25.1589659
7/4/2012 23:00,23.79641687
7/5/2012 0:00,22.87544059
7/5/2012 1:00,24.32572103
7/5/2012 2:00,26.60453053
7/5/2012 3:00,22.64746295
7/5/2012 4:00,22.46388913
7/5/2012 5:00,22.05068033
7/5/2012 6:00,29.16588438
7/5/2012 7:00,27.60610707
7/5/2012 8:00,30.17505419
7/5/2012 9:00,25.81930007
7/5/2012 10:00,34.84398326
7/5/2012 11:00,34.01259065
7/5/2012 12:00,39.92509868
7/5/2012 13:00,39.27979911
7/5/2012 14:00,39.32995364
7/5/2012 15:00,35.50719097
7/5/2012 16:00,30.64406721
7/5/2012 17:00,34.63009419
7/5/2012 18:00,30.11917782
7/5/2012 19:00,25.59313915
7/5/2012 20:00,31.67510849
7/5/2012 21:00,25.02900821
7/5/2012 22:00,24.62219736
7/5/2012 23:00,25.60570313
7/6/2012 0:00,26.05857258
7/6/2012 1:00,26.4497689
7/6/2012 2:00,19.79700968
7/6/2012 3:00,26.28026247
7/6/2012 4:00,25.51082291
7/6/2012 5:00,20.94672099
7/6/2012 6:00,29.13814386
7/6/2012 7:00,28.40386658
7/6/2012 8:00,27.31026435
7/6/2012 9:00,29.65374516
7/6/2012 10:00,33.86278467
7/6/2012 11:00,33.81755316
7/6/2012 12:00,30.25742893
7/6/2012 13:00,38.80922333
7/6/2012 14:00,40.5845911
7/6/2012 15:00,37.33842639
7/6/2012 16:00,30.480879
7/6/2012 17:00,34.35300908
7/6/2012 18:00,30.83697253
7/6/2012 19:00,28.36919707
7/6/2012 20:00,31.29925936
7/6/2012 21:00,31.8874168
7/6/2012 22:00,22.43309337
7/6/2012 23:00,20.4068499
7/7/2012 0:00,21.69436871
7/7/2012 1:00,19.94340934
7/7/2012 2:00,21.84644383
7/7/2012 3:00,21.50839951
7/7/2012 4:00,22.02719593
7/7/2012 5:00,19.99602024
7/7/2012 6:00,27.42186235
7/7/2012 7:00,29.11304609
7/7/2012 8:00,30.33965978
7/7/2012 9:00,28.33840006
7/7/2012 10:00,38.21603387
7/7/2012 11:00,31.07448581
7/7/2012 12:00,37.13484569
7/7/2012 13:00,36.13442408
7/7/2012 14:00,39.15908851
7/7/2012 15:00,35.97254025
7/7/2012 16:00,30.13214302
7/7/2012 17:00,30.79831469
7/7/2012 18:00,32.1214566
7/7/2012 19:00,24.24838641
7/7/2012 20:00,32.44360188
7/7/2012 21:00,24.58536738
7/7/2012 22:00,23.28833202
7/7/2012 23:00,24.98480972
7/8/2012 0:00,20.12767594
7/8/2012 1:00,22.62330991
7/8/2012 2:00,25.19192264
7/8/2012 3:00,26.49378665
7/8/2012 4:00,25.93953833
7/8/2012 5:00,23.73994298
7/8/2012 6:00,25.82423829
7/8/2012 7:00,27.88466696
7/8/2012 8:00,29.21260709
7/8/2012 9:00,25.98515089
7/8/2012 10:00,33.29463115
7/8/2012 11:00,32.23350444
7/8/2012 12:00,39.20602774
7/8/2012 13:00,40.54061657
7/8/2012 14:00,39.3536434
7/8/2012 15:00,38.6463981
7/8/2012 16:00,31.26493152
7/8/2012 17:00,34.84161884
7/8/2012 18:00,31.95799022
7/8/2012 19:00,31.02641329
7/8/2012 20:00,24.76500546
7/8/2012 21:00,25.3113157
7/8/2012 22:00,21.65762768
7/8/2012 23:00,24.77450224
7/9/2012 0:00,23.23866012
7/9/2012 1:00,23.2867197
7/9/2012 2:00,20.64708123
7/9/2012 3:00,26.59973724
7/9/2012 4:00,21.38510972
7/9/2012 5:00,26.02320319
7/9/2012 6:00,29.03145736
7/9/2012 7:00,28.22183485
7/9/2012 8:00,27.45616682
7/9/2012 9:00,26.89838197
7/9/2012 10:00,36.75508776
7/9/2012 11:00,33.82964561
7/9/2012 12:00,39.13476038
7/9/2012 13:00,38.30167563
7/9/2012 14:00,39.23240692
7/9/2012 15:00,36.93913395
7/9/2012 16:00,32.23914453
7/9/2012 17:00,32.11219936
7/9/2012 18:00,34.75954253
7/9/2012 19:00,32.12214737
7/9/2012 20:00,30.79266371
7/9/2012 21:00,25.85942762
7/9/2012 22:00,25.96951873
7/9/2012 23:00,19.37828295
7/10/2012 0:00,20.3742879
7/10/2012 1:00,23.08796967
7/10/2012 2:00,21.39206904
7/10/2012 3:00,26.60292679
7/10/2012 4:00,22.55120298
7/10/2012 5:00,19.9980116
7/10/2012 6:00,30.44874097
7/10/2012 7:00,26.25348649
7/10/2012 8:00,27.59380938
7/10/2012 9:00,27.19646223
7/10/2012 10:00,39.07829642
7/10/2012 11:00,39.01073665
7/10/2012 12:00,34.14813659
7/10/2012 13:00,36.31458074
7/10/2012 14:00,38.98470071
7/10/2012 15:00,35.05919948
7/10/2012 16:00,32.19824117
7/10/2012 17:00,33.65274757
7/10/2012 18:00,34.34783266
7/10/2012 19:00,26.25257589
7/10/2012 20:00,28.81294619
7/10/2012 21:00,26.76764883
7/10/2012 22:00,20.76761216
7/10/2012 23:00,21.74775157
7/11/2012 0:00,19.8906713
7/11/2012 1:00,19.38332954
7/11/2012 2:00,24.93252646
7/11/2012 3:00,19.08793717
7/11/2012 4:00,22.56260254
7/11/2012 5:00,23.41125216
7/11/2012 6:00,29.53613349
7/11/2012 7:00,29.49187384
7/11/2012 8:00,29.46304267
7/11/2012 9:00,26.42590045
7/11/2012 10:00,37.90601206
7/11/2012 11:00,32.60865883
7/11/2012 12:00,32.29650266
7/11/2012 13:00,40.40583387
7/11/2012 14:00,39.3222353
7/11/2012 15:00,35.20493756
7/11/2012 16:00,32.3120889
7/11/2012 17:00,32.7550196
7/11/2012 18:00,34.3961746
7/11/2012 19:00,28.47261645
7/11/2012 20:00,27.61444484
7/11/2012 21:00,30.90896797
7/11/2012 22:00,24.36890166
7/11/2012 23:00,21.70235382
7/12/2012 0:00,25.31631585
7/12/2012 1:00,20.7439958
7/12/2012 2:00,25.72252131
7/12/2012 3:00,23.11263369
7/12/2012 4:00,23.11173331
7/12/2012 5:00,25.61138132
7/12/2012 6:00,27.86757071
7/12/2012 7:00,30.93095769
7/12/2012 8:00,26.64641735
7/12/2012 9:00,27.40884485
7/12/2012 10:00,31.1747406
7/12/2012 11:00,36.28190956
7/12/2012 12:00,39.96988487
7/12/2012 13:00,35.95012873
7/12/2012 14:00,36.92017673
7/12/2012 15:00,38.201586
7/12/2012 16:00,33.23041763
7/12/2012 17:00,30.37260732
7/12/2012 18:00,32.74969708
7/12/2012 19:00,25.72999364
7/12/2012 20:00,28.55712642
7/12/2012 21:00,24.62255606
7/12/2012 22:00,23.31544433
7/12/2012 23:00,25.24089287
7/13/2012 0:00,21.0700093
7/13/2012 1:00,23.95357128
7/13/2012 2:00,21.36177866
7/13/2012 3:00,25.45456043
7/13/2012 4:00,19.88493718
7/13/2012 5:00,25.16546537
7/13/2012 6:00,30.02151363
7/13/2012 7:00,26.70890426
7/13/2012 8:00,29.60445635
7/13/2012 9:00,27.53277617
7/13/2012 10:00,34.70951608
7/13/2012 11:00,30.29619821
7/13/2012 12:00,38.02063788
7/13/2012 13:00,40.51649347
7/13/2012 14:00,36.16852313
7/13/2012 15:00,38.23725209
7/13/2012 16:00,30.97547254
7/13/2012 17:00,34.65239592
7/13/2012 18:00,34.28249275
7/13/2012 19:00,31.42366038
7/13/2012 20:00,30.69200292
7/13/2012 21:00,31.12486249
7/13/2012 22:00,24.81283247
7/13/2012 23:00,26.69031589
7/14/2012 0:00,26.35720277
7/14/2012 1:00,22.84893534
7/14/2012 2:00,19.28575498
7/14/2012 3:00,22.37925743
7/14/2012 4:00,19.92824564
7/14/2012 5:00,21.85372641
7/14/2012 6:00,28.5785819
7/14/2012 7:00,26.69982343
7/14/2012 8:00,26.56553687
7/14/2012 9:00,30.87795769
7/14/2012 10:00,37.75155431
7/14/2012 11:00,32.76074112
7/14/2012 12:00,34.1600432
7/14/2012 13:00,40.61356001
7/14/2012 14:00,36.73412775
7/14/2012 15:00,35.34959213
7/14/2012 16:00,32.38045203
7/14/2012 17:00,30.00243019
7/14/2012 18:00,34.20880895
7/14/2012 19:00,34.43211056
7/14/2012 20:00,31.50135651
7/14/2012 21:00,24.67212613
7/14/2012 22:00,22.49591193
7/14/2012 23:00,25.61362199
7/15/2012 0:00,21.84283537
7/15/2012 1:00,24.17845263
7/15/2012 2:00,25.25461638
7/15/2012 3:00,22.48381795
7/15/2012 4:00,25.59256334
7/15/2012 5:00,22.11429188
7/15/2012 6:00,27.58375075
7/15/2012 7:00,30.17477275
7/15/2012 8:00,25.02577474
7/15/2012 9:00,27.36349122
7/15/2012 10:00,36.85262703
7/15/2012 11:00,31.49175767
7/15/2012 12:00,33.50965354
7/15/2012 13:00,38.76310689
7/15/2012 14:00,38.23998266
7/15/2012 15:00,37.80245257
7/15/2012 16:00,30.21913841
7/15/2012 17:00,34.87371404
7/15/2012 18:00,31.77820024
7/15/2012 19:00,26.27677443
7/15/2012 20:00,27.74813981
7/15/2012 21:00,32.45918998
7/15/2012 22:00,23.86808517
7/15/2012 23:00,22.48453036
7/16/2012 0:00,20.44311985
7/16/2012 1:00,24.15695391
7/16/2012 2:00,25.86780282
7/16/2012 3:00,24.23488806
7/16/2012 4:00,22.55952663
7/16/2012 5:00,21.10576113
7/16/2012 6:00,26.18083965
7/16/2012 7:00,29.43667484
7/16/2012 8:00,26.59982433
7/16/2012 9:00,25.38848623
7/16/2012 10:00,33.17444047
7/16/2012 11:00,33.21497327
7/16/2012 12:00,33.16726598
7/16/2012 13:00,39.163569
7/16/2012 14:00,36.73396144
7/16/2012 15:00,40.05735976
7/16/2012 16:00,33.77669939
7/16/2012 17:00,34.14217906
7/16/2012 18:00,31.92423547
7/16/2012 19:00,27.63946333
7/16/2012 20:00,26.5943534
7/16/2012 21:00,31.12879726
7/16/2012 22:00,22.13521796
7/16/2012 23:00,22.33113415
7/17/2012 0:00,19.75240335
7/17/2012 1:00,22.34991098
7/17/2012 2:00,21.18886143
7/17/2012 3:00,21.04407957
7/17/2012 4:00,21.74068209
7/17/2012 5:00,23.70105947
7/17/2012 6:00,27.98402836
7/17/2012 7:00,26.57825487
7/17/2012 8:00,30.00717709
7/17/2012 9:00,29.15320911
7/17/2012 10:00,38.96619507
7/17/2012 11:00,35.96681485
7/17/2012 12:00,35.08183043
7/17/2012 13:00,37.81845264
7/17/2012 14:00,37.2146758
7/17/2012 15:00,39.88096757
7/17/2012 16:00,33.47695851
7/17/2012 17:00,32.33885347
7/17/2012 18:00,33.82830131
7/17/2012 19:00,25.19094955
7/17/2012 20:00,24.18274081
7/17/2012 21:00,34.17430221
7/17/2012 22:00,23.0251855
7/17/2012 23:00,20.80813791
7/18/2012 0:00,20.02950108
7/18/2012 1:00,25.38397717
7/18/2012 2:00,19.14583658
7/18/2012 3:00,24.16073136
7/18/2012 4:00,23.64349681
7/18/2012 5:00,22.68573593
7/18/2012 6:00,26.67730772
7/18/2012 7:00,28.29194029
7/18/2012 8:00,28.54169797
7/18/2012 9:00,26.6607281
7/18/2012 10:00,30.36498546
7/18/2012 11:00,31.1461651
7/18/2012 12:00,34.5663054
7/18/2012 13:00,40.94394622
7/18/2012 14:00,37.4624481
7/18/2012 15:00,39.77215187
7/18/2012 16:00,30.31777594
7/18/2012 17:00,34.46643416
7/18/2012 18:00,34.90471202
7/18/2012 19:00,31.64984512
7/18/2012 20:00,26.49738096
7/18/2012 21:00,25.34896461
7/18/2012 22:00,20.38117527
7/18/2012 23:00,22.21270459
7/19/2012 0:00,26.45967009
7/19/2012 1:00,19.10135692
7/19/2012 2:00,21.14034455
7/19/2012 3:00,22.12300184
7/19/2012 4:00,21.99696099
7/19/2012 5:00,21.15980733
7/19/2012 6:00,30.58230024
7/19/2012 7:00,25.69249331
7/19/2012 8:00,28.90701362
7/19/2012 9:00,25.75069982
7/19/2012 10:00,38.17225769
7/19/2012 11:00,36.38064667
7/19/2012 12:00,33.93265881
7/19/2012 13:00,39.0640659
7/19/2012 14:00,38.88841386
7/19/2012 15:00,35.59325737
7/19/2012 16:00,31.67131637
7/19/2012 17:00,33.32733327
7/19/2012 18:00,33.17623665
7/19/2012 19:00,34.26226994
7/19/2012 20:00,33.7956128
7/19/2012 21:00,31.04822983
7/19/2012 22:00,22.53693108
7/19/2012 23:00,22.43980456
7/20/2012 0:00,26.87042899
7/20/2012 1:00,22.06974104
7/20/2012 2:00,25.38471248
7/20/2012 3:00,21.74741493
7/20/2012 4:00,25.44217569
7/20/2012 5:00,20.0482988
7/20/2012 6:00,30.36819977
7/20/2012 7:00,28.52256803
7/20/2012 8:00,30.72947239
7/20/2012 9:00,27.52627198
7/20/2012 10:00,31.82173535
7/20/2012 11:00,30.70580731
7/20/2012 12:00,33.42430874
7/20/2012 13:00,38.1938156
7/20/2012 14:00,37.22747177
7/20/2012 15:00,36.64967168
7/20/2012 16:00,30.05249039
7/20/2012 17:00,30.67799676
7/20/2012 18:00,31.29516062
7/20/2012 19:00,29.20356995
7/20/2012 20:00,25.86274863
7/20/2012 21:00,32.07841528
7/20/2012 22:00,19.57149711
7/20/2012 23:00,23.15573054
7/21/2012 0:00,19.46954914
7/21/2012 1:00,20.07643746
7/21/2012 2:00,21.78285623
7/21/2012 3:00,23.18927109
7/21/2012 4:00,23.79583342
7/21/2012 5:00,22.495926
7/21/2012 6:00,27.00520607
7/21/2012 7:00,27.37951673
7/21/2012 8:00,25.6685672
7/21/2012 9:00,27.27444737
7/21/2012 10:00,39.79214609
7/21/2012 11:00,33.22073564
7/21/2012 12:00,32.52174674
7/21/2012 13:00,37.57105494
7/21/2012 14:00,38.03909081
7/21/2012 15:00,36.59020401
7/21/2012 16:00,34.87243089
7/21/2012 17:00,33.24910905
7/21/2012 18:00,33.1454152
7/21/2012 19:00,33.47613621
7/21/2012 20:00,26.55354111
7/21/2012 21:00,28.25076521
7/21/2012 22:00,21.21721719
7/21/2012 23:00,19.04627722
7/22/2012 0:00,24.71234565
7/22/2012 1:00,19.8780196
7/22/2012 2:00,20.12135654
7/22/2012 3:00,22.80136251
7/22/2012 4:00,21.53525482
7/22/2012 5:00,20.18116156
7/22/2012 6:00,26.6651971
7/22/2012 7:00,28.92476815
7/22/2012 8:00,29.60763923
7/22/2012 9:00,27.71452078
7/22/2012 10:00,33.04385765
7/22/2012 11:00,37.00952254
7/22/2012 12:00,33.60233474
7/22/2012 13:00,39.3586222
7/22/2012 14:00,36.02132971
7/22/2012 15:00,36.55910543
7/22/2012 16:00,32.08141716
7/22/2012 17:00,30.34550284
7/22/2012 18:00,34.34037006
7/22/2012 19:00,34.00595875
7/22/2012 20:00,29.35073512
7/22/2012 21:00,29.76263767
7/22/2012 22:00,26.35829614
7/22/2012 23:00,20.96367612
7/23/2012 0:00,25.04906565
7/23/2012 1:00,19.07122616
7/23/2012 2:00,19.94966492
7/23/2012 3:00,24.24548962
7/23/2012 4:00,23.54590509
7/23/2012 5:00,21.67403321
7/23/2012 6:00,27.37766601
7/23/2012 7:00,27.43779468
7/23/2012 8:00,27.56615895
7/23/2012 9:00,26.35036366
7/23/2012 10:00,36.19931289
7/23/2012 11:00,31.30168465
7/23/2012 12:00,33.38355779
7/23/2012 13:00,35.05909175
7/23/2012 14:00,38.4343917
7/23/2012 15:00,39.46544881
7/23/2012 16:00,34.88861783
7/23/2012 17:00,33.22722687
7/23/2012 18:00,31.43026595
7/23/2012 19:00,31.04804563
7/23/2012 20:00,25.43533634
7/23/2012 21:00,32.81250875
7/23/2012 22:00,22.83204181
7/23/2012 23:00,23.66547817
7/24/2012 0:00,24.59415298
7/24/2012 1:00,22.10496184
7/24/2012 2:00,26.71824161
7/24/2012 3:00,23.97837646
7/24/2012 4:00,21.23347503
7/24/2012 5:00,19.25326405
7/24/2012 6:00,30.83160186
7/24/2012 7:00,27.26726132
7/24/2012 8:00,25.70733106
7/24/2012 9:00,30.9970202
7/24/2012 10:00,35.84863687
7/24/2012 11:00,39.44341694
7/24/2012 12:00,35.92676297
7/24/2012 13:00,38.09807589
7/24/2012 14:00,39.28561076
7/24/2012 15:00,36.10303409
7/24/2012 16:00,34.16168475
7/24/2012 17:00,30.54291504
7/24/2012 18:00,30.61649762
7/24/2012 19:00,24.26112798
7/24/2012 20:00,26.85832189
7/24/2012 21:00,30.13190547
7/24/2012 22:00,22.92547469
7/24/2012 23:00,24.4568818
7/25/2012 0:00,25.13398255
7/25/2012 1:00,24.84726614
7/25/2012 2:00,21.84730947
7/25/2012 3:00,19.37471718
7/25/2012 4:00,19.75223703
7/25/2012 5:00,23.71143903
7/25/2012 6:00,29.05610196
7/25/2012 7:00,27.89775281
7/25/2012 8:00,27.64457561
7/25/2012 9:00,30.91016811
7/25/2012 10:00,38.98657359
7/25/2012 11:00,38.38952877
7/25/2012 12:00,39.21707689
7/25/2012 13:00,38.71069838
7/25/2012 14:00,37.59597181
7/25/2012 15:00,39.77516794
7/25/2012 16:00,32.05720966
7/25/2012 17:00,34.13335387
7/25/2012 18:00,33.71871726
7/25/2012 19:00,25.01707399
7/25/2012 20:00,27.09057302
7/25/2012 21:00,29.42568881
7/25/2012 22:00,26.95021725
7/25/2012 23:00,21.05014486
7/26/2012 0:00,26.32427249
7/26/2012 1:00,23.207546
7/26/2012 2:00,24.30724873
7/26/2012 3:00,26.03453647
7/26/2012 4:00,22.88358505
7/26/2012 5:00,20.44108333
7/26/2012 6:00,30.1327278
7/26/2012 7:00,30.76839466
7/26/2012 8:00,30.11948413
7/26/2012 9:00,30.98005815
7/26/2012 10:00,38.54375213
7/26/2012 11:00,36.490409
7/26/2012 12:00,37.07225094
7/26/2012 13:00,38.98120776
7/26/2012 14:00,37.304749
7/26/2012 15:00,36.74778045
7/26/2012 16:00,30.96354106
7/26/2012 17:00,33.47524834
7/26/2012 18:00,33.53670385
7/26/2012 19:00,33.2795359
7/26/2012 20:00,27.00520939
7/26/2012 21:00,33.04843836
7/26/2012 22:00,26.08065376
7/26/2012 23:00,22.66803978
7/27/2012 0:00,24.96395867
7/27/2012 1:00,25.85435788
7/27/2012 2:00,19.5431603
7/27/2012 3:00,20.58798504
7/27/2012 4:00,23.71653566
7/27/2012 5:00,21.65399797
7/27/2012 6:00,28.93397904
7/27/2012 7:00,30.64425257
7/27/2012 8:00,27.09276571
7/27/2012 9:00,27.26511193
7/27/2012 10:00,35.99765901
7/27/2012 11:00,34.64411536
7/27/2012 12:00,35.83097091
7/27/2012 13:00,36.25958626
7/27/2012 14:00,39.07957726
7/27/2012 15:00,38.37111924
7/27/2012 16:00,31.96386632
7/27/2012 17:00,30.04922534
7/27/2012 18:00,30.54037301
7/27/2012 19:00,33.98128727
7/27/2012 20:00,29.78329461
7/27/2012 21:00,31.67382466
7/27/2012 22:00,26.4291909
7/27/2012 23:00,24.2189562
7/28/2012 0:00,22.04531534
7/28/2012 1:00,26.05593912
7/28/2012 2:00,22.4424883
7/28/2012 3:00,20.43372109
7/28/2012 4:00,24.06651584
7/28/2012 5:00,24.20287599
7/28/2012 6:00,27.4357862
7/28/2012 7:00,26.44820444
7/28/2012 8:00,30.19673794
7/28/2012 9:00,28.69534719
7/28/2012 10:00,32.24468033
7/28/2012 11:00,32.32698827
7/28/2012 12:00,38.43098475
7/28/2012 13:00,40.70819035
7/28/2012 14:00,38.00027079
7/28/2012 15:00,40.94413021
7/28/2012 16:00,31.18393804
7/28/2012 17:00,33.59920556
7/28/2012 18:00,34.61660517
7/28/2012 19:00,29.60855733
7/28/2012 20:00,25.52734905
7/28/2012 21:00,28.31334659
7/28/2012 22:00,19.36884141
7/28/2012 23:00,25.74839952
7/29/2012 0:00,21.45442476
7/29/2012 1:00,23.27200916
7/29/2012 2:00,20.65531272
7/29/2012 3:00,25.52026667
7/29/2012 4:00,20.19014115
7/29/2012 5:00,25.49112987
7/29/2012 6:00,26.60494493
7/29/2012 7:00,27.24480749
7/29/2012 8:00,30.26454307
7/29/2012 9:00,27.97644839
7/29/2012 10:00,36.64066876
7/29/2012 11:00,38.2868317
7/29/2012 12:00,39.54695367
7/29/2012 13:00,37.81679804
7/29/2012 14:00,37.84777403
7/29/2012 15:00,40.03712229
7/29/2012 16:00,34.22703637
7/29/2012 17:00,31.01357486
7/29/2012 18:00,30.64151638
7/29/2012 19:00,25.39073885
7/29/2012 20:00,29.07564398
7/29/2012 21:00,34.58459395
7/29/2012 22:00,20.39776869
7/29/2012 23:00,20.11807022
7/30/2012 0:00,23.39309672
7/30/2012 1:00,23.39583986
7/30/2012 2:00,24.58309255
7/30/2012 3:00,20.57641552
7/30/2012 4:00,24.12532428
7/30/2012 5:00,23.07286114
7/30/2012 6:00,27.20524053
7/30/2012 7:00,27.64489701
7/30/2012 8:00,25.21990348
7/30/2012 9:00,28.84710854
7/30/2012 10:00,35.3910278
7/30/2012 11:00,31.52050333
7/30/2012 12:00,34.22940211
7/30/2012 13:00,36.70941959
7/30/2012 14:00,40.55087048
7/30/2012 15:00,36.61989689
7/30/2012 16:00,30.59307553
7/30/2012 17:00,33.65950113
7/30/2012 18:00,30.52288735
7/30/2012 19:00,33.07316724
7/30/2012 20:00,33.85553368
7/30/2012 21:00,26.01108661
7/30/2012 22:00,20.3292718
7/30/2012 23:00,25.70121308
7/31/2012 0:00,20.07359293
7/31/2012 1:00,21.33343391
7/31/2012 2:00,25.81747711
7/31/2012 3:00,20.64219177
7/31/2012 4:00,26.84866948
7/31/2012 5:00,22.43297226
7/31/2012 6:00,30.54681355
7/31/2012 7:00,27.58377264
7/31/2012 8:00,29.42808696
7/31/2012 9:00,29.54909889
7/31/2012 10:00,37.13548189
7/31/2012 11:00,33.45600488
7/31/2012 12:00,39.03570855
7/31/2012 13:00,37.40899177
7/31/2012 14:00,38.79336974
7/31/2012 15:00,36.33738139
7/31/2012 16:00,34.69174054
7/31/2012 17:00,30.57063892
7/31/2012 18:00,34.12257994
7/31/2012 19:00,32.53665665
7/31/2012 20:00,30.08940313
7/31/2012 21:00,32.14650458
7/31/2012 22:00,25.17017462
7/31/2012 23:00,20.04562537
8/1/2012 0:00,26.01723606
8/1/2012 1:00,24.46434094
8/1/2012 2:00,22.13290919
8/1/2012 3:00,22.93902553
8/1/2012 4:00,19.22724131
8/1/2012 5:00,20.57902173
8/1/2012 6:00,29.63162848
8/1/2012 7:00,26.23500857
8/1/2012 8:00,30.87806524
8/1/2012 9:00,29.69106129
8/1/2012 10:00,30.43099827
8/1/2012 11:00,36.81731362
8/1/2012 12:00,37.31544737
8/1/2012 13:00,39.85173107
8/1/2012 14:00,39.11349868
8/1/2012 15:00,40.39966472
8/1/2012 16:00,33.96840292
8/1/2012 17:00,34.98056305
8/1/2012 18:00,31.11887167
8/1/2012 19:00,25.21702759
8/1/2012 20:00,29.64038456
8/1/2012 21:00,32.37347525
8/1/2012 22:00,21.52960494
8/1/2012 23:00,21.25846735
8/2/2012 0:00,24.94205668
8/2/2012 1:00,24.36926644
8/2/2012 2:00,20.41030423
8/2/2012 3:00,19.48848807
8/2/2012 4:00,20.65930403
8/2/2012 5:00,24.25167761
8/2/2012 6:00,27.32415429
8/2/2012 7:00,25.96888513
8/2/2012 8:00,30.18310477
8/2/2012 9:00,26.35639477
8/2/2012 10:00,34.52113535
8/2/2012 11:00,38.16824267
8/2/2012 12:00,39.70629292
8/2/2012 13:00,37.91871301
8/2/2012 14:00,39.82961873
8/2/2012 15:00,35.31264341
8/2/2012 16:00,34.78737888
8/2/2012 17:00,31.71809171
8/2/2012 18:00,33.12168476
8/2/2012 19:00,29.68327686
8/2/2012 20:00,24.39893911
8/2/2012 21:00,24.23344769
8/2/2012 22:00,25.50956749
8/2/2012 23:00,25.60510801
8/3/2012 0:00,21.41857576
8/3/2012 1:00,23.80503988
8/3/2012 2:00,24.28333616
8/3/2012 3:00,20.56073156
8/3/2012 4:00,23.25952089
8/3/2012 5:00,20.28585123
8/3/2012 6:00,28.18709286
8/3/2012 7:00,29.17305218
8/3/2012 8:00,28.61804834
8/3/2012 9:00,30.72336318
8/3/2012 10:00,38.30333558
8/3/2012 11:00,39.82074451
8/3/2012 12:00,35.46529924
8/3/2012 13:00,39.61194112
8/3/2012 14:00,38.30641762
8/3/2012 15:00,38.89276568
8/3/2012 16:00,31.7559883
8/3/2012 17:00,32.37286303
8/3/2012 18:00,34.13528457
8/3/2012 19:00,32.05879487
8/3/2012 20:00,26.48092339
8/3/2012 21:00,30.63718685
8/3/2012 22:00,21.22196002
8/3/2012 23:00,26.67462229
8/4/2012 0:00,24.8502871
8/4/2012 1:00,22.14999258
8/4/2012 2:00,22.13506247
8/4/2012 3:00,19.09248719
8/4/2012 4:00,22.66755745
8/4/2012 5:00,25.66472398
8/4/2012 6:00,29.95528207
8/4/2012 7:00,28.42174306
8/4/2012 8:00,26.29222237
8/4/2012 9:00,28.09608607
8/4/2012 10:00,33.32844415
8/4/2012 11:00,34.60669474
8/4/2012 12:00,31.34879438
8/4/2012 13:00,35.89716464
8/4/2012 14:00,35.41457929
8/4/2012 15:00,35.64911064
8/4/2012 16:00,30.40048592
8/4/2012 17:00,32.89511172
8/4/2012 18:00,33.45050636
8/4/2012 19:00,32.99225025
8/4/2012 20:00,25.09059647
8/4/2012 21:00,33.65348904
8/4/2012 22:00,25.68136419
8/4/2012 23:00,20.57405164
8/5/2012 0:00,26.19814804
8/5/2012 1:00,20.68373118
8/5/2012 2:00,22.82092019
8/5/2012 3:00,19.77925394
8/5/2012 4:00,25.93600441
8/5/2012 5:00,26.59250066
8/5/2012 6:00,29.29550062
8/5/2012 7:00,28.96169321
8/5/2012 8:00,25.24742839
8/5/2012 9:00,27.99271748
8/5/2012 10:00,31.45118297
8/5/2012 11:00,30.46605104
8/5/2012 12:00,30.35779285
8/5/2012 13:00,38.07759462
8/5/2012 14:00,38.01179641
8/5/2012 15:00,40.89450863
8/5/2012 16:00,32.00208994
8/5/2012 17:00,30.9669771
8/5/2012 18:00,33.40778671
8/5/2012 19:00,27.79442236
8/5/2012 20:00,29.46507091
8/5/2012 21:00,34.28023233
8/5/2012 22:00,21.1691754
8/5/2012 23:00,20.2190498
8/6/2012 0:00,23.33510994
8/6/2012 1:00,19.62714299
8/6/2012 2:00,19.54053043
8/6/2012 3:00,22.67842751
8/6/2012 4:00,20.39637412
8/6/2012 5:00,19.27429972
8/6/2012 6:00,26.48011795
8/6/2012 7:00,27.68982089
8/6/2012 8:00,27.80267854
8/6/2012 9:00,30.95356009
8/6/2012 10:00,30.47747669
8/6/2012 11:00,34.93743604
8/6/2012 12:00,33.99524287
8/6/2012 13:00,40.0651886
8/6/2012 14:00,35.07103671
8/6/2012 15:00,38.36537816
8/6/2012 16:00,34.72360292
8/6/2012 17:00,31.21920592
8/6/2012 18:00,31.44931108
8/6/2012 19:00,25.56334713
8/6/2012 20:00,29.49568382
8/6/2012 21:00,31.89511156
8/6/2012 22:00,22.71904097
8/6/2012 23:00,20.6758383
8/7/2012 0:00,25.40498863
8/7/2012 1:00,19.36617035
8/7/2012 2:00,23.81341705
8/7/2012 3:00,20.5821553
8/7/2012 4:00,20.13125974
8/7/2012 5:00,22.53122874
8/7/2012 6:00,29.65229452
8/7/2012 7:00,29.2236089
8/7/2012 8:00,29.55071295
8/7/2012 9:00,26.89373609
8/7/2012 10:00,32.75808833
8/7/2012 11:00,33.26791371
8/7/2012 12:00,39.89276469
8/7/2012 13:00,37.32048047
8/7/2012 14:00,39.98607544
8/7/2012 15:00,35.39151402
8/7/2012 16:00,31.07354827
8/7/2012 17:00,31.8400953
8/7/2012 18:00,34.81960717
8/7/2012 19:00,33.90367838
8/7/2012 20:00,29.87891254
8/7/2012 21:00,31.69178338
8/7/2012 22:00,21.57072078
8/7/2012 23:00,21.21572616
8/8/2012 0:00,20.05040779
8/8/2012 1:00,19.16868795
8/8/2012 2:00,20.34000507
8/8/2012 3:00,20.28055833
8/8/2012 4:00,21.10637804
8/8/2012 5:00,23.05463415
8/8/2012 6:00,25.58522397
8/8/2012 7:00,28.56328587
8/8/2012 8:00,28.55958125
8/8/2012 9:00,25.9778315
8/8/2012 10:00,35.62139942
8/8/2012 11:00,36.97900026
8/8/2012 12:00,37.91360184
8/8/2012 13:00,37.83739165
8/8/2012 14:00,35.86475702
8/8/2012 15:00,39.84212005
8/8/2012 16:00,31.18561727
8/8/2012 17:00,31.89891485
8/8/2012 18:00,34.33385614
8/8/2012 19:00,30.26752305
8/8/2012 20:00,32.39462728
8/8/2012 21:00,26.82128255
8/8/2012 22:00,26.85176015
8/8/2012 23:00,23.67215567
8/9/2012 0:00,25.26508267
8/9/2012 1:00,19.20794722
8/9/2012 2:00,24.68108725
8/9/2012 3:00,21.25037939
8/9/2012 4:00,23.02905414
8/9/2012 5:00,22.45161177
8/9/2012 6:00,27.17357412
8/9/2012 7:00,30.33233212
8/9/2012 8:00,29.16966196
8/9/2012 9:00,25.30141278
8/9/2012 10:00,31.51380308
8/9/2012 11:00,32.95007468
8/9/2012 12:00,33.728254
8/9/2012 13:00,36.71397384
8/9/2012 14:00,35.59254517
8/9/2012 15:00,36.8012408
8/9/2012 16:00,32.09960748
8/9/2012 17:00,31.10005091
8/9/2012 18:00,32.11066923
8/9/2012 19:00,29.20951012
8/9/2012 20:00,27.29754222
8/9/2012 21:00,33.75338821
8/9/2012 22:00,20.75856129
8/9/2012 23:00,21.83849226
8/10/2012 0:00,25.99453306
8/10/2012 1:00,21.10380146
8/10/2012 2:00,21.28759665
8/10/2012 3:00,19.13057064
8/10/2012 4:00,26.98261278
8/10/2012 5:00,25.980301
8/10/2012 6:00,28.63321796
8/10/2012 7:00,28.22328195
8/10/2012 8:00,25.71726734
8/10/2012 9:00,27.30881609
8/10/2012 10:00,39.62492902
8/10/2012 11:00,34.63928547
8/10/2012 12:00,38.22386245
8/10/2012 13:00,35.97832421
8/10/2012 14:00,35.84157991
8/10/2012 15:00,39.40792672
8/10/2012 16:00,31.12632435
8/10/2012 17:00,31.01888971
8/10/2012 18:00,34.41114645
8/10/2012 19:00,33.31794326
8/10/2012 20:00,29.92283185
8/10/2012 21:00,34.07382841
8/10/2012 22:00,24.37451502
8/10/2012 23:00,22.03890649
8/11/2012 0:00,19.01519946
8/11/2012 1:00,19.08027912
8/11/2012 2:00,26.46848812
8/11/2012 3:00,21.26672442
8/11/2012 4:00,21.94087563
8/11/2012 5:00,22.52485084
8/11/2012 6:00,25.77043686
8/11/2012 7:00,27.85712418
8/11/2012 8:00,26.96509147
8/11/2012 9:00,27.67368953
8/11/2012 10:00,31.57136893
8/11/2012 11:00,30.61475932
8/11/2012 12:00,34.5170255
8/11/2012 13:00,39.34530045
8/11/2012 14:00,39.55241275
8/11/2012 15:00,35.50959323
8/11/2012 16:00,32.29803438
8/11/2012 17:00,34.53008797
8/11/2012 18:00,34.99833326
8/11/2012 19:00,26.15865141
8/11/2012 20:00,33.68269669
8/11/2012 21:00,27.47915851
8/11/2012 22:00,25.54120631
8/11/2012 23:00,19.28603263
8/12/2012 0:00,25.6448006
8/12/2012 1:00,26.18328123
8/12/2012 2:00,26.95997426
8/12/2012 3:00,24.72220834
8/12/2012 4:00,21.18522177
8/12/2012 5:00,22.2986033
8/12/2012 6:00,26.17059866
8/12/2012 7:00,30.81137183
8/12/2012 8:00,28.32581573
8/12/2012 9:00,30.34987286
8/12/2012 10:00,35.01604695
8/12/2012 11:00,32.23238617
8/12/2012 12:00,37.90656117
8/12/2012 13:00,40.77919648
8/12/2012 14:00,37.59941445
8/12/2012 15:00,36.855414
8/12/2012 16:00,31.03668138
8/12/2012 17:00,31.99340686
8/12/2012 18:00,34.24646785
8/12/2012 19:00,31.29980884
8/12/2012 20:00,31.33367424
8/12/2012 21:00,24.61350467
8/12/2012 22:00,20.5658454
8/12/2012 23:00,26.66910029
8/13/2012 0:00,20.28615073
8/13/2012 1:00,25.52159825
8/13/2012 2:00,25.24378107
8/13/2012 3:00,26.93328704
8/13/2012 4:00,19.77589544
8/13/2012 5:00,25.73771638
8/13/2012 6:00,25.42903397
8/13/2012 7:00,28.80901881
8/13/2012 8:00,29.47519947
8/13/2012 9:00,27.0403216
8/13/2012 10:00,33.01072509
8/13/2012 11:00,34.65811728
8/13/2012 12:00,30.63044108
8/13/2012 13:00,38.52014934
8/13/2012 14:00,39.37931319
8/13/2012 15:00,35.65711202
8/13/2012 16:00,34.15144505
8/13/2012 17:00,31.52669764
8/13/2012 18:00,32.41812716
8/13/2012 19:00,28.96722205
8/13/2012 20:00,28.18464899
8/13/2012 21:00,24.77668456
8/13/2012 22:00,22.86621499
8/13/2012 23:00,22.17909356
8/14/2012 0:00,22.53881778
8/14/2012 1:00,25.49521755
8/14/2012 2:00,19.61194243
8/14/2012 3:00,22.94482222
8/14/2012 4:00,24.18617908
8/14/2012 5:00,19.47983022
8/14/2012 6:00,26.05202233
8/14/2012 7:00,30.68777156
8/14/2012 8:00,25.23439122
8/14/2012 9:00,28.33574877
8/14/2012 10:00,31.09901393
8/14/2012 11:00,39.6543058
8/14/2012 12:00,39.91996662
8/14/2012 13:00,35.90495469
8/14/2012 14:00,36.42846025
8/14/2012 15:00,39.96182151
8/14/2012 16:00,30.96318165
8/14/2012 17:00,33.55231051
8/14/2012 18:00,30.39258415
8/14/2012 19:00,30.08975466
8/14/2012 20:00,24.76193106
8/14/2012 21:00,26.71016281
8/14/2012 22:00,21.43926726
8/14/2012 23:00,25.98468765
8/15/2012 0:00,26.61313649
8/15/2012 1:00,22.21250744
8/15/2012 2:00,23.2305353
8/15/2012 3:00,21.67949664
8/15/2012 4:00,23.69492543
8/15/2012 5:00,25.14088199
8/15/2012 6:00,27.16572431
8/15/2012 7:00,30.96187396
8/15/2012 8:00,30.64260176
8/15/2012 9:00,27.74132988
8/15/2012 10:00,35.49678084
8/15/2012 11:00,39.13495994
8/15/2012 12:00,33.43640584
8/15/2012 13:00,35.6820159
8/15/2012 14:00,38.47058419
8/15/2012 15:00,40.50715852
8/15/2012 16:00,34.61661761
8/15/2012 17:00,30.52248216
8/15/2012 18:00,34.86242959
8/15/2012 19:00,27.69851572
8/15/2012 20:00,27.70245452
8/15/2012 21:00,27.39143354
8/15/2012 22:00,23.91008039
8/15/2012 23:00,21.15774563
8/16/2012 0:00,24.64579287
8/16/2012 1:00,25.22165422
8/16/2012 2:00,21.98536065
8/16/2012 3:00,26.27065875
8/16/2012 4:00,24.44837498
8/16/2012 5:00,22.20483629
8/16/2012 6:00,30.60373329
8/16/2012 7:00,30.10582266
8/16/2012 8:00,28.78495608
8/16/2012 9:00,30.87347991
8/16/2012 10:00,31.53088019
8/16/2012 11:00,37.54243182
8/16/2012 12:00,38.50723549
8/16/2012 13:00,39.07247305
8/16/2012 14:00,36.49535507
8/16/2012 15:00,38.64285556
8/16/2012 16:00,33.16491699
8/16/2012 17:00,33.13435525
8/16/2012 18:00,31.77763049
8/16/2012 19:00,28.20702685
8/16/2012 20:00,31.0782198
8/16/2012 21:00,25.40260865
8/16/2012 22:00,23.02011299
8/16/2012 23:00,24.5722168
8/17/2012 0:00,26.82288951
8/17/2012 1:00,20.31198411
8/17/2012 2:00,19.56261949
8/17/2012 3:00,22.50743129
8/17/2012 4:00,20.07011752
8/17/2012 5:00,26.64056918
8/17/2012 6:00,30.87226336
8/17/2012 7:00,30.88414231
8/17/2012 8:00,30.38352936
8/17/2012 9:00,30.42038807
8/17/2012 10:00,36.51121853
8/17/2012 11:00,33.0531569
8/17/2012 12:00,30.56027559
8/17/2012 13:00,39.0849513
8/17/2012 14:00,37.68708026
8/17/2012 15:00,37.63966115
8/17/2012 16:00,33.36513079
8/17/2012 17:00,30.63676989
8/17/2012 18:00,33.72203069
8/17/2012 19:00,27.49477271
8/17/2012 20:00,32.59046846
8/17/2012 21:00,32.76613152
8/17/2012 22:00,24.81940497
8/17/2012 23:00,26.32629714
8/18/2012 0:00,25.48529206
8/18/2012 1:00,24.56596575
8/18/2012 2:00,26.27426859
8/18/2012 3:00,25.9587291
8/18/2012 4:00,20.2376971
8/18/2012 5:00,22.04974813
8/18/2012 6:00,25.4823339
8/18/2012 7:00,30.36076846
8/18/2012 8:00,30.78832656
8/18/2012 9:00,26.27209922
8/18/2012 10:00,30.68079007
8/18/2012 11:00,32.79869182
8/18/2012 12:00,35.49839134
8/18/2012 13:00,38.21585007
8/18/2012 14:00,37.25926225
8/18/2012 15:00,35.3735513
8/18/2012 16:00,34.07712704
8/18/2012 17:00,32.05403132
8/18/2012 18:00,32.91689668
8/18/2012 19:00,29.64481191
8/18/2012 20:00,26.88060221
8/18/2012 21:00,32.42650667
8/18/2012 22:00,19.91260071
8/18/2012 23:00,21.45398782
8/19/2012 0:00,19.19466403
8/19/2012 1:00,24.99005712
8/19/2012 2:00,21.22532359
8/19/2012 3:00,25.54629763
8/19/2012 4:00,23.13649099
8/19/2012 5:00,20.95779342
8/19/2012 6:00,29.82137477
8/19/2012 7:00,26.71068447
8/19/2012 8:00,26.60964936
8/19/2012 9:00,28.31574705
8/19/2012 10:00,39.18046281
8/19/2012 11:00,38.71615266
8/19/2012 12:00,34.80662059
8/19/2012 13:00,37.9041322
8/19/2012 14:00,40.87056813
8/19/2012 15:00,39.78205103
8/19/2012 16:00,31.18720514
8/19/2012 17:00,30.51472525
8/19/2012 18:00,34.13619594
8/19/2012 19:00,28.78978503
8/19/2012 20:00,30.57837567
8/19/2012 21:00,27.05561217
8/19/2012 22:00,20.02439977
8/19/2012 23:00,19.15240825
8/20/2012 0:00,26.28323471
8/20/2012 1:00,26.14041315
8/20/2012 2:00,21.85170756
8/20/2012 3:00,19.69937173
8/20/2012 4:00,24.69146422
8/20/2012 5:00,22.29021231
8/20/2012 6:00,29.25699131
8/20/2012 7:00,30.38291494
8/20/2012 8:00,30.33916041
8/20/2012 9:00,25.4643291
8/20/2012 10:00,30.0016232
8/20/2012 11:00,31.39573842
8/20/2012 12:00,39.65165144
8/20/2012 13:00,38.78107494
8/20/2012 14:00,38.13891305
8/20/2012 15:00,39.73905403
8/20/2012 16:00,31.26927129
8/20/2012 17:00,30.91341343
8/20/2012 18:00,32.39814815
8/20/2012 19:00,32.34948533
8/20/2012 20:00,32.13722472
8/20/2012 21:00,30.62704629
8/20/2012 22:00,21.24959684
8/20/2012 23:00,24.16717964
8/21/2012 0:00,21.00085805
8/21/2012 1:00,20.28741799
8/21/2012 2:00,21.61284568
8/21/2012 3:00,22.84065138
8/21/2012 4:00,19.11748061
8/21/2012 5:00,23.60333213
8/21/2012 6:00,28.81348009
8/21/2012 7:00,30.50281557
8/21/2012 8:00,27.56173635
8/21/2012 9:00,25.90845254
8/21/2012 10:00,33.52758311
8/21/2012 11:00,39.46621759
8/21/2012 12:00,39.0411095
8/21/2012 13:00,38.77479692
8/21/2012 14:00,38.77860827
8/21/2012 15:00,35.99364413
8/21/2012 16:00,30.33395523
8/21/2012 17:00,34.98835472
8/21/2012 18:00,34.08343545
8/21/2012 19:00,33.23966058
8/21/2012 20:00,29.04122797
8/21/2012 21:00,25.31065717
8/21/2012 22:00,24.8449033
8/21/2012 23:00,23.1654665
8/22/2012 0:00,26.19637175
8/22/2012 1:00,22.4744937
8/22/2012 2:00,19.89763643
8/22/2012 3:00,22.92728905
8/22/2012 4:00,23.34541062
8/22/2012 5:00,22.71029778
8/22/2012 6:00,26.24002749
8/22/2012 7:00,28.44374729
8/22/2012 8:00,27.82412697
8/22/2012 9:00,30.89002009
8/22/2012 10:00,36.15939294
8/22/2012 11:00,36.05021161
8/22/2012 12:00,30.50242193
8/22/2012 13:00,39.88660567
8/22/2012 14:00,36.53976049
8/22/2012 15:00,39.33406917
8/22/2012 16:00,33.01873356
8/22/2012 17:00,30.68059687
8/22/2012 18:00,30.66326151
8/22/2012 19:00,31.87499619
8/22/2012 20:00,32.44636655
8/22/2012 21:00,30.28373063
8/22/2012 22:00,20.20521382
8/22/2012 23:00,25.99269247
8/23/2012 0:00,24.98232826
8/23/2012 1:00,20.01851959
8/23/2012 2:00,22.14609785
8/23/2012 3:00,21.08395081
8/23/2012 4:00,19.33196304
8/23/2012 5:00,20.7400729
8/23/2012 6:00,28.11762833
8/23/2012 7:00,27.39807537
8/23/2012 8:00,27.86618275
8/23/2012 9:00,28.72111154
8/23/2012 10:00,37.50956292
8/23/2012 11:00,36.22328846
8/23/2012 12:00,37.71505845
8/23/2012 13:00,39.35630318
8/23/2012 14:00,35.36383104
8/23/2012 15:00,37.18972738
8/23/2012 16:00,32.10135168
8/23/2012 17:00,33.62591015
8/23/2012 18:00,33.41546334
8/23/2012 19:00,25.85911051
8/23/2012 20:00,27.54005423
8/23/2012 21:00,31.19403774
8/23/2012 22:00,25.34546447
8/23/2012 23:00,22.65863182
8/24/2012 0:00,23.46868153
8/24/2012 1:00,24.99185741
8/24/2012 2:00,21.37293034
8/24/2012 3:00,19.32801672
8/24/2012 4:00,26.121728
8/24/2012 5:00,19.15816843
8/24/2012 6:00,27.10542048
8/24/2012 7:00,26.15801098
8/24/2012 8:00,26.21358553
8/24/2012 9:00,27.2433363
8/24/2012 10:00,36.17155531
8/24/2012 11:00,38.5838068
8/24/2012 12:00,34.93135299
8/24/2012 13:00,36.70015676
8/24/2012 14:00,38.35265252
8/24/2012 15:00,40.38102961
8/24/2012 16:00,34.56880466
8/24/2012 17:00,33.80525634
8/24/2012 18:00,34.98421873
8/24/2012 19:00,34.47916911
8/24/2012 20:00,27.59961272
8/24/2012 21:00,24.23702882
8/24/2012 22:00,19.53975334
8/24/2012 23:00,26.48959171
8/25/2012 0:00,23.89996392
8/25/2012 1:00,19.04886209
8/25/2012 2:00,21.48456785
8/25/2012 3:00,26.06313563
8/25/2012 4:00,25.71934124
8/25/2012 5:00,21.67005474
8/25/2012 6:00,25.12924904
8/25/2012 7:00,27.49074254
8/25/2012 8:00,25.1791457
8/25/2012 9:00,27.43474385
8/25/2012 10:00,35.30583296
8/25/2012 11:00,33.21300027
8/25/2012 12:00,34.35514473
8/25/2012 13:00,40.59404952
8/25/2012 14:00,36.15830285
8/25/2012 15:00,37.80734536
8/25/2012 16:00,30.94142603
8/25/2012 17:00,31.51276558
8/25/2012 18:00,33.64234023
8/25/2012 19:00,31.01529692
8/25/2012 20:00,25.93878567
8/25/2012 21:00,29.47204213
8/25/2012 22:00,23.02004778
8/25/2012 23:00,25.61754807
8/26/2012 0:00,21.09263654
8/26/2012 1:00,19.02964262
8/26/2012 2:00,21.56696435
8/26/2012 3:00,20.94522523
8/26/2012 4:00,24.56922944
8/26/2012 5:00,21.75777264
8/26/2012 6:00,30.04338505
8/26/2012 7:00,30.83173212
8/26/2012 8:00,27.93029256
8/26/2012 9:00,29.22133837
8/26/2012 10:00,37.78357447
8/26/2012 11:00,33.2230216
8/26/2012 12:00,32.23922859
8/26/2012 13:00,39.23263607
8/26/2012 14:00,38.17865173
8/26/2012 15:00,35.98376242
8/26/2012 16:00,32.35527334
8/26/2012 17:00,34.44941091
8/26/2012 18:00,33.07503863
8/26/2012 19:00,30.20930195
8/26/2012 20:00,27.53055283
8/26/2012 21:00,30.20195556
8/26/2012 22:00,26.40429712
8/26/2012 23:00,25.21579418
8/27/2012 0:00,24.46704528
8/27/2012 1:00,25.9296333
8/27/2012 2:00,21.71787577
8/27/2012 3:00,21.74434561
8/27/2012 4:00,19.29970949
8/27/2012 5:00,22.86534808
8/27/2012 6:00,30.68544009
8/27/2012 7:00,30.96452105
8/27/2012 8:00,27.85646358
8/27/2012 9:00,25.12451099
8/27/2012 10:00,36.49105205
8/27/2012 11:00,34.50368385
8/27/2012 12:00,30.98505555
8/27/2012 13:00,38.75857447
8/27/2012 14:00,38.04460986
8/27/2012 15:00,39.70669322
8/27/2012 16:00,34.25302038
8/27/2012 17:00,32.85419071
8/27/2012 18:00,30.73878446
8/27/2012 19:00,26.51969999
8/27/2012 20:00,30.01643551
8/27/2012 21:00,24.04709681
8/27/2012 22:00,24.48220352
8/27/2012 23:00,22.96274711
8/28/2012 0:00,19.47429638
8/28/2012 1:00,23.43679401
8/28/2012 2:00,22.37921563
8/28/2012 3:00,20.58995374
8/28/2012 4:00,19.56233128
8/28/2012 5:00,21.186664
8/28/2012 6:00,28.43669266
8/28/2012 7:00,28.0671968
8/28/2012 8:00,28.09718733
8/28/2012 9:00,26.89781284
8/28/2012 10:00,31.7931426
8/28/2012 11:00,39.5626343
8/28/2012 12:00,33.44278805
8/28/2012 13:00,39.05186055
8/28/2012 14:00,40.4545331
8/28/2012 15:00,38.94473664
8/28/2012 16:00,31.87856549
8/28/2012 17:00,32.86001462
8/28/2012 18:00,34.73041908
8/28/2012 19:00,30.01968604
8/28/2012 20:00,27.1769453
8/28/2012 21:00,27.71160912
8/28/2012 22:00,23.71003517
8/28/2012 23:00,20.9470426
8/29/2012 0:00,24.92844378
8/29/2012 1:00,19.81426172
8/29/2012 2:00,22.12866195
8/29/2012 3:00,24.89418608
8/29/2012 4:00,26.66830856
8/29/2012 5:00,24.65800674
8/29/2012 6:00,29.5533328
8/29/2012 7:00,26.22727302
8/29/2012 8:00,30.94935668
8/29/2012 9:00,28.79497231
8/29/2012 10:00,39.07578728
8/29/2012 11:00,31.80021524
8/29/2012 12:00,37.84228815
8/29/2012 13:00,38.83216844
8/29/2012 14:00,38.25977682
8/29/2012 15:00,39.00299773
8/29/2012 16:00,34.53942595
8/29/2012 17:00,33.02769553
8/29/2012 18:00,31.64325873
8/29/2012 19:00,25.39156262
8/29/2012 20:00,31.62019827
8/29/2012 21:00,27.85819135
8/29/2012 22:00,20.93909551
8/29/2012 23:00,21.28689094
8/30/2012 0:00,19.09769051
8/30/2012 1:00,22.48578809
8/30/2012 2:00,25.88059856
8/30/2012 3:00,25.5121246
8/30/2012 4:00,24.2940462
8/30/2012 5:00,22.87252986
8/30/2012 6:00,29.78537579
8/30/2012 7:00,25.43054768
8/30/2012 8:00,25.0444564
8/30/2012 9:00,27.69129811
8/30/2012 10:00,37.76900103
8/30/2012 11:00,32.79694858
8/30/2012 12:00,34.73009532
8/30/2012 13:00,35.59466503
8/30/2012 14:00,36.38616233
8/30/2012 15:00,37.81007912
8/30/2012 16:00,30.78742738
8/30/2012 17:00,31.05031225
8/30/2012 18:00,32.48591575
8/30/2012 19:00,31.1562249
8/30/2012 20:00,26.29590945
8/30/2012 21:00,30.66513177
8/30/2012 22:00,20.97859537
8/30/2012 23:00,25.61818089
8/31/2012 0:00,24.66112851
8/31/2012 1:00,20.12317726
8/31/2012 2:00,26.90904596
8/31/2012 3:00,25.76475218
8/31/2012 4:00,26.99574391
8/31/2012 5:00,25.64233916
8/31/2012 6:00,29.59826232
8/31/2012 7:00,29.9061281
8/31/2012 8:00,28.48062479
8/31/2012 9:00,25.67604316
8/31/2012 10:00,33.38005151
8/31/2012 11:00,33.05273441
8/31/2012 12:00,36.96589723
8/31/2012 13:00,36.7966683
8/31/2012 14:00,37.16279176
8/31/2012 15:00,40.68873391
8/31/2012 16:00,31.66189345
8/31/2012 17:00,30.08359906
8/31/2012 18:00,31.82778415
8/31/2012 19:00,34.47774429
8/31/2012 20:00,30.30439133
8/31/2012 21:00,25.61366547
8/31/2012 22:00,22.50465715
8/31/2012 23:00,25.76381011
