Date,RF
1/1/2016 1:00,0.490197295
1/1/2016 2:00,0.264709003
1/1/2016 3:00,0.026467466
1/1/2016 4:00,0.652934272
1/1/2016 5:00,0.068023618
1/1/2016 6:00,0.080008283
1/1/2016 7:00,0.090485418
1/1/2016 8:00,0.173704074
1/1/2016 9:00,0.278177134
1/1/2016 10:00,0.402147467
1/1/2016 11:00,0.739621779
1/1/2016 12:00,0.416265665
1/1/2016 13:00,0.921601133
1/1/2016 14:00,0.793302789
1/1/2016 15:00,0.685104235
1/1/2016 16:00,0.277511297
1/1/2016 17:00,0.286044406
1/1/2016 18:00,0.501194451
1/1/2016 19:00,0.137036946
1/1/2016 20:00,0.286911614
1/1/2016 21:00,0.238794953
1/1/2016 22:00,0.452756926
1/1/2016 23:00,0.050549164
1/2/2016 0:00,0.230247692
1/2/2016 1:00,0.751054926
1/2/2016 2:00,0.646180555
1/2/2016 3:00,0.127872813
1/2/2016 4:00,0.478107016
1/2/2016 5:00,0.123266901
1/2/2016 6:00,0.018793598
1/2/2016 7:00,0.214307555
1/2/2016 8:00,0.292483247
1/2/2016 9:00,0.053774794
1/2/2016 10:00,0.432029447
1/2/2016 11:00,0.917620169
1/2/2016 12:00,0.353485059
1/2/2016 13:00,0.612502882
1/2/2016 14:00,0.970688396
1/2/2016 15:00,0.107252112
1/2/2016 16:00,0.313765787
1/2/2016 17:00,0.326128003
1/2/2016 18:00,0.402538186
1/2/2016 19:00,0.185154933
1/2/2016 20:00,0.227969869
1/2/2016 21:00,0.26117172
1/2/2016 22:00,0.518135463
1/2/2016 23:00,0.165471388
1/3/2016 0:00,0.52757022
1/3/2016 1:00,0.108914006
1/3/2016 2:00,0.738357897
1/3/2016 3:00,0.236736917
1/3/2016 4:00,0.419538585
1/3/2016 5:00,0.56651382
1/3/2016 6:00,0.242545781
1/3/2016 7:00,0.285150562
1/3/2016 8:00,0.100449153
1/3/2016 9:00,0.190991368
1/3/2016 10:00,0.391368976
1/3/2016 11:00,0.804742466
1/3/2016 12:00,0.141696738
1/3/2016 13:00,0.686691084
1/3/2016 14:00,0.129593152
1/3/2016 15:00,0.386565093
1/3/2016 16:00,0.135538305
1/3/2016 17:00,0.458594966
1/3/2016 18:00,0.485061824
1/3/2016 19:00,0.136469127
1/3/2016 20:00,0.136145833
1/3/2016 21:00,0.213724372
1/3/2016 22:00,0.239055104
1/3/2016 23:00,0.766501318
1/4/2016 0:00,0.797618293
1/4/2016 1:00,0.215682733
1/4/2016 2:00,0.351148784
1/4/2016 3:00,0.539291292
1/4/2016 4:00,0.788089995
1/4/2016 5:00,0.354816649
1/4/2016 6:00,0.254898295
1/4/2016 7:00,0.155812188
1/4/2016 8:00,0.009371151
1/4/2016 9:00,0.100522585
1/4/2016 10:00,0.184758608
1/4/2016 11:00,0.915418704
1/4/2016 12:00,0.441852364
1/4/2016 13:00,0.303618236
1/4/2016 14:00,0.860520058
1/4/2016 15:00,0.837935697
1/4/2016 16:00,0.580103652
1/4/2016 17:00,0.452737353
1/4/2016 18:00,0.236745092
1/4/2016 19:00,0.244876916
1/4/2016 20:00,0.253828839
1/4/2016 21:00,0.104351727
1/4/2016 22:00,0.714301544
1/4/2016 23:00,0.242197438
1/5/2016 0:00,0.185568531
1/5/2016 1:00,0.166199112
1/5/2016 2:00,0.265870029
1/5/2016 3:00,0.61476295
1/5/2016 4:00,0.552448519
1/5/2016 5:00,0.404303957
1/5/2016 6:00,0.192130457
1/5/2016 7:00,0.184919551
1/5/2016 8:00,0.103464996
1/5/2016 9:00,0.150950501
1/5/2016 10:00,0.750937359
1/5/2016 11:00,0.667551936
1/5/2016 12:00,0.829743794
1/5/2016 13:00,0.339154276
1/5/2016 14:00,0.492941107
1/5/2016 15:00,0.161132185
1/5/2016 16:00,0.172854571
1/5/2016 17:00,0.207044857
1/5/2016 18:00,0.132545081
1/5/2016 19:00,0.298500825
1/5/2016 20:00,0.285162598
1/5/2016 21:00,0.282453971
1/5/2016 22:00,0.143258371
1/5/2016 23:00,0.126862089
1/6/2016 0:00,0.691607621
1/6/2016 1:00,0.195603517
1/6/2016 2:00,0.681495575
1/6/2016 3:00,0.230086313
1/6/2016 4:00,0.508843244
1/6/2016 5:00,0.210591243
1/6/2016 6:00,0.003789971
1/6/2016 7:00,0.269895975
1/6/2016 8:00,0.116985146
1/6/2016 9:00,0.16190048
1/6/2016 10:00,0.471274019
1/6/2016 11:00,0.784824644
1/6/2016 12:00,0.179243112
1/6/2016 13:00,0.112178987
1/6/2016 14:00,0.827057685
1/6/2016 15:00,0.593766105
1/6/2016 16:00,0.256215457
1/6/2016 17:00,0.359294039
1/6/2016 18:00,0.366217527
1/6/2016 19:00,0.230001204
1/6/2016 20:00,0.206034916
1/6/2016 21:00,0.206005467
1/6/2016 22:00,0.587657902
1/6/2016 23:00,0.739511352
1/7/2016 0:00,0.144125382
1/7/2016 1:00,0.495536819
1/7/2016 2:00,0.049335784
1/7/2016 3:00,0.016665741
1/7/2016 4:00,0.034605347
1/7/2016 5:00,0.791101975
1/7/2016 6:00,0.045503636
1/7/2016 7:00,0.141487144
1/7/2016 8:00,0.217247324
1/7/2016 9:00,0.058518572
1/7/2016 10:00,0.41540704
1/7/2016 11:00,0.648612432
1/7/2016 12:00,0.352840666
1/7/2016 13:00,0.958588661
1/7/2016 14:00,0.697385217
1/7/2016 15:00,0.611784595
1/7/2016 16:00,0.465492511
1/7/2016 17:00,0.141856402
1/7/2016 18:00,0.556169688
1/7/2016 19:00,0.267004665
1/7/2016 20:00,0.100023117
1/7/2016 21:00,0.112858437
1/7/2016 22:00,0.62260643
1/7/2016 23:00,0.771341143
1/8/2016 0:00,0.123270422
1/8/2016 1:00,0.383964302
1/8/2016 2:00,0.576145817
1/8/2016 3:00,0.651168039
1/8/2016 4:00,0.655800988
1/8/2016 5:00,0.439956279
1/8/2016 6:00,0.101870663
1/8/2016 7:00,0.04165279
1/8/2016 8:00,0.042089007
1/8/2016 9:00,0.025295762
1/8/2016 10:00,0.400010053
1/8/2016 11:00,0.385815278
1/8/2016 12:00,0.671893364
1/8/2016 13:00,0.950465252
1/8/2016 14:00,0.588884989
1/8/2016 15:00,0.12292989
1/8/2016 16:00,0.599293534
1/8/2016 17:00,0.360766155
1/8/2016 18:00,0.58546792
1/8/2016 19:00,0.253833333
1/8/2016 20:00,0.284286385
1/8/2016 21:00,0.228512589
1/8/2016 22:00,0.086090352
1/8/2016 23:00,0.334998872
1/9/2016 0:00,0.680996063
1/9/2016 1:00,0.732181324
1/9/2016 2:00,0.30318713
1/9/2016 3:00,0.640746845
1/9/2016 4:00,0.485424765
1/9/2016 5:00,0.598649387
1/9/2016 6:00,0.280334931
1/9/2016 7:00,0.113403772
1/9/2016 8:00,0.100252633
1/9/2016 9:00,0.05117269
1/9/2016 10:00,0.29428257
1/9/2016 11:00,0.807735516
1/9/2016 12:00,0.814015803
1/9/2016 13:00,0.497466825
1/9/2016 14:00,0.483691102
1/9/2016 15:00,0.469043903
1/9/2016 16:00,0.268865971
1/9/2016 17:00,0.412829992
1/9/2016 18:00,0.485548076
1/9/2016 19:00,0.198862429
1/9/2016 20:00,0.266298694
1/9/2016 21:00,0.295910157
1/9/2016 22:00,0.550924204
1/9/2016 23:00,0.561169875
1/10/2016 0:00,0.482650613
1/10/2016 1:00,0.303236373
1/10/2016 2:00,0.618077799
1/10/2016 3:00,0.695114373
1/10/2016 4:00,0.334653569
1/10/2016 5:00,0.164894837
1/10/2016 6:00,0.046674882
1/10/2016 7:00,0.216976678
1/10/2016 8:00,0.185310224
1/10/2016 9:00,0.158586182
1/10/2016 10:00,0.84499703
1/10/2016 11:00,0.170191194
1/10/2016 12:00,0.454859895
1/10/2016 13:00,0.202917688
1/10/2016 14:00,0.172034834
1/10/2016 15:00,0.923439003
1/10/2016 16:00,0.263573467
1/10/2016 17:00,0.373044566
1/10/2016 18:00,0.195354828
1/10/2016 19:00,0.196577193
1/10/2016 20:00,0.214942005
1/10/2016 21:00,0.284125646
1/10/2016 22:00,0.355653586
1/10/2016 23:00,0.646201435
1/11/2016 0:00,0.501261712
1/11/2016 1:00,0.21291554
1/11/2016 2:00,0.228321855
1/11/2016 3:00,0.193123319
1/11/2016 4:00,0.460737368
1/11/2016 5:00,0.467348319
1/11/2016 6:00,0.181776249
1/11/2016 7:00,0.286426157
1/11/2016 8:00,0.265935517
1/11/2016 9:00,0.263641454
1/11/2016 10:00,0.836519116
1/11/2016 11:00,0.649578937
1/11/2016 12:00,0.750875726
1/11/2016 13:00,0.342334163
1/11/2016 14:00,0.825651837
1/11/2016 15:00,0.973772343
1/11/2016 16:00,0.517225018
1/11/2016 17:00,0.442242279
1/11/2016 18:00,0.594282211
1/11/2016 19:00,0.125024086
1/11/2016 20:00,0.27397303
1/11/2016 21:00,0.12480646
1/11/2016 22:00,0.658302931
1/11/2016 23:00,0.369279775
1/12/2016 0:00,0.727490699
1/12/2016 1:00,0.532479465
1/12/2016 2:00,0.361250512
1/12/2016 3:00,0.774976321
1/12/2016 4:00,0.430907376
1/12/2016 5:00,0.585891894
1/12/2016 6:00,0.139751111
1/12/2016 7:00,0.279243155
1/12/2016 8:00,0.124085972
1/12/2016 9:00,0.044268664
1/12/2016 10:00,0.660201985
1/12/2016 11:00,0.723612579
1/12/2016 12:00,0.491917919
1/12/2016 13:00,0.879956704
1/12/2016 14:00,0.385743822
1/12/2016 15:00,0.790994817
1/12/2016 16:00,0.556692236
1/12/2016 17:00,0.302242785
1/12/2016 18:00,0.356623164
1/12/2016 19:00,0.145291086
1/12/2016 20:00,0.158793094
1/12/2016 21:00,0.270982609
1/12/2016 22:00,0.13465023
1/12/2016 23:00,0.733858771
1/13/2016 0:00,0.771989907
1/13/2016 1:00,0.046513373
1/13/2016 2:00,0.303378456
1/13/2016 3:00,0.771455516
1/13/2016 4:00,0.717976112
1/13/2016 5:00,0.385253146
1/13/2016 6:00,0.255362128
1/13/2016 7:00,0.151863234
1/13/2016 8:00,0.099941024
1/13/2016 9:00,0.022034721
1/13/2016 10:00,0.324117168
1/13/2016 11:00,0.855278518
1/13/2016 12:00,0.394344635
1/13/2016 13:00,0.633631495
1/13/2016 14:00,0.450965915
1/13/2016 15:00,0.938490806
1/13/2016 16:00,0.340436167
1/13/2016 17:00,0.436796446
1/13/2016 18:00,0.442478243
1/13/2016 19:00,0.281543946
1/13/2016 20:00,0.101207071
1/13/2016 21:00,0.149259925
1/13/2016 22:00,0.058704526
1/13/2016 23:00,0.137236553
1/14/2016 0:00,0.247375248
1/14/2016 1:00,0.798217729
1/14/2016 2:00,0.697642033
1/14/2016 3:00,0.155474986
1/14/2016 4:00,0.55743955
1/14/2016 5:00,0.439690051
1/14/2016 6:00,0.156516043
1/14/2016 7:00,0.151008583
1/14/2016 8:00,0.077846249
1/14/2016 9:00,0.052942306
1/14/2016 10:00,0.810939497
1/14/2016 11:00,0.881333057
1/14/2016 12:00,0.804227501
1/14/2016 13:00,0.995159874
1/14/2016 14:00,0.151860313
1/14/2016 15:00,0.965914143
1/14/2016 16:00,0.566792254
1/14/2016 17:00,0.175905622
1/14/2016 18:00,0.252803725
1/14/2016 19:00,0.190531601
1/14/2016 20:00,0.167832586
1/14/2016 21:00,0.231166345
1/14/2016 22:00,0.609279779
1/14/2016 23:00,0.356606248
1/15/2016 0:00,0.704748133
1/15/2016 1:00,0.769575353
1/15/2016 2:00,0.012086375
1/15/2016 3:00,0.21269548
1/15/2016 4:00,0.071887749
1/15/2016 5:00,0.019001045
1/15/2016 6:00,0.163866938
1/15/2016 7:00,0.10680714
1/15/2016 8:00,0.143459806
1/15/2016 9:00,0.063911941
1/15/2016 10:00,0.787358618
1/15/2016 11:00,0.75376401
1/15/2016 12:00,0.37544172
1/15/2016 13:00,0.218963386
1/15/2016 14:00,0.57344013
1/15/2016 15:00,0.55792414
1/15/2016 16:00,0.506926872
1/15/2016 17:00,0.203815036
1/15/2016 18:00,0.511306609
1/15/2016 19:00,0.144932963
1/15/2016 20:00,0.214253233
1/15/2016 21:00,0.28538299
1/15/2016 22:00,0.108251796
1/15/2016 23:00,0.250459564
1/16/2016 0:00,0.734428969
1/16/2016 1:00,0.036256514
1/16/2016 2:00,0.124003958
1/16/2016 3:00,0.610326784
1/16/2016 4:00,0.302485927
1/16/2016 5:00,0.363117722
1/16/2016 6:00,0.236435651
1/16/2016 7:00,0.051739399
1/16/2016 8:00,0.165383554
1/16/2016 9:00,0.09629839
1/16/2016 10:00,0.545756844
1/16/2016 11:00,0.180537715
1/16/2016 12:00,0.480836273
1/16/2016 13:00,0.117917353
1/16/2016 14:00,0.974192063
1/16/2016 15:00,0.47106766
1/16/2016 16:00,0.474303807
1/16/2016 17:00,0.173728971
1/16/2016 18:00,0.5983895
1/16/2016 19:00,0.203986816
1/16/2016 20:00,0.188759453
1/16/2016 21:00,0.156611453
1/16/2016 22:00,0.162483077
1/16/2016 23:00,0.478662799
1/17/2016 0:00,0.007373168
1/17/2016 1:00,0.244068682
1/17/2016 2:00,0.790363832
1/17/2016 3:00,0.503655595
1/17/2016 4:00,0.130365872
1/17/2016 5:00,0.494861925
1/17/2016 6:00,0.179589752
1/17/2016 7:00,0.242733941
1/17/2016 8:00,0.062778624
1/17/2016 9:00,0.099057626
1/17/2016 10:00,0.940344131
1/17/2016 11:00,0.727985099
1/17/2016 12:00,0.277458099
1/17/2016 13:00,0.289489499
1/17/2016 14:00,0.374395835
1/17/2016 15:00,0.873122096
1/17/2016 16:00,0.340757618
1/17/2016 17:00,0.159777902
1/17/2016 18:00,0.370934365
1/17/2016 19:00,0.139156099
1/17/2016 20:00,0.238747935
1/17/2016 21:00,0.173015121
1/17/2016 22:00,0.406882548
1/17/2016 23:00,0.774321337
1/18/2016 0:00,0.567179994
1/18/2016 1:00,0.041628048
1/18/2016 2:00,0.550480921
1/18/2016 3:00,0.732238925
1/18/2016 4:00,0.072753374
1/18/2016 5:00,0.326432776
1/18/2016 6:00,0.146199575
1/18/2016 7:00,0.276718572
1/18/2016 8:00,0.133589482
1/18/2016 9:00,0.12981727
1/18/2016 10:00,0.555705915
1/18/2016 11:00,0.297653673
1/18/2016 12:00,0.23287165
1/18/2016 13:00,0.581817625
1/18/2016 14:00,0.627917309
1/18/2016 15:00,0.787014899
1/18/2016 16:00,0.531211515
1/18/2016 17:00,0.313018212
1/18/2016 18:00,0.210048665
1/18/2016 19:00,0.204324394
1/18/2016 20:00,0.165551919
1/18/2016 21:00,0.188112998
1/18/2016 22:00,0.724449387
1/18/2016 23:00,0.374166063
1/19/2016 0:00,0.753681698
1/19/2016 1:00,0.213951647
1/19/2016 2:00,0.541150343
1/19/2016 3:00,0.494215477
1/19/2016 4:00,0.531063467
1/19/2016 5:00,0.122714037
1/19/2016 6:00,0.238519545
1/19/2016 7:00,0.137226964
1/19/2016 8:00,0.259618794
1/19/2016 9:00,0.067625603
1/19/2016 10:00,0.570783557
1/19/2016 11:00,0.623737775
1/19/2016 12:00,0.506097504
1/19/2016 13:00,0.891738492
1/19/2016 14:00,0.70954923
1/19/2016 15:00,0.702074078
1/19/2016 16:00,0.489846195
1/19/2016 17:00,0.403419385
1/19/2016 18:00,0.367977947
1/19/2016 19:00,0.119606754
1/19/2016 20:00,0.134710743
1/19/2016 21:00,0.107993205
1/19/2016 22:00,0.146414012
1/19/2016 23:00,0.160765974
1/20/2016 0:00,0.506858339
1/20/2016 1:00,0.12992443
1/20/2016 2:00,0.563984709
1/20/2016 3:00,0.361655862
1/20/2016 4:00,0.01969591
1/20/2016 5:00,0.257827113
1/20/2016 6:00,0.246644417
1/20/2016 7:00,0.1799419
1/20/2016 8:00,0.073190759
1/20/2016 9:00,0.096380772
1/20/2016 10:00,0.350197795
1/20/2016 11:00,0.611350707
1/20/2016 12:00,0.820906513
1/20/2016 13:00,0.687128454
1/20/2016 14:00,0.225914499
1/20/2016 15:00,0.634358512
1/20/2016 16:00,0.536746748
1/20/2016 17:00,0.567817089
1/20/2016 18:00,0.429713785
1/20/2016 19:00,0.117917173
1/20/2016 20:00,0.144121305
1/20/2016 21:00,0.269279817
1/20/2016 22:00,0.346643278
1/20/2016 23:00,0.489710618
1/21/2016 0:00,0.508223616
1/21/2016 1:00,0.367550177
1/21/2016 2:00,0.106134464
1/21/2016 3:00,0.144033914
1/21/2016 4:00,0.390496641
1/21/2016 5:00,0.496278935
1/21/2016 6:00,0.194288203
1/21/2016 7:00,0.185921006
1/21/2016 8:00,0.090001385
1/21/2016 9:00,0.106537607
1/21/2016 10:00,0.238513331
1/21/2016 11:00,0.294083969
1/21/2016 12:00,0.28552112
1/21/2016 13:00,0.545452008
1/21/2016 14:00,0.225504677
1/21/2016 15:00,0.389621207
1/21/2016 16:00,0.285821093
1/21/2016 17:00,0.266275703
1/21/2016 18:00,0.417839288
1/21/2016 19:00,0.163636591
1/21/2016 20:00,0.179138173
1/21/2016 21:00,0.222542695
1/21/2016 22:00,0.63287923
1/21/2016 23:00,0.588422452
1/22/2016 0:00,0.682061494
1/22/2016 1:00,0.703077513
1/22/2016 2:00,0.642446034
1/22/2016 3:00,0.43637365
1/22/2016 4:00,0.213712827
1/22/2016 5:00,0.2974349
1/22/2016 6:00,0.008494389
1/22/2016 7:00,0.057018284
1/22/2016 8:00,0.114287382
1/22/2016 9:00,0.267132642
1/22/2016 10:00,0.546394836
1/22/2016 11:00,0.235916576
1/22/2016 12:00,0.396814376
1/22/2016 13:00,0.763541337
1/22/2016 14:00,0.97590258
1/22/2016 15:00,0.408174522
1/22/2016 16:00,0.12868865
1/22/2016 17:00,0.485767109
1/22/2016 18:00,0.165304267
1/22/2016 19:00,0.138601282
1/22/2016 20:00,0.237039528
1/22/2016 21:00,0.21010526
1/22/2016 22:00,0.724170597
1/22/2016 23:00,0.003004171
1/23/2016 0:00,0.529902
1/23/2016 1:00,0.405124479
1/23/2016 2:00,0.540326703
1/23/2016 3:00,0.332651358
1/23/2016 4:00,0.765923245
1/23/2016 5:00,0.77098928
1/23/2016 6:00,0.178159885
1/23/2016 7:00,0.109670726
1/23/2016 8:00,0.173955912
1/23/2016 9:00,0.126823579
1/23/2016 10:00,0.292390692
1/23/2016 11:00,0.577874665
1/23/2016 12:00,0.840253312
1/23/2016 13:00,0.982832764
1/23/2016 14:00,0.301318037
1/23/2016 15:00,0.156775566
1/23/2016 16:00,0.522761351
1/23/2016 17:00,0.455072741
1/23/2016 18:00,0.520668666
1/23/2016 19:00,0.239105709
1/23/2016 20:00,0.123290206
1/23/2016 21:00,0.183891683
1/23/2016 22:00,0.432068796
1/23/2016 23:00,0.733218032
1/24/2016 0:00,0.63439161
1/24/2016 1:00,0.531979787
1/24/2016 2:00,0.229316155
1/24/2016 3:00,0.13302442
1/24/2016 4:00,0.214366661
1/24/2016 5:00,0.505010719
1/24/2016 6:00,0.241924671
1/24/2016 7:00,0.237499471
1/24/2016 8:00,0.196156086
1/24/2016 9:00,0.14897726
1/24/2016 10:00,0.991657276
1/24/2016 11:00,0.743281192
1/24/2016 12:00,0.8397436
1/24/2016 13:00,0.133209893
1/24/2016 14:00,0.234861606
1/24/2016 15:00,0.353896274
1/24/2016 16:00,0.384473738
1/24/2016 17:00,0.185687182
1/24/2016 18:00,0.437399428
1/24/2016 19:00,0.187284868
1/24/2016 20:00,0.172501535
1/24/2016 21:00,0.142231153
1/24/2016 22:00,0.767633971
1/24/2016 23:00,0.169348616
1/25/2016 0:00,0.483232483
1/25/2016 1:00,0.772770387
1/25/2016 2:00,0.202462466
1/25/2016 3:00,0.231841599
1/25/2016 4:00,0.043729429
1/25/2016 5:00,0.212166865
1/25/2016 6:00,0.163719138
1/25/2016 7:00,0.071833917
1/25/2016 8:00,0.099259354
1/25/2016 9:00,0.166536794
1/25/2016 10:00,0.667382143
1/25/2016 11:00,0.822079248
1/25/2016 12:00,0.671301111
1/25/2016 13:00,0.518198424
1/25/2016 14:00,0.763483125
1/25/2016 15:00,0.59446211
1/25/2016 16:00,0.208844992
1/25/2016 17:00,0.261171688
1/25/2016 18:00,0.218677748
1/25/2016 19:00,0.126081587
1/25/2016 20:00,0.233227964
1/25/2016 21:00,0.196061767
1/25/2016 22:00,0.445468621
1/25/2016 23:00,0.227233808
1/26/2016 0:00,0.237393489
1/26/2016 1:00,0.575338752
1/26/2016 2:00,0.691615096
1/26/2016 3:00,0.242723891
1/26/2016 4:00,0.37268085
1/26/2016 5:00,0.618196541
1/26/2016 6:00,0.08576246
1/26/2016 7:00,0.277125575
1/26/2016 8:00,0.180024362
1/26/2016 9:00,0.213460173
1/26/2016 10:00,0.940974601
1/26/2016 11:00,0.316823817
1/26/2016 12:00,0.400045681
1/26/2016 13:00,0.673299543
1/26/2016 14:00,0.318859619
1/26/2016 15:00,0.296699568
1/26/2016 16:00,0.256247247
1/26/2016 17:00,0.280490142
1/26/2016 18:00,0.550476134
1/26/2016 19:00,0.275950242
1/26/2016 20:00,0.244491304
1/26/2016 21:00,0.173601522
1/26/2016 22:00,0.484721471
1/26/2016 23:00,0.291881663
1/27/2016 0:00,0.302719597
1/27/2016 1:00,0.675418827
1/27/2016 2:00,0.593730018
1/27/2016 3:00,0.672905279
1/27/2016 4:00,0.286285052
1/27/2016 5:00,0.371445341
1/27/2016 6:00,0.086981701
1/27/2016 7:00,0.123852707
1/27/2016 8:00,0.147680375
1/27/2016 9:00,0.177748503
1/27/2016 10:00,0.63179337
1/27/2016 11:00,0.19901699
1/27/2016 12:00,0.860484798
1/27/2016 13:00,0.394762062
1/27/2016 14:00,0.965214781
1/27/2016 15:00,0.808121638
1/27/2016 16:00,0.475048646
1/27/2016 17:00,0.43547406
1/27/2016 18:00,0.164427031
1/27/2016 19:00,0.209526715
1/27/2016 20:00,0.22425183
1/27/2016 21:00,0.290504403
1/27/2016 22:00,0.356602462
1/27/2016 23:00,0.104270382
1/28/2016 0:00,0.685700306
1/28/2016 1:00,0.725790466
1/28/2016 2:00,0.334244366
1/28/2016 3:00,0.642068981
1/28/2016 4:00,0.12998013
1/28/2016 5:00,0.113499073
1/28/2016 6:00,0.234690707
1/28/2016 7:00,0.128804248
1/28/2016 8:00,0.186994681
1/28/2016 9:00,0.249708086
1/28/2016 10:00,0.796100977
1/28/2016 11:00,0.31042711
1/28/2016 12:00,0.507204025
1/28/2016 13:00,0.670989203
1/28/2016 14:00,0.859917708
1/28/2016 15:00,0.870831256
1/28/2016 16:00,0.100875765
1/28/2016 17:00,0.270639574
1/28/2016 18:00,0.224897731
1/28/2016 19:00,0.218437506
1/28/2016 20:00,0.147253763
1/28/2016 21:00,0.163940747
1/28/2016 22:00,0.605610932
1/28/2016 23:00,0.187676194
1/29/2016 0:00,0.458586109
1/29/2016 1:00,0.029011099
1/29/2016 2:00,0.533477409
1/29/2016 3:00,0.628435602
1/29/2016 4:00,0.221220969
1/29/2016 5:00,0.518780429
1/29/2016 6:00,0.13264304
1/29/2016 7:00,0.070273713
1/29/2016 8:00,0.198787783
1/29/2016 9:00,0.067422173
1/29/2016 10:00,0.296984465
1/29/2016 11:00,0.102683463
1/29/2016 12:00,0.769468571
1/29/2016 13:00,0.626934395
1/29/2016 14:00,0.786400925
1/29/2016 15:00,0.834496945
1/29/2016 16:00,0.399777586
1/29/2016 17:00,0.230245639
1/29/2016 18:00,0.205588194
1/29/2016 19:00,0.151905948
1/29/2016 20:00,0.126540159
1/29/2016 21:00,0.269392696
1/29/2016 22:00,0.330034688
1/29/2016 23:00,0.136516833
1/30/2016 0:00,0.547550362
1/30/2016 1:00,0.424916415
1/30/2016 2:00,0.276791006
1/30/2016 3:00,0.621973334
1/30/2016 4:00,0.665468256
1/30/2016 5:00,0.272036892
1/30/2016 6:00,0.130687989
1/30/2016 7:00,0.080253221
1/30/2016 8:00,0.292533098
1/30/2016 9:00,0.078956273
1/30/2016 10:00,0.80472522
1/30/2016 11:00,0.73421974
1/30/2016 12:00,0.714512616
1/30/2016 13:00,0.580743886
1/30/2016 14:00,0.9163628
1/30/2016 15:00,0.831195442
1/30/2016 16:00,0.15401985
1/30/2016 17:00,0.196762883
1/30/2016 18:00,0.171138087
1/30/2016 19:00,0.191527559
1/30/2016 20:00,0.299140831
1/30/2016 21:00,0.184484859
1/30/2016 22:00,0.156404399
1/30/2016 23:00,0.705016559
1/31/2016 0:00,0.594420353
1/31/2016 1:00,0.048906362
1/31/2016 2:00,0.286812648
1/31/2016 3:00,0.28711627
1/31/2016 4:00,0.621838275
1/31/2016 5:00,0.397788933
1/31/2016 6:00,0.224460536
1/31/2016 7:00,0.124415036
1/31/2016 8:00,0.157997824
1/31/2016 9:00,0.029077489
1/31/2016 10:00,0.560528918
1/31/2016 11:00,0.595710613
1/31/2016 12:00,0.997087911
1/31/2016 13:00,0.196755895
1/31/2016 14:00,0.42847504
1/31/2016 15:00,0.765751014
1/31/2016 16:00,0.142467948
1/31/2016 17:00,0.266254417
1/31/2016 18:00,0.397359307
1/31/2016 19:00,0.2595373
1/31/2016 20:00,0.290056626
1/31/2016 21:00,0.113946403
1/31/2016 22:00,0.053199857
1/31/2016 23:00,0.322172849
2/1/2016 0:00,0.004275786
2/1/2016 1:00,0.293783336
2/1/2016 2:00,0.498624311
2/1/2016 3:00,0.589290775
2/1/2016 4:00,0.651664461
2/1/2016 5:00,0.636569688
2/1/2016 6:00,0.251048028
2/1/2016 7:00,0.17416922
2/1/2016 8:00,0.057761753
2/1/2016 9:00,0.247332097
2/1/2016 10:00,0.220306774
2/1/2016 11:00,0.589710095
2/1/2016 12:00,0.470224797
2/1/2016 13:00,0.857662963
2/1/2016 14:00,0.2392224
2/1/2016 15:00,0.196758865
2/1/2016 16:00,0.565237192
2/1/2016 17:00,0.162879736
2/1/2016 18:00,0.185751246
2/1/2016 19:00,0.124523227
2/1/2016 20:00,0.295429921
2/1/2016 21:00,0.123476355
2/1/2016 22:00,0.035220121
2/1/2016 23:00,0.571208853
2/2/2016 0:00,0.117905483
2/2/2016 1:00,0.061528736
2/2/2016 2:00,0.167566378
2/2/2016 3:00,0.591616914
2/2/2016 4:00,0.197720505
2/2/2016 5:00,0.603888076
2/2/2016 6:00,0.291153649
2/2/2016 7:00,0.265804644
2/2/2016 8:00,0.059631637
2/2/2016 9:00,0.216517921
2/2/2016 10:00,0.438382816
2/2/2016 11:00,0.830204919
2/2/2016 12:00,0.708478956
2/2/2016 13:00,0.898611699
2/2/2016 14:00,0.321213233
2/2/2016 15:00,0.353523214
2/2/2016 16:00,0.444414558
2/2/2016 17:00,0.246508263
2/2/2016 18:00,0.5936437
2/2/2016 19:00,0.299002668
2/2/2016 20:00,0.284609071
2/2/2016 21:00,0.129463958
2/2/2016 22:00,0.762755591
2/2/2016 23:00,0.287751497
2/3/2016 0:00,0.108332282
2/3/2016 1:00,0.243919936
2/3/2016 2:00,0.11279113
2/3/2016 3:00,0.560887779
2/3/2016 4:00,0.644603795
2/3/2016 5:00,0.693924655
2/3/2016 6:00,0.133875611
2/3/2016 7:00,0.269639937
2/3/2016 8:00,0.183522534
2/3/2016 9:00,0.269048264
2/3/2016 10:00,0.138622737
2/3/2016 11:00,0.747371848
2/3/2016 12:00,0.380377752
2/3/2016 13:00,0.188671038
2/3/2016 14:00,0.545041688
2/3/2016 15:00,0.780096976
2/3/2016 16:00,0.502963792
2/3/2016 17:00,0.311053419
2/3/2016 18:00,0.17628364
2/3/2016 19:00,0.162202057
2/3/2016 20:00,0.247430039
2/3/2016 21:00,0.170427891
2/3/2016 22:00,0.186673186
2/3/2016 23:00,0.161755967
2/4/2016 0:00,0.681430074
2/4/2016 1:00,0.762727524
2/4/2016 2:00,0.371249453
2/4/2016 3:00,0.18852148
2/4/2016 4:00,0.769833645
2/4/2016 5:00,0.650715473
2/4/2016 6:00,0.163687341
2/4/2016 7:00,0.032327674
2/4/2016 8:00,0.020960491
2/4/2016 9:00,0.021172376
2/4/2016 10:00,0.887272914
2/4/2016 11:00,0.739014657
2/4/2016 12:00,0.335538879
2/4/2016 13:00,0.255364767
2/4/2016 14:00,0.774448647
2/4/2016 15:00,0.475780843
2/4/2016 16:00,0.113569878
2/4/2016 17:00,0.314951386
2/4/2016 18:00,0.177215652
2/4/2016 19:00,0.272873529
2/4/2016 20:00,0.136045702
2/4/2016 21:00,0.228244994
2/4/2016 22:00,0.472996665
2/4/2016 23:00,0.384543338
2/5/2016 0:00,0.745962383
2/5/2016 1:00,0.324527155
2/5/2016 2:00,0.123332967
2/5/2016 3:00,0.431408164
2/5/2016 4:00,0.217886786
2/5/2016 5:00,0.792178721
2/5/2016 6:00,0.216317066
2/5/2016 7:00,0.042532427
2/5/2016 8:00,0.068399227
2/5/2016 9:00,0.183121133
2/5/2016 10:00,0.187849175
2/5/2016 11:00,0.996091404
2/5/2016 12:00,0.682416525
2/5/2016 13:00,0.769197108
2/5/2016 14:00,0.215073684
2/5/2016 15:00,0.300443648
2/5/2016 16:00,0.298962901
2/5/2016 17:00,0.329840885
2/5/2016 18:00,0.509746553
2/5/2016 19:00,0.204848312
2/5/2016 20:00,0.108761696
2/5/2016 21:00,0.102601554
2/5/2016 22:00,0.151173258
2/5/2016 23:00,0.722196222
2/6/2016 0:00,0.302928068
2/6/2016 1:00,0.680668735
2/6/2016 2:00,0.362519117
2/6/2016 3:00,0.00380608
2/6/2016 4:00,0.46359101
2/6/2016 5:00,0.743632354
2/6/2016 6:00,0.10266463
2/6/2016 7:00,0.185126607
2/6/2016 8:00,0.154535102
2/6/2016 9:00,0.107601092
2/6/2016 10:00,0.789780417
2/6/2016 11:00,0.731892949
2/6/2016 12:00,0.33437053
2/6/2016 13:00,0.562304681
2/6/2016 14:00,0.159090789
2/6/2016 15:00,0.759821039
2/6/2016 16:00,0.150733908
2/6/2016 17:00,0.461445212
2/6/2016 18:00,0.585289384
2/6/2016 19:00,0.195238587
2/6/2016 20:00,0.218291262
2/6/2016 21:00,0.258222552
2/6/2016 22:00,0.173312263
2/6/2016 23:00,0.441213424
2/7/2016 0:00,0.031688456
2/7/2016 1:00,0.216618357
2/7/2016 2:00,0.767217108
2/7/2016 3:00,0.160705508
2/7/2016 4:00,0.218711911
2/7/2016 5:00,0.666759642
2/7/2016 6:00,0.270797546
2/7/2016 7:00,0.265950644
2/7/2016 8:00,0.032147286
2/7/2016 9:00,0.167459384
2/7/2016 10:00,0.619736017
2/7/2016 11:00,0.27433352
2/7/2016 12:00,0.956926881
2/7/2016 13:00,0.709768836
2/7/2016 14:00,0.908686521
2/7/2016 15:00,0.814786852
2/7/2016 16:00,0.499099281
2/7/2016 17:00,0.243523434
2/7/2016 18:00,0.142667472
2/7/2016 19:00,0.199901504
2/7/2016 20:00,0.257917337
2/7/2016 21:00,0.164868212
2/7/2016 22:00,0.407590667
2/7/2016 23:00,0.68221158
2/8/2016 0:00,0.147661778
2/8/2016 1:00,0.071655065
2/8/2016 2:00,0.116041418
2/8/2016 3:00,0.689806151
2/8/2016 4:00,0.181980263
2/8/2016 5:00,0.795254078
2/8/2016 6:00,0.152086252
2/8/2016 7:00,0.052613201
2/8/2016 8:00,0.070998096
2/8/2016 9:00,0.224298264
2/8/2016 10:00,0.42585878
2/8/2016 11:00,0.927732732
2/8/2016 12:00,0.677795308
2/8/2016 13:00,0.602911399
2/8/2016 14:00,0.895463839
2/8/2016 15:00,0.430056436
2/8/2016 16:00,0.305123695
2/8/2016 17:00,0.519960985
2/8/2016 18:00,0.194536588
2/8/2016 19:00,0.286699294
2/8/2016 20:00,0.247964411
2/8/2016 21:00,0.297500361
2/8/2016 22:00,0.458092558
2/8/2016 23:00,0.35431104
2/9/2016 0:00,0.346420014
2/9/2016 1:00,0.485941744
2/9/2016 2:00,0.352607873
2/9/2016 3:00,0.671284914
2/9/2016 4:00,0.248203713
2/9/2016 5:00,0.783334373
2/9/2016 6:00,0.164594526
2/9/2016 7:00,0.126284409
2/9/2016 8:00,0.044093352
2/9/2016 9:00,0.20525486
2/9/2016 10:00,0.196604967
2/9/2016 11:00,0.461665611
2/9/2016 12:00,0.336019651
2/9/2016 13:00,0.566475114
2/9/2016 14:00,0.377666286
2/9/2016 15:00,0.133359459
2/9/2016 16:00,0.101898872
2/9/2016 17:00,0.485718278
2/9/2016 18:00,0.274921597
2/9/2016 19:00,0.273717428
2/9/2016 20:00,0.123619426
2/9/2016 21:00,0.278432476
2/9/2016 22:00,0.309538139
2/9/2016 23:00,0.321502122
2/10/2016 0:00,0.035409835
2/10/2016 1:00,0.564441859
2/10/2016 2:00,0.328191718
2/10/2016 3:00,0.171325803
2/10/2016 4:00,0.613504635
2/10/2016 5:00,0.133456852
2/10/2016 6:00,0.064479593
2/10/2016 7:00,0.247369883
2/10/2016 8:00,0.126460487
2/10/2016 9:00,0.098370363
2/10/2016 10:00,0.811175179
2/10/2016 11:00,0.935643169
2/10/2016 12:00,0.70057311
2/10/2016 13:00,0.467686162
2/10/2016 14:00,0.130916835
2/10/2016 15:00,0.100853015
2/10/2016 16:00,0.493445174
2/10/2016 17:00,0.20143672
2/10/2016 18:00,0.57900236
2/10/2016 19:00,0.290665612
2/10/2016 20:00,0.172606434
2/10/2016 21:00,0.282144448
2/10/2016 22:00,0.619817089
2/10/2016 23:00,0.152674031
2/11/2016 0:00,0.406812884
2/11/2016 1:00,0.03717084
2/11/2016 2:00,0.7635138
2/11/2016 3:00,0.424142389
2/11/2016 4:00,0.116615845
2/11/2016 5:00,0.567030081
2/11/2016 6:00,0.228019861
2/11/2016 7:00,0.036260614
2/11/2016 8:00,0.114952777
2/11/2016 9:00,0.071844047
2/11/2016 10:00,0.38148025
2/11/2016 11:00,0.849768525
2/11/2016 12:00,0.805172308
2/11/2016 13:00,0.373543627
2/11/2016 14:00,0.768745454
2/11/2016 15:00,0.664477931
2/11/2016 16:00,0.151898507
2/11/2016 17:00,0.314823643
2/11/2016 18:00,0.424669941
2/11/2016 19:00,0.293691249
2/11/2016 20:00,0.295481824
2/11/2016 21:00,0.160051112
2/11/2016 22:00,0.113278517
2/11/2016 23:00,0.774628138
2/12/2016 0:00,0.467335052
2/12/2016 1:00,0.135846403
2/12/2016 2:00,0.466862811
2/12/2016 3:00,0.334371315
2/12/2016 4:00,0.570377747
2/12/2016 5:00,0.010318096
2/12/2016 6:00,0.067208983
2/12/2016 7:00,0.164765631
2/12/2016 8:00,0.031537542
2/12/2016 9:00,0.110737123
2/12/2016 10:00,0.116143266
2/12/2016 11:00,0.599464792
2/12/2016 12:00,0.232528203
2/12/2016 13:00,0.426456127
2/12/2016 14:00,0.252161321
2/12/2016 15:00,0.579272955
2/12/2016 16:00,0.578178093
2/12/2016 17:00,0.444545202
2/12/2016 18:00,0.54660679
2/12/2016 19:00,0.165537155
2/12/2016 20:00,0.202709063
2/12/2016 21:00,0.251909183
2/12/2016 22:00,0.270883386
2/12/2016 23:00,0.683966854
2/13/2016 0:00,0.080330955
2/13/2016 1:00,0.665808681
2/13/2016 2:00,0.723929646
2/13/2016 3:00,0.033932026
2/13/2016 4:00,0.514617449
2/13/2016 5:00,0.421935939
2/13/2016 6:00,0.131820725
2/13/2016 7:00,0.200500193
2/13/2016 8:00,0.155029461
2/13/2016 9:00,0.260612155
2/13/2016 10:00,0.575892547
2/13/2016 11:00,0.840289328
2/13/2016 12:00,0.937678157
2/13/2016 13:00,0.238957109
2/13/2016 14:00,0.280724718
2/13/2016 15:00,0.610575994
2/13/2016 16:00,0.424361038
2/13/2016 17:00,0.405332837
2/13/2016 18:00,0.129027243
2/13/2016 19:00,0.235861628
2/13/2016 20:00,0.101831729
2/13/2016 21:00,0.241774571
2/13/2016 22:00,0.794777048
2/13/2016 23:00,0.308524879
2/14/2016 0:00,0.260989699
2/14/2016 1:00,0.308768871
2/14/2016 2:00,0.797958607
2/14/2016 3:00,0.447765057
2/14/2016 4:00,0.447933341
2/14/2016 5:00,0.169581856
2/14/2016 6:00,0.039011584
2/14/2016 7:00,0.172897649
2/14/2016 8:00,0.170641674
2/14/2016 9:00,0.204696916
2/14/2016 10:00,0.59308567
2/14/2016 11:00,0.481422543
2/14/2016 12:00,0.684555605
2/14/2016 13:00,0.61161053
2/14/2016 14:00,0.490344342
2/14/2016 15:00,0.609222922
2/14/2016 16:00,0.336193624
2/14/2016 17:00,0.573785349
2/14/2016 18:00,0.158702713
2/14/2016 19:00,0.290104077
2/14/2016 20:00,0.147823562
2/14/2016 21:00,0.10876138
2/14/2016 22:00,0.092763319
2/14/2016 23:00,0.010437049
2/15/2016 0:00,0.102904734
2/15/2016 1:00,0.591221007
2/15/2016 2:00,0.262636254
2/15/2016 3:00,0.112975046
2/15/2016 4:00,0.608864398
2/15/2016 5:00,0.229999372
2/15/2016 6:00,0.179561947
2/15/2016 7:00,0.276969531
2/15/2016 8:00,0.158646047
2/15/2016 9:00,0.252720934
2/15/2016 10:00,0.268548072
2/15/2016 11:00,0.687170781
2/15/2016 12:00,0.807055883
2/15/2016 13:00,0.217143491
2/15/2016 14:00,0.642905672
2/15/2016 15:00,0.853078627
2/15/2016 16:00,0.176649749
2/15/2016 17:00,0.171259459
2/15/2016 18:00,0.109817718
2/15/2016 19:00,0.122689695
2/15/2016 20:00,0.284041774
2/15/2016 21:00,0.276991382
2/15/2016 22:00,0.23783055
2/15/2016 23:00,0.155448491
2/16/2016 0:00,0.364443737
2/16/2016 1:00,0.378450397
2/16/2016 2:00,0.523475266
2/16/2016 3:00,0.017507331
2/16/2016 4:00,0.307027731
2/16/2016 5:00,0.300033925
2/16/2016 6:00,0.289843653
2/16/2016 7:00,0.053755029
2/16/2016 8:00,0.18378219
2/16/2016 9:00,0.176252637
2/16/2016 10:00,0.427270253
2/16/2016 11:00,0.715378738
2/16/2016 12:00,0.183522099
2/16/2016 13:00,0.825423205
2/16/2016 14:00,0.630109196
2/16/2016 15:00,0.749834506
2/16/2016 16:00,0.56616297
2/16/2016 17:00,0.531904291
2/16/2016 18:00,0.443041295
2/16/2016 19:00,0.154915837
2/16/2016 20:00,0.120142543
2/16/2016 21:00,0.174013141
2/16/2016 22:00,0.760688148
2/16/2016 23:00,0.234636172
2/17/2016 0:00,0.217795973
2/17/2016 1:00,0.513191964
2/17/2016 2:00,0.438563396
2/17/2016 3:00,0.099084846
2/17/2016 4:00,0.064936654
2/17/2016 5:00,0.638951601
2/17/2016 6:00,0.042344161
2/17/2016 7:00,0.168350094
2/17/2016 8:00,0.270203638
2/17/2016 9:00,0.106409387
2/17/2016 10:00,0.261059543
2/17/2016 11:00,0.637651699
2/17/2016 12:00,0.939855268
2/17/2016 13:00,0.389299641
2/17/2016 14:00,0.875276104
2/17/2016 15:00,0.861818959
2/17/2016 16:00,0.321900867
2/17/2016 17:00,0.522454012
2/17/2016 18:00,0.533591319
2/17/2016 19:00,0.235636889
2/17/2016 20:00,0.250057668
2/17/2016 21:00,0.17590712
2/17/2016 22:00,0.532008234
2/17/2016 23:00,0.587740257
2/18/2016 0:00,0.518450178
2/18/2016 1:00,0.124518502
2/18/2016 2:00,0.051797427
2/18/2016 3:00,0.492710838
2/18/2016 4:00,0.393992629
2/18/2016 5:00,0.101557104
2/18/2016 6:00,0.106569198
2/18/2016 7:00,0.195763893
2/18/2016 8:00,0.222698111
2/18/2016 9:00,0.052782193
2/18/2016 10:00,0.950440115
2/18/2016 11:00,0.197761674
2/18/2016 12:00,0.105768361
2/18/2016 13:00,0.54546527
2/18/2016 14:00,0.881401129
2/18/2016 15:00,0.597326573
2/18/2016 16:00,0.203215701
2/18/2016 17:00,0.541213356
2/18/2016 18:00,0.488588204
2/18/2016 19:00,0.249205036
2/18/2016 20:00,0.173785622
2/18/2016 21:00,0.124548895
2/18/2016 22:00,0.650153075
2/18/2016 23:00,0.673304747
2/19/2016 0:00,0.568894597
2/19/2016 1:00,0.450773847
2/19/2016 2:00,0.779314518
2/19/2016 3:00,0.2369691
2/19/2016 4:00,0.253376679
2/19/2016 5:00,0.030610263
2/19/2016 6:00,0.038459868
2/19/2016 7:00,0.090685802
2/19/2016 8:00,0.007602323
2/19/2016 9:00,0.022717515
2/19/2016 10:00,0.530916342
2/19/2016 11:00,0.309274449
2/19/2016 12:00,0.809122461
2/19/2016 13:00,0.226440492
2/19/2016 14:00,0.882957991
2/19/2016 15:00,0.22502069
2/19/2016 16:00,0.405616981
2/19/2016 17:00,0.324779795
2/19/2016 18:00,0.202417838
2/19/2016 19:00,0.130424189
2/19/2016 20:00,0.127117153
2/19/2016 21:00,0.220480744
2/19/2016 22:00,0.577540469
2/19/2016 23:00,0.44225129
2/20/2016 0:00,0.739421552
2/20/2016 1:00,0.604900932
2/20/2016 2:00,0.169554379
2/20/2016 3:00,0.558567222
2/20/2016 4:00,0.77312464
2/20/2016 5:00,0.229531007
2/20/2016 6:00,0.069140076
2/20/2016 7:00,0.28269566
2/20/2016 8:00,0.097281154
2/20/2016 9:00,0.252056848
2/20/2016 10:00,0.878717985
2/20/2016 11:00,0.612980967
2/20/2016 12:00,0.982693
2/20/2016 13:00,0.338771059
2/20/2016 14:00,0.369335376
2/20/2016 15:00,0.684859151
2/20/2016 16:00,0.496476035
2/20/2016 17:00,0.143229645
2/20/2016 18:00,0.314999007
2/20/2016 19:00,0.227898638
2/20/2016 20:00,0.250923101
2/20/2016 21:00,0.219294333
2/20/2016 22:00,0.196723451
2/20/2016 23:00,0.165645676
2/21/2016 0:00,0.664657566
2/21/2016 1:00,0.625734403
2/21/2016 2:00,0.538541013
2/21/2016 3:00,0.651372571
2/21/2016 4:00,0.639750666
2/21/2016 5:00,0.392176544
2/21/2016 6:00,0.234652134
2/21/2016 7:00,0.249943888
2/21/2016 8:00,0.15257347
2/21/2016 9:00,0.165908357
2/21/2016 10:00,0.55793639
2/21/2016 11:00,0.142935856
2/21/2016 12:00,0.198163848
2/21/2016 13:00,0.673360251
2/21/2016 14:00,0.676131844
2/21/2016 15:00,0.985584356
2/21/2016 16:00,0.317784737
2/21/2016 17:00,0.531393291
2/21/2016 18:00,0.134437901
2/21/2016 19:00,0.277962103
2/21/2016 20:00,0.15536197
2/21/2016 21:00,0.258358966
2/21/2016 22:00,0.549721088
2/21/2016 23:00,0.20831495
2/22/2016 0:00,0.191465059
2/22/2016 1:00,0.37787488
2/22/2016 2:00,0.167848242
2/22/2016 3:00,0.579418966
2/22/2016 4:00,0.239193194
2/22/2016 5:00,0.490639806
2/22/2016 6:00,0.199183368
2/22/2016 7:00,0.197613422
2/22/2016 8:00,0.151739924
2/22/2016 9:00,0.22770362
2/22/2016 10:00,0.751637019
2/22/2016 11:00,0.237396868
2/22/2016 12:00,0.877170693
2/22/2016 13:00,0.350097797
2/22/2016 14:00,0.815343402
2/22/2016 15:00,0.746835483
2/22/2016 16:00,0.581079717
2/22/2016 17:00,0.174844544
2/22/2016 18:00,0.28240109
2/22/2016 19:00,0.128021216
2/22/2016 20:00,0.162108514
2/22/2016 21:00,0.175584499
2/22/2016 22:00,0.16349787
2/22/2016 23:00,0.236822515
2/23/2016 0:00,0.058334826
2/23/2016 1:00,0.031097277
2/23/2016 2:00,0.081054481
2/23/2016 3:00,0.749191389
2/23/2016 4:00,0.189909217
2/23/2016 5:00,0.125058888
2/23/2016 6:00,0.083365591
2/23/2016 7:00,0.10225345
2/23/2016 8:00,0.084972451
2/23/2016 9:00,0.282161854
2/23/2016 10:00,0.8351743
2/23/2016 11:00,0.716351401
2/23/2016 12:00,0.235378841
2/23/2016 13:00,0.57783993
2/23/2016 14:00,0.93757477
2/23/2016 15:00,0.752346341
2/23/2016 16:00,0.423160133
2/23/2016 17:00,0.550842253
2/23/2016 18:00,0.282405221
2/23/2016 19:00,0.247073766
2/23/2016 20:00,0.202098486
2/23/2016 21:00,0.280250575
2/23/2016 22:00,0.206994209
2/23/2016 23:00,0.454719271
2/24/2016 0:00,0.329074344
2/24/2016 1:00,0.680682826
2/24/2016 2:00,0.462410598
2/24/2016 3:00,0.545685288
2/24/2016 4:00,0.701544167
2/24/2016 5:00,0.216450201
2/24/2016 6:00,0.028448441
2/24/2016 7:00,0.004273375
2/24/2016 8:00,0.123935246
2/24/2016 9:00,0.047601248
2/24/2016 10:00,0.168753037
2/24/2016 11:00,0.643757949
2/24/2016 12:00,0.337436511
2/24/2016 13:00,0.978548848
2/24/2016 14:00,0.663161952
2/24/2016 15:00,0.687075125
2/24/2016 16:00,0.180394917
2/24/2016 17:00,0.505315575
2/24/2016 18:00,0.464957107
2/24/2016 19:00,0.233988534
2/24/2016 20:00,0.195342605
2/24/2016 21:00,0.225985352
2/24/2016 22:00,0.70703241
2/24/2016 23:00,0.53114259
2/25/2016 0:00,0.117762372
2/25/2016 1:00,0.660122123
2/25/2016 2:00,0.616209901
2/25/2016 3:00,0.34134091
2/25/2016 4:00,0.792779597
2/25/2016 5:00,0.685495692
2/25/2016 6:00,0.256054071
2/25/2016 7:00,0.206160591
2/25/2016 8:00,0.27051773
2/25/2016 9:00,0.108462041
2/25/2016 10:00,0.388994887
2/25/2016 11:00,0.790326866
2/25/2016 12:00,0.644278704
2/25/2016 13:00,0.65741478
2/25/2016 14:00,0.467373238
2/25/2016 15:00,0.643490266
2/25/2016 16:00,0.564474295
2/25/2016 17:00,0.33034112
2/25/2016 18:00,0.240415366
2/25/2016 19:00,0.113987196
2/25/2016 20:00,0.231018851
2/25/2016 21:00,0.201704051
2/25/2016 22:00,0.556291976
2/25/2016 23:00,0.773722732
2/26/2016 0:00,0.093174205
2/26/2016 1:00,0.345190441
2/26/2016 2:00,0.19165138
2/26/2016 3:00,0.663535691
2/26/2016 4:00,0.30979063
2/26/2016 5:00,0.468749446
2/26/2016 6:00,0.000255656
2/26/2016 7:00,0.134934029
2/26/2016 8:00,0.238355283
2/26/2016 9:00,0.199520586
2/26/2016 10:00,0.192260423
2/26/2016 11:00,0.194812035
2/26/2016 12:00,0.53222221
2/26/2016 13:00,0.464208555
2/26/2016 14:00,0.490318298
2/26/2016 15:00,0.401883081
2/26/2016 16:00,0.483006874
2/26/2016 17:00,0.203872101
2/26/2016 18:00,0.487282994
2/26/2016 19:00,0.293462299
2/26/2016 20:00,0.187215258
2/26/2016 21:00,0.211777239
2/26/2016 22:00,0.315125329
2/26/2016 23:00,0.198527114
2/27/2016 0:00,0.127895523
2/27/2016 1:00,0.153692497
2/27/2016 2:00,0.449816657
2/27/2016 3:00,0.203098357
2/27/2016 4:00,0.532518135
2/27/2016 5:00,0.213581007
2/27/2016 6:00,0.21073341
2/27/2016 7:00,0.053651627
2/27/2016 8:00,0.090904085
2/27/2016 9:00,0.029546403
2/27/2016 10:00,0.853359342
2/27/2016 11:00,0.456367188
2/27/2016 12:00,0.387270312
2/27/2016 13:00,0.662946901
2/27/2016 14:00,0.427521704
2/27/2016 15:00,0.196638763
2/27/2016 16:00,0.210619774
2/27/2016 17:00,0.412629332
2/27/2016 18:00,0.29631407
2/27/2016 19:00,0.248495399
2/27/2016 20:00,0.176945568
2/27/2016 21:00,0.211787051
2/27/2016 22:00,0.443348131
2/27/2016 23:00,0.697938263
2/28/2016 0:00,0.528638409
2/28/2016 1:00,0.056246054
2/28/2016 2:00,0.037925435
2/28/2016 3:00,0.539808877
2/28/2016 4:00,0.004925154
2/28/2016 5:00,0.12346104
2/28/2016 6:00,0.06634286
2/28/2016 7:00,0.046929393
2/28/2016 8:00,0.050753153
2/28/2016 9:00,0.227996855
2/28/2016 10:00,0.140577839
2/28/2016 11:00,0.974226454
2/28/2016 12:00,0.581286653
2/28/2016 13:00,0.825008973
2/28/2016 14:00,0.607092178
2/28/2016 15:00,0.211910092
2/28/2016 16:00,0.366470697
2/28/2016 17:00,0.375795664
2/28/2016 18:00,0.419688665
2/28/2016 19:00,0.11908785
2/28/2016 20:00,0.189385053
2/28/2016 21:00,0.205189172
2/28/2016 22:00,0.412842767
2/28/2016 23:00,0.137780486
12/1/2016 0:00,0.562942278
