Date,H
3/1/2021 0:00,764.6963884
3/1/2021 1:00,633.985057
3/1/2021 2:00,518.5473421
3/1/2021 3:00,665.5652168
3/1/2021 4:00,587.9011235
3/1/2021 5:00,772.9908148
3/1/2021 6:00,1065.477604
3/1/2021 7:00,1005.871953
3/1/2021 8:00,1055.629262
3/1/2021 9:00,1188.963547
3/1/2021 10:00,1119.274213
3/1/2021 11:00,1117.193362
3/1/2021 12:00,1154.805522
3/1/2021 13:00,1202.22832
3/1/2021 14:00,1364.048457
3/1/2021 15:00,1060.528411
3/1/2021 16:00,1398.746975
3/1/2021 17:00,1485.445411
3/1/2021 18:00,1377.321205
3/1/2021 19:00,1067.327664
3/1/2021 20:00,1013.052825
3/1/2021 21:00,983.8487726
3/1/2021 22:00,665.3601111
3/1/2021 23:00,529.965323
3/2/2021 0:00,687.1282622
3/2/2021 1:00,560.6665227
3/2/2021 2:00,702.6353994
3/2/2021 3:00,655.5541018
3/2/2021 4:00,702.1621062
3/2/2021 5:00,739.603603
3/2/2021 6:00,1174.644771
3/2/2021 7:00,1112.617529
3/2/2021 8:00,1189.221493
3/2/2021 9:00,1016.357609
3/2/2021 10:00,1115.156167
3/2/2021 11:00,1190.89728
3/2/2021 12:00,1174.583559
3/2/2021 13:00,904.4707189
3/2/2021 14:00,1230.743803
3/2/2021 15:00,1086.650406
3/2/2021 16:00,1470.27207
3/2/2021 17:00,1334.374784
3/2/2021 18:00,1366.59487
3/2/2021 19:00,1058.108615
3/2/2021 20:00,969.9186824
3/2/2021 21:00,1047.670203
3/2/2021 22:00,675.8668092
3/2/2021 23:00,680.0853081
3/3/2021 0:00,553.4526008
3/3/2021 1:00,638.8734502
3/3/2021 2:00,798.5354128
3/3/2021 3:00,784.5161209
3/3/2021 4:00,612.7693951
3/3/2021 5:00,561.0199441
3/3/2021 6:00,1188.609899
3/3/2021 7:00,1192.300595
3/3/2021 8:00,1083.653431
3/3/2021 9:00,1180.839194
3/3/2021 10:00,1148.407611
3/3/2021 11:00,1152.101109
3/3/2021 12:00,1167.030133
3/3/2021 13:00,971.657947
3/3/2021 14:00,1201.626048
3/3/2021 15:00,1171.089288
3/3/2021 16:00,1366.888751
3/3/2021 17:00,1378.965751
3/3/2021 18:00,1432.216815
3/3/2021 19:00,966.6103521
3/3/2021 20:00,967.4989474
3/3/2021 21:00,984.6026586
3/3/2021 22:00,696.5317118
3/3/2021 23:00,598.1024069
3/4/2021 0:00,657.5720107
3/4/2021 1:00,765.7487892
3/4/2021 2:00,753.6157758
3/4/2021 3:00,673.3759553
3/4/2021 4:00,595.8349804
3/4/2021 5:00,573.3406131
3/4/2021 6:00,1066.777466
3/4/2021 7:00,1024.324766
3/4/2021 8:00,1172.398018
3/4/2021 9:00,1141.084331
3/4/2021 10:00,1144.115622
3/4/2021 11:00,1165.974366
3/4/2021 12:00,1110.197576
3/4/2021 13:00,1311.065679
3/4/2021 14:00,1356.752384
3/4/2021 15:00,1254.528577
3/4/2021 16:00,1454.242992
3/4/2021 17:00,1332.665086
3/4/2021 18:00,1336.991324
3/4/2021 19:00,1003.812026
3/4/2021 20:00,941.9757198
3/4/2021 21:00,984.0848546
3/4/2021 22:00,650.8706767
3/4/2021 23:00,766.6669645
3/5/2021 0:00,670.9243405
3/5/2021 1:00,781.2275046
3/5/2021 2:00,694.2019089
3/5/2021 3:00,651.7000926
3/5/2021 4:00,603.200549
3/5/2021 5:00,715.0186447
3/5/2021 6:00,1108.695122
3/5/2021 7:00,1124.282024
3/5/2021 8:00,1182.221248
3/5/2021 9:00,1108.610719
3/5/2021 10:00,1199.881809
3/5/2021 11:00,1157.265696
3/5/2021 12:00,1155.848884
3/5/2021 13:00,926.5420922
3/5/2021 14:00,1336.375874
3/5/2021 15:00,1362.03969
3/5/2021 16:00,1444.832159
3/5/2021 17:00,1310.748134
3/5/2021 18:00,1338.278173
3/5/2021 19:00,1059.286628
3/5/2021 20:00,1003.932051
3/5/2021 21:00,1013.403137
3/5/2021 22:00,624.5176091
3/5/2021 23:00,771.846452
3/6/2021 0:00,665.5781997
3/6/2021 1:00,695.9873143
3/6/2021 2:00,500.422437
3/6/2021 3:00,599.3780104
3/6/2021 4:00,649.7989454
3/6/2021 5:00,706.4439805
3/6/2021 6:00,1074.073442
3/6/2021 7:00,1167.171749
3/6/2021 8:00,1036.319349
3/6/2021 9:00,1082.527977
3/6/2021 10:00,1150.156215
3/6/2021 11:00,1148.932061
3/6/2021 12:00,1159.891653
3/6/2021 13:00,967.1728631
3/6/2021 14:00,1103.919068
3/6/2021 15:00,888.3982568
3/6/2021 16:00,1474.394178
3/6/2021 17:00,1305.355059
3/6/2021 18:00,1338.387617
3/6/2021 19:00,909.7458469
3/6/2021 20:00,989.2630154
3/6/2021 21:00,944.2442818
3/6/2021 22:00,780.9057579
3/6/2021 23:00,760.0245397
3/7/2021 0:00,517.2207922
3/7/2021 1:00,595.839757
3/7/2021 2:00,782.6317249
3/7/2021 3:00,606.4058329
3/7/2021 4:00,788.4912914
3/7/2021 5:00,680.4068137
3/7/2021 6:00,1039.890709
3/7/2021 7:00,1190.094268
3/7/2021 8:00,1108.17185
3/7/2021 9:00,1107.366636
3/7/2021 10:00,1109.443085
3/7/2021 11:00,1132.505594
3/7/2021 12:00,1199.72863
3/7/2021 13:00,1012.039393
3/7/2021 14:00,985.5345983
3/7/2021 15:00,1368.084852
3/7/2021 16:00,1321.581475
3/7/2021 17:00,1366.136167
3/7/2021 18:00,1357.805104
3/7/2021 19:00,1081.114404
3/7/2021 20:00,943.6528761
3/7/2021 21:00,1007.605318
3/7/2021 22:00,567.9191602
3/7/2021 23:00,641.3238622
3/8/2021 0:00,645.0812119
3/8/2021 1:00,642.596164
3/8/2021 2:00,688.6965517
3/8/2021 3:00,749.3926386
3/8/2021 4:00,764.7170948
3/8/2021 5:00,701.9612149
3/8/2021 6:00,1082.459142
3/8/2021 7:00,1059.051843
3/8/2021 8:00,1093.995049
3/8/2021 9:00,1114.174493
3/8/2021 10:00,1156.17506
3/8/2021 11:00,1116.844809
3/8/2021 12:00,1198.404004
3/8/2021 13:00,826.9644544
3/8/2021 14:00,1188.416346
3/8/2021 15:00,1352.321904
3/8/2021 16:00,1340.520104
3/8/2021 17:00,1473.685925
3/8/2021 18:00,1407.372145
3/8/2021 19:00,1093.514349
3/8/2021 20:00,1053.573899
3/8/2021 21:00,989.4275162
3/8/2021 22:00,696.1800467
3/8/2021 23:00,549.6745704
3/9/2021 0:00,644.8562817
3/9/2021 1:00,584.2101226
3/9/2021 2:00,778.3229062
3/9/2021 3:00,561.3015401
3/9/2021 4:00,759.3832211
3/9/2021 5:00,705.1804922
3/9/2021 6:00,1110.430753
3/9/2021 7:00,1122.443325
3/9/2021 8:00,1158.952355
3/9/2021 9:00,1094.039477
3/9/2021 10:00,1188.530359
3/9/2021 11:00,1196.100413
3/9/2021 12:00,1151.963593
3/9/2021 13:00,1129.429737
3/9/2021 14:00,1166.482182
3/9/2021 15:00,914.0708979
3/9/2021 16:00,1400.49682
3/9/2021 17:00,1304.645124
3/9/2021 18:00,1430.480608
3/9/2021 19:00,922.1270426
3/9/2021 20:00,1097.141502
3/9/2021 21:00,954.894762
3/9/2021 22:00,652.5179631
3/9/2021 23:00,750.223169
3/10/2021 0:00,594.6418679
3/10/2021 1:00,740.0130964
3/10/2021 2:00,765.8554258
3/10/2021 3:00,766.1941462
3/10/2021 4:00,590.9264895
3/10/2021 5:00,660.8209068
3/10/2021 6:00,1069.487007
3/10/2021 7:00,1036.547937
3/10/2021 8:00,1172.276141
3/10/2021 9:00,1192.426743
3/10/2021 10:00,1145.109544
3/10/2021 11:00,1171.86481
3/10/2021 12:00,1198.82509
3/10/2021 13:00,962.7788847
3/10/2021 14:00,1340.188894
3/10/2021 15:00,943.4150771
3/10/2021 16:00,1347.685444
3/10/2021 17:00,1407.937126
3/10/2021 18:00,1456.337095
3/10/2021 19:00,908.1092644
3/10/2021 20:00,1080.168079
3/10/2021 21:00,921.0144459
3/10/2021 22:00,784.9394539
3/10/2021 23:00,725.5862935
3/11/2021 0:00,657.0261783
3/11/2021 1:00,691.2117072
3/11/2021 2:00,565.6329675
3/11/2021 3:00,503.7794111
3/11/2021 4:00,570.9967232
3/11/2021 5:00,646.4056315
3/11/2021 6:00,1066.857382
3/11/2021 7:00,1051.88147
3/11/2021 8:00,1125.689778
3/11/2021 9:00,1189.331015
3/11/2021 10:00,1149.614879
3/11/2021 11:00,1187.82807
3/11/2021 12:00,1180.255799
3/11/2021 13:00,915.3551305
3/11/2021 14:00,1296.924551
3/11/2021 15:00,878.7477665
3/11/2021 16:00,1318.683633
3/11/2021 17:00,1442.887466
3/11/2021 18:00,1493.105486
3/11/2021 19:00,1049.847011
3/11/2021 20:00,998.2894762
3/11/2021 21:00,1037.872468
3/11/2021 22:00,599.9353617
3/11/2021 23:00,620.7435821
3/12/2021 0:00,712.2324992
3/12/2021 1:00,745.9509537
3/12/2021 2:00,507.7121024
3/12/2021 3:00,517.4577136
3/12/2021 4:00,670.8598733
3/12/2021 5:00,587.1568439
3/12/2021 6:00,1125.83468
3/12/2021 7:00,1080.716688
3/12/2021 8:00,1116.482868
3/12/2021 9:00,1012.646999
3/12/2021 10:00,1115.071126
3/12/2021 11:00,1123.168767
3/12/2021 12:00,1102.569526
3/12/2021 13:00,1141.035447
3/12/2021 14:00,1034.546116
3/12/2021 15:00,1351.101698
3/12/2021 16:00,1302.67579
3/12/2021 17:00,1325.453694
3/12/2021 18:00,1420.682466
3/12/2021 19:00,1036.911539
3/12/2021 20:00,1010.978898
3/12/2021 21:00,973.8113706
3/12/2021 22:00,607.3829433
3/12/2021 23:00,561.4340489
3/13/2021 0:00,723.9442478
3/13/2021 1:00,796.7235984
3/13/2021 2:00,636.7055366
3/13/2021 3:00,532.5024853
3/13/2021 4:00,561.9770615
3/13/2021 5:00,768.3132329
3/13/2021 6:00,1011.225194
3/13/2021 7:00,1042.986225
3/13/2021 8:00,1048.16161
3/13/2021 9:00,1082.480419
3/13/2021 10:00,1147.312473
3/13/2021 11:00,1101.673937
3/13/2021 12:00,1115.406918
3/13/2021 13:00,1150.343195
3/13/2021 14:00,1048.79984
3/13/2021 15:00,1398.417085
3/13/2021 16:00,1335.908987
3/13/2021 17:00,1308.640535
3/13/2021 18:00,1411.348213
3/13/2021 19:00,1031.352131
3/13/2021 20:00,972.4623881
3/13/2021 21:00,1022.131488
3/13/2021 22:00,691.7062801
3/13/2021 23:00,574.9539159
3/14/2021 0:00,748.300421
3/14/2021 1:00,679.8952243
3/14/2021 2:00,658.9567691
3/14/2021 3:00,706.8624588
3/14/2021 4:00,514.4539628
3/14/2021 5:00,775.8176051
3/14/2021 6:00,1172.489633
3/14/2021 7:00,1158.52774
3/14/2021 8:00,1196.46445
3/14/2021 9:00,1108.008836
3/14/2021 10:00,1106.406526
3/14/2021 11:00,1145.087057
3/14/2021 12:00,1147.307885
3/14/2021 13:00,1192.034434
3/14/2021 14:00,1046.562816
3/14/2021 15:00,852.629924
3/14/2021 16:00,1346.274589
3/14/2021 17:00,1400.418512
3/14/2021 18:00,1385.412199
3/14/2021 19:00,1076.01795
3/14/2021 20:00,1088.373708
3/14/2021 21:00,995.6944374
3/14/2021 22:00,618.7365837
3/14/2021 23:00,727.0288182
3/15/2021 0:00,575.1219241
3/15/2021 1:00,667.0311735
3/15/2021 2:00,591.6044885
3/15/2021 3:00,783.5990633
3/15/2021 4:00,570.7979927
3/15/2021 5:00,780.8190668
3/15/2021 6:00,1029.442926
3/15/2021 7:00,1112.317252
3/15/2021 8:00,1155.200534
3/15/2021 9:00,1165.635185
3/15/2021 10:00,1187.342951
3/15/2021 11:00,1115.40164
3/15/2021 12:00,1157.333241
3/15/2021 13:00,811.914149
3/15/2021 14:00,925.5602294
3/15/2021 15:00,982.3150029
3/15/2021 16:00,1395.952709
3/15/2021 17:00,1363.284408
3/15/2021 18:00,1336.433458
3/15/2021 19:00,958.9095557
3/15/2021 20:00,961.4347451
3/15/2021 21:00,1098.746655
3/15/2021 22:00,712.8820954
3/15/2021 23:00,744.6946214
3/16/2021 0:00,565.7942139
3/16/2021 1:00,741.9580817
3/16/2021 2:00,736.6999675
3/16/2021 3:00,728.0075726
3/16/2021 4:00,642.6695573
3/16/2021 5:00,676.6765584
3/16/2021 6:00,1055.184844
3/16/2021 7:00,1055.237
3/16/2021 8:00,1111.577369
3/16/2021 9:00,1116.604377
3/16/2021 10:00,1103.60944
3/16/2021 11:00,1141.541149
3/16/2021 12:00,1188.196384
3/16/2021 13:00,1249.99041
3/16/2021 14:00,954.2833586
3/16/2021 15:00,951.4701866
3/16/2021 16:00,1435.495803
3/16/2021 17:00,1414.516018
3/16/2021 18:00,1361.871937
3/16/2021 19:00,1061.316776
3/16/2021 20:00,996.689403
3/16/2021 21:00,1008.50903
3/16/2021 22:00,621.5448143
3/16/2021 23:00,576.2626959
3/17/2021 0:00,590.69453
3/17/2021 1:00,744.1315911
3/17/2021 2:00,702.0767522
3/17/2021 3:00,618.0422667
3/17/2021 4:00,503.1096542
3/17/2021 5:00,537.9460494
3/17/2021 6:00,1191.743676
3/17/2021 7:00,1088.927766
3/17/2021 8:00,1067.892781
3/17/2021 9:00,1062.518251
3/17/2021 10:00,1108.561378
3/17/2021 11:00,1169.727585
3/17/2021 12:00,1130.730124
3/17/2021 13:00,1397.315471
3/17/2021 14:00,960.5287004
3/17/2021 15:00,1134.522235
3/17/2021 16:00,1387.753085
3/17/2021 17:00,1325.577982
3/17/2021 18:00,1438.400916
3/17/2021 19:00,946.7816553
3/17/2021 20:00,970.1816764
3/17/2021 21:00,926.8957019
3/17/2021 22:00,516.5189695
3/17/2021 23:00,765.4722755
3/18/2021 0:00,550.8962033
3/18/2021 1:00,775.279297
3/18/2021 2:00,642.440992
3/18/2021 3:00,670.1175997
3/18/2021 4:00,614.1418493
3/18/2021 5:00,545.6344999
3/18/2021 6:00,1181.89711
3/18/2021 7:00,1050.266875
3/18/2021 8:00,1129.807013
3/18/2021 9:00,1004.332897
3/18/2021 10:00,1153.950788
3/18/2021 11:00,1163.419911
3/18/2021 12:00,1187.834021
3/18/2021 13:00,1266.241378
3/18/2021 14:00,1140.458004
3/18/2021 15:00,1340.913806
3/18/2021 16:00,1435.998891
3/18/2021 17:00,1359.574803
3/18/2021 18:00,1485.294287
3/18/2021 19:00,967.3838811
3/18/2021 20:00,961.8816355
3/18/2021 21:00,1031.989693
3/18/2021 22:00,635.5829421
3/18/2021 23:00,713.9780262
3/19/2021 0:00,544.9528507
3/19/2021 1:00,594.4731959
3/19/2021 2:00,650.4087124
3/19/2021 3:00,630.5861766
3/19/2021 4:00,566.9635553
3/19/2021 5:00,780.6258477
3/19/2021 6:00,1158.345748
3/19/2021 7:00,1083.035097
3/19/2021 8:00,1077.620476
3/19/2021 9:00,1133.204695
3/19/2021 10:00,1170.882493
3/19/2021 11:00,1108.791419
3/19/2021 12:00,1162.272422
3/19/2021 13:00,890.0567821
3/19/2021 14:00,1363.380543
3/19/2021 15:00,1169.863236
3/19/2021 16:00,1453.16952
3/19/2021 17:00,1395.592967
3/19/2021 18:00,1312.382927
3/19/2021 19:00,1012.956939
3/19/2021 20:00,1014.654939
3/19/2021 21:00,990.5668042
3/19/2021 22:00,769.0142341
3/19/2021 23:00,656.6303401
3/20/2021 0:00,588.1500525
3/20/2021 1:00,644.7249993
3/20/2021 2:00,603.4856426
3/20/2021 3:00,727.1407268
3/20/2021 4:00,510.1696372
3/20/2021 5:00,753.8889814
3/20/2021 6:00,1166.019609
3/20/2021 7:00,1169.298598
3/20/2021 8:00,1045.307001
3/20/2021 9:00,1066.625099
3/20/2021 10:00,1194.058392
3/20/2021 11:00,1154.440381
3/20/2021 12:00,1173.785881
3/20/2021 13:00,1313.175298
3/20/2021 14:00,913.5918297
3/20/2021 15:00,925.5205453
3/20/2021 16:00,1374.32285
3/20/2021 17:00,1449.562302
3/20/2021 18:00,1402.958205
3/20/2021 19:00,1092.205832
3/20/2021 20:00,995.2871962
3/20/2021 21:00,1026.67414
3/20/2021 22:00,711.1137058
3/20/2021 23:00,627.8205554
3/21/2021 0:00,554.3572109
3/21/2021 1:00,736.7567487
3/21/2021 2:00,695.0041294
3/21/2021 3:00,516.3373596
3/21/2021 4:00,529.7123283
3/21/2021 5:00,732.9675989
3/21/2021 6:00,1139.730884
3/21/2021 7:00,1026.520253
3/21/2021 8:00,1170.159638
3/21/2021 9:00,1043.389494
3/21/2021 10:00,1126.585623
3/21/2021 11:00,1124.179153
3/21/2021 12:00,1139.892352
3/21/2021 13:00,1202.060769
3/21/2021 14:00,1306.746373
3/21/2021 15:00,966.6956423
3/21/2021 16:00,1311.523679
3/21/2021 17:00,1413.26117
3/21/2021 18:00,1353.298136
3/21/2021 19:00,1075.609663
3/21/2021 20:00,940.3922833
3/21/2021 21:00,1099.320462
3/21/2021 22:00,682.2990355
3/21/2021 23:00,570.5675419
3/22/2021 0:00,765.6127362
3/22/2021 1:00,701.7771221
3/22/2021 2:00,683.3476949
3/22/2021 3:00,665.2235361
3/22/2021 4:00,556.9290179
3/22/2021 5:00,739.8723678
3/22/2021 6:00,1004.830619
3/22/2021 7:00,1067.484853
3/22/2021 8:00,1011.137816
3/22/2021 9:00,1110.203141
3/22/2021 10:00,1164.657737
3/22/2021 11:00,1103.828155
3/22/2021 12:00,1137.030663
3/22/2021 13:00,1209.348698
3/22/2021 14:00,945.6780793
3/22/2021 15:00,1254.433958
3/22/2021 16:00,1401.814318
3/22/2021 17:00,1490.467841
3/22/2021 18:00,1393.698762
3/22/2021 19:00,1069.425434
3/22/2021 20:00,939.5101757
3/22/2021 21:00,930.529487
3/22/2021 22:00,774.4775176
3/22/2021 23:00,691.819029
3/23/2021 0:00,585.5919462
3/23/2021 1:00,725.8625398
3/23/2021 2:00,732.9582998
3/23/2021 3:00,793.9835236
3/23/2021 4:00,598.7393885
3/23/2021 5:00,672.8832249
3/23/2021 6:00,1017.235703
3/23/2021 7:00,1179.805104
3/23/2021 8:00,1035.233333
3/23/2021 9:00,1133.854966
3/23/2021 10:00,1107.371715
3/23/2021 11:00,1123.549012
3/23/2021 12:00,1108.103153
3/23/2021 13:00,1340.452648
3/23/2021 14:00,1219.257411
3/23/2021 15:00,1193.254009
3/23/2021 16:00,1309.24661
3/23/2021 17:00,1384.201588
3/23/2021 18:00,1442.293187
3/23/2021 19:00,1063.206587
3/23/2021 20:00,981.721257
3/23/2021 21:00,1078.184976
3/23/2021 22:00,785.3069798
3/23/2021 23:00,505.9954205
3/24/2021 0:00,527.9352391
3/24/2021 1:00,745.385561
3/24/2021 2:00,566.5766427
3/24/2021 3:00,580.4378504
3/24/2021 4:00,540.704489
3/24/2021 5:00,590.9816064
3/24/2021 6:00,1031.613589
3/24/2021 7:00,1011.06564
3/24/2021 8:00,1132.533774
3/24/2021 9:00,1181.628889
3/24/2021 10:00,1128.089705
3/24/2021 11:00,1117.379233
3/24/2021 12:00,1188.33404
3/24/2021 13:00,1344.861603
3/24/2021 14:00,1080.499869
3/24/2021 15:00,1378.280638
3/24/2021 16:00,1430.537829
3/24/2021 17:00,1312.463793
3/24/2021 18:00,1318.133666
3/24/2021 19:00,1014.848813
3/24/2021 20:00,952.9517876
3/24/2021 21:00,1017.405694
3/24/2021 22:00,672.0539033
3/24/2021 23:00,641.3078671
3/25/2021 0:00,793.175643
3/25/2021 1:00,734.8819043
3/25/2021 2:00,779.7141074
3/25/2021 3:00,571.2876991
3/25/2021 4:00,683.8867961
3/25/2021 5:00,534.011043
3/25/2021 6:00,1086.63233
3/25/2021 7:00,1096.71732
3/25/2021 8:00,1137.488024
3/25/2021 9:00,1135.136969
3/25/2021 10:00,1191.205803
3/25/2021 11:00,1180.706548
3/25/2021 12:00,1135.878805
3/25/2021 13:00,1259.112451
3/25/2021 14:00,1099.87531
3/25/2021 15:00,1042.825643
3/25/2021 16:00,1338.857075
3/25/2021 17:00,1311.815298
3/25/2021 18:00,1352.58116
3/25/2021 19:00,1015.058688
3/25/2021 20:00,947.0256833
3/25/2021 21:00,943.0178992
3/25/2021 22:00,765.450368
3/25/2021 23:00,675.5061195
3/26/2021 0:00,525.4924978
3/26/2021 1:00,725.0242818
3/26/2021 2:00,695.372188
3/26/2021 3:00,618.0508043
3/26/2021 4:00,655.8364306
3/26/2021 5:00,670.4040019
3/26/2021 6:00,1137.484894
3/26/2021 7:00,1061.843485
3/26/2021 8:00,1091.379468
3/26/2021 9:00,1088.09654
3/26/2021 10:00,1178.028392
3/26/2021 11:00,1164.198614
3/26/2021 12:00,1100.542632
3/26/2021 13:00,839.1252515
3/26/2021 14:00,1394.217203
3/26/2021 15:00,1065.587806
3/26/2021 16:00,1423.998061
3/26/2021 17:00,1317.625027
3/26/2021 18:00,1339.736248
3/26/2021 19:00,900.3358426
3/26/2021 20:00,1040.225136
3/26/2021 21:00,1077.754339
3/26/2021 22:00,536.9698527
3/26/2021 23:00,724.8093698
3/27/2021 0:00,779.7023413
3/27/2021 1:00,638.2327739
3/27/2021 2:00,665.3774448
3/27/2021 3:00,504.9406453
3/27/2021 4:00,790.0999083
3/27/2021 5:00,798.8086187
3/27/2021 6:00,1099.222161
3/27/2021 7:00,1031.138957
3/27/2021 8:00,1138.808792
3/27/2021 9:00,1139.883015
3/27/2021 10:00,1180.877053
3/27/2021 11:00,1169.886724
3/27/2021 12:00,1110.638196
3/27/2021 13:00,1106.709169
3/27/2021 14:00,1030.173225
3/27/2021 15:00,822.5817421
3/27/2021 16:00,1354.471684
3/27/2021 17:00,1443.161425
3/27/2021 18:00,1310.880191
3/27/2021 19:00,1056.955575
3/27/2021 20:00,992.7323536
3/27/2021 21:00,1031.290508
3/27/2021 22:00,599.2004457
3/27/2021 23:00,635.4133446
3/28/2021 0:00,777.0485149
3/28/2021 2:00,644.4135556
3/28/2021 3:00,786.5622198
3/28/2021 4:00,741.45221
3/28/2021 5:00,753.0070331
3/28/2021 6:00,1011.519261
3/28/2021 7:00,1109.560752
3/28/2021 8:00,1084.021166
3/28/2021 9:00,1143.780497
3/28/2021 10:00,1106.215311
3/28/2021 11:00,1176.889008
3/28/2021 12:00,1198.168747
3/28/2021 13:00,1064.595864
3/28/2021 14:00,1126.394899
3/28/2021 15:00,820.9547179
3/28/2021 16:00,1486.321962
3/28/2021 17:00,1464.520061
3/28/2021 18:00,1365.089234
3/28/2021 19:00,910.9522375
3/28/2021 20:00,1049.129919
3/28/2021 21:00,902.0231755
3/28/2021 22:00,779.3834949
3/28/2021 23:00,536.6271687
3/29/2021 0:00,675.458248
3/29/2021 1:00,587.7064789
3/29/2021 2:00,500.1198601
3/29/2021 3:00,665.5135798
3/29/2021 4:00,796.1243663
3/29/2021 5:00,552.1972492
3/29/2021 6:00,1098.035452
3/29/2021 7:00,1075.748756
3/29/2021 8:00,1022.281491
3/29/2021 9:00,1096.608955
3/29/2021 10:00,1191.43126
3/29/2021 11:00,1106.12248
3/29/2021 12:00,1107.804538
3/29/2021 13:00,848.4063456
3/29/2021 14:00,1071.358375
3/29/2021 15:00,1391.351214
3/29/2021 16:00,1410.774376
3/29/2021 17:00,1378.513504
3/29/2021 18:00,1342.476084
3/29/2021 19:00,969.0522326
3/29/2021 20:00,965.9737142
3/29/2021 21:00,996.4344459
3/29/2021 22:00,545.8643248
3/29/2021 23:00,637.5464555
3/30/2021 0:00,572.6520233
3/30/2021 1:00,533.3579201
3/30/2021 2:00,745.9875864
3/30/2021 3:00,794.5507326
3/30/2021 4:00,558.8188482
3/30/2021 5:00,784.2774059
3/30/2021 6:00,1146.885166
3/30/2021 7:00,1045.15164
3/30/2021 8:00,1068.430269
3/30/2021 9:00,1113.392019
3/30/2021 10:00,1150.647909
3/30/2021 11:00,1183.067661
3/30/2021 12:00,1177.411689
3/30/2021 13:00,967.6346585
3/30/2021 14:00,1278.749207
3/30/2021 15:00,848.05545
3/30/2021 16:00,1497.986088
3/30/2021 17:00,1469.484173
3/30/2021 18:00,1460.434065
3/30/2021 19:00,1078.288611
3/30/2021 20:00,918.2992484
3/30/2021 21:00,1052.420996
3/30/2021 22:00,616.8023994
3/30/2021 23:00,756.892951
3/31/2021 0:00,524.6225198
3/31/2021 1:00,726.3286687
3/31/2021 2:00,661.1654206
3/31/2021 3:00,616.8735539
3/31/2021 4:00,696.1444513
3/31/2021 5:00,525.5539997
3/31/2021 6:00,1029.036849
3/31/2021 7:00,1084.65579
3/31/2021 8:00,1176.62021
3/31/2021 9:00,1097.817816
3/31/2021 10:00,1149.181637
3/31/2021 11:00,1105.229062
3/31/2021 12:00,1141.43277
3/31/2021 13:00,823.7280909
3/31/2021 14:00,1154.191178
3/31/2021 15:00,958.5085187
3/31/2021 16:00,1459.394121
3/31/2021 17:00,1308.212588
3/31/2021 18:00,1323.995233
3/31/2021 19:00,1079.409875
3/31/2021 20:00,1068.831251
3/31/2021 21:00,1094.088716
3/31/2021 22:00,699.414714
3/31/2021 23:00,768.6709567
4/1/2021 0:00,692.4474584
4/1/2021 1:00,738.9312637
4/1/2021 2:00,685.8254985
4/1/2021 3:00,597.4652133
4/1/2021 4:00,702.7220317
4/1/2021 5:00,688.3548952
4/1/2021 6:00,1111.617454
4/1/2021 7:00,1117.443071
4/1/2021 8:00,1013.498241
4/1/2021 9:00,1146.486749
4/1/2021 10:00,1188.822923
4/1/2021 11:00,1173.087527
4/1/2021 12:00,1193.325485
4/1/2021 13:00,1360.277053
4/1/2021 14:00,821.3523935
4/1/2021 15:00,1267.964522
4/1/2021 16:00,1478.041352
4/1/2021 17:00,1464.38591
4/1/2021 18:00,1445.438402
4/1/2021 19:00,948.8278972
4/1/2021 20:00,1041.628019
4/1/2021 21:00,905.0883888
4/1/2021 22:00,644.8793636
4/1/2021 23:00,508.6674003
4/2/2021 0:00,764.2580727
4/2/2021 1:00,637.7589967
4/2/2021 2:00,510.7457019
4/2/2021 3:00,673.3788525
4/2/2021 4:00,586.0794405
4/2/2021 5:00,545.0846688
4/2/2021 6:00,1017.105548
4/2/2021 7:00,1086.134678
4/2/2021 8:00,1166.052909
4/2/2021 9:00,1057.841034
4/2/2021 10:00,1183.34756
4/2/2021 11:00,1179.382817
4/2/2021 12:00,1125.541429
4/2/2021 13:00,1149.34268
4/2/2021 14:00,960.6461925
4/2/2021 15:00,1220.678509
4/2/2021 16:00,1371.56258
4/2/2021 17:00,1345.856089
4/2/2021 18:00,1455.629131
4/2/2021 19:00,948.4071791
4/2/2021 20:00,1077.961259
4/2/2021 21:00,1077.171503
4/2/2021 22:00,517.7627164
4/2/2021 23:00,750.2677282
4/3/2021 0:00,707.2416195
4/3/2021 1:00,751.2443584
4/3/2021 2:00,571.7630216
4/3/2021 3:00,660.720608
4/3/2021 4:00,748.3167389
4/3/2021 5:00,681.8426346
4/3/2021 6:00,1179.334287
4/3/2021 7:00,1027.608756
4/3/2021 8:00,1189.840671
4/3/2021 9:00,1176.01461
4/3/2021 10:00,1184.987415
4/3/2021 11:00,1139.852026
4/3/2021 12:00,1169.65623
4/3/2021 13:00,882.003962
4/3/2021 14:00,861.1707123
4/3/2021 15:00,867.3784963
4/3/2021 16:00,1347.225692
4/3/2021 17:00,1316.082984
4/3/2021 18:00,1379.226408
4/3/2021 19:00,1001.239043
4/3/2021 20:00,963.9011825
4/3/2021 21:00,1068.92399
4/3/2021 22:00,655.3607296
4/3/2021 23:00,529.6745363
4/4/2021 0:00,797.8612612
4/4/2021 1:00,772.1122542
4/4/2021 2:00,652.1041735
4/4/2021 3:00,790.2459406
4/4/2021 4:00,620.3753798
4/4/2021 5:00,716.7308631
4/4/2021 6:00,1192.976365
4/4/2021 7:00,1008.357602
4/4/2021 8:00,1172.110289
4/4/2021 9:00,1023.216808
4/4/2021 10:00,1189.06214
4/4/2021 11:00,1176.359277
4/4/2021 12:00,1177.059465
4/4/2021 13:00,1275.926879
4/4/2021 14:00,1295.488096
4/4/2021 15:00,959.4738143
4/4/2021 16:00,1426.710904
4/4/2021 17:00,1441.479546
4/4/2021 18:00,1369.071637
4/4/2021 19:00,1048.723377
4/4/2021 20:00,970.5317444
4/4/2021 21:00,1091.324455
4/4/2021 22:00,639.2498147
4/4/2021 23:00,618.1995601
4/5/2021 0:00,788.5030306
4/5/2021 1:00,566.5331088
4/5/2021 2:00,525.5113648
4/5/2021 3:00,633.2883829
4/5/2021 4:00,739.8166126
4/5/2021 5:00,610.6114405
4/5/2021 6:00,1148.994353
4/5/2021 7:00,1162.164555
4/5/2021 8:00,1057.966805
4/5/2021 9:00,1120.502046
4/5/2021 10:00,1181.01444
4/5/2021 11:00,1101.398614
4/5/2021 12:00,1157.593699
4/5/2021 13:00,822.9513503
4/5/2021 14:00,1303.016763
4/5/2021 15:00,1302.823173
4/5/2021 16:00,1451.956777
4/5/2021 17:00,1352.322841
4/5/2021 18:00,1338.597094
4/5/2021 19:00,1059.076882
4/5/2021 20:00,1070.067905
4/5/2021 21:00,1000.164086
4/5/2021 22:00,515.0942362
4/5/2021 23:00,518.0051708
4/6/2021 0:00,696.1101925
4/6/2021 1:00,641.7221817
4/6/2021 2:00,571.9016513
4/6/2021 3:00,517.6556706
4/6/2021 4:00,775.1590751
4/6/2021 5:00,757.1254166
4/6/2021 6:00,1172.203397
4/6/2021 7:00,1160.442583
4/6/2021 8:00,1195.366654
4/6/2021 9:00,1032.014342
4/6/2021 10:00,1193.932788
4/6/2021 11:00,1184.793873
4/6/2021 12:00,1142.465111
4/6/2021 13:00,829.4852322
4/6/2021 14:00,1045.683349
4/6/2021 15:00,1314.457343
4/6/2021 16:00,1307.989898
4/6/2021 17:00,1392.177524
4/6/2021 18:00,1302.200427
4/6/2021 19:00,986.2863202
4/6/2021 20:00,1087.280014
4/6/2021 21:00,941.9346829
4/6/2021 22:00,709.611252
4/6/2021 23:00,598.1764425
4/7/2021 0:00,787.8810819
4/7/2021 1:00,598.9435751
4/7/2021 2:00,664.5428542
4/7/2021 3:00,739.1040314
4/7/2021 4:00,561.4905118
4/7/2021 5:00,680.6968081
4/7/2021 6:00,1185.283887
4/7/2021 7:00,1088.62832
4/7/2021 8:00,1062.310043
4/7/2021 9:00,1074.585283
4/7/2021 10:00,1174.69614
4/7/2021 11:00,1113.225293
4/7/2021 12:00,1147.029312
4/7/2021 13:00,831.3626086
4/7/2021 14:00,926.9386607
4/7/2021 15:00,1389.243136
4/7/2021 16:00,1314.492715
4/7/2021 17:00,1440.583319
4/7/2021 18:00,1489.218689
4/7/2021 19:00,960.6379426
4/7/2021 20:00,915.900806
4/7/2021 21:00,1088.486395
4/7/2021 22:00,710.5335706
4/7/2021 23:00,735.1105683
4/8/2021 0:00,600.7598836
4/8/2021 1:00,529.0681449
4/8/2021 2:00,515.9137843
4/8/2021 3:00,601.2053072
4/8/2021 4:00,563.8125911
4/8/2021 5:00,797.8597944
4/8/2021 6:00,1125.961651
4/8/2021 7:00,1098.083523
4/8/2021 8:00,1141.755512
4/8/2021 9:00,1059.880031
4/8/2021 10:00,1124.363084
4/8/2021 11:00,1174.622134
4/8/2021 12:00,1113.828412
4/8/2021 13:00,1191.958651
4/8/2021 14:00,810.9295638
4/8/2021 15:00,1004.600898
4/8/2021 16:00,1494.339451
4/8/2021 17:00,1453.125892
4/8/2021 18:00,1305.912487
4/8/2021 19:00,980.741269
4/8/2021 20:00,964.0024153
4/8/2021 21:00,924.4783043
4/8/2021 22:00,599.6279303
4/8/2021 23:00,551.8523698
4/9/2021 0:00,625.5875885
4/9/2021 1:00,748.915247
4/9/2021 2:00,684.0775965
4/9/2021 3:00,600.7973838
4/9/2021 4:00,613.7021786
4/9/2021 5:00,584.7503909
4/9/2021 6:00,1074.406635
4/9/2021 7:00,1006.030253
4/9/2021 8:00,1161.809474
4/9/2021 9:00,1095.118476
4/9/2021 10:00,1177.614886
4/9/2021 11:00,1181.569115
4/9/2021 12:00,1193.788941
4/9/2021 13:00,965.3305005
4/9/2021 14:00,1354.707086
4/9/2021 15:00,1239.079483
4/9/2021 16:00,1435.071356
4/9/2021 17:00,1466.301067
4/9/2021 18:00,1428.015375
4/9/2021 19:00,913.295588
4/9/2021 20:00,1035.975966
4/9/2021 21:00,939.1814018
4/9/2021 22:00,544.7534046
4/9/2021 23:00,751.3132352
4/10/2021 0:00,714.1765386
4/10/2021 1:00,728.5789391
4/10/2021 2:00,784.2845189
4/10/2021 3:00,798.3735396
4/10/2021 4:00,782.8309613
4/10/2021 5:00,793.8969721
4/10/2021 6:00,1055.433744
4/10/2021 7:00,1059.885113
4/10/2021 8:00,1032.446035
4/10/2021 9:00,1056.568439
4/10/2021 10:00,1121.788965
4/10/2021 11:00,1111.260733
4/10/2021 12:00,1198.984478
4/10/2021 13:00,949.9829133
4/10/2021 14:00,1291.125215
4/10/2021 15:00,940.8561529
4/10/2021 16:00,1377.155211
4/10/2021 17:00,1439.078636
4/10/2021 18:00,1376.186362
4/10/2021 19:00,1000.950879
4/10/2021 20:00,950.5345485
4/10/2021 21:00,982.3197736
4/10/2021 22:00,748.9774581
4/10/2021 23:00,762.6229798
4/11/2021 0:00,550.015193
4/11/2021 1:00,774.1932331
4/11/2021 2:00,609.1156419
4/11/2021 3:00,757.9926863
4/11/2021 4:00,573.5758009
4/11/2021 5:00,634.7055801
4/11/2021 6:00,1095.603906
4/11/2021 7:00,1023.088127
4/11/2021 8:00,1043.696883
4/11/2021 9:00,1171.046261
4/11/2021 10:00,1154.234507
4/11/2021 11:00,1169.545055
4/11/2021 12:00,1135.629898
4/11/2021 13:00,1079.380028
4/11/2021 14:00,1017.207429
4/11/2021 15:00,836.0676319
4/11/2021 16:00,1309.007283
4/11/2021 17:00,1463.696072
4/11/2021 18:00,1364.437261
4/11/2021 19:00,984.1441804
4/11/2021 20:00,941.7597389
4/11/2021 21:00,1039.535525
4/11/2021 22:00,615.5807382
4/11/2021 23:00,687.8318607
4/12/2021 0:00,781.7382307
4/12/2021 1:00,732.0223977
4/12/2021 2:00,652.9693692
4/12/2021 3:00,782.6277
4/12/2021 4:00,651.8286931
4/12/2021 5:00,783.621363
4/12/2021 6:00,1008.666275
4/12/2021 7:00,1123.785044
4/12/2021 8:00,1161.864119
4/12/2021 9:00,1137.373704
4/12/2021 10:00,1165.762969
4/12/2021 11:00,1185.734805
4/12/2021 12:00,1148.920452
4/12/2021 13:00,1356.254978
4/12/2021 14:00,827.0348094
4/12/2021 15:00,1303.128716
4/12/2021 16:00,1481.280821
4/12/2021 17:00,1363.172591
4/12/2021 18:00,1416.731073
4/12/2021 19:00,956.5055494
4/12/2021 20:00,983.2209114
4/12/2021 21:00,1039.445505
4/12/2021 22:00,509.1722734
4/12/2021 23:00,784.428741
4/13/2021 0:00,760.6476923
4/13/2021 1:00,584.1797601
4/13/2021 2:00,510.9031552
4/13/2021 3:00,788.6861108
4/13/2021 4:00,681.7734294
4/13/2021 5:00,668.0751177
4/13/2021 6:00,1184.212874
4/13/2021 7:00,1131.081258
4/13/2021 8:00,1058.812786
4/13/2021 9:00,1044.440356
4/13/2021 10:00,1130.92943
4/13/2021 11:00,1165.939061
4/13/2021 12:00,1135.538711
4/13/2021 13:00,1048.113039
4/13/2021 14:00,1300.615731
4/13/2021 15:00,1274.610652
4/13/2021 16:00,1322.148144
4/13/2021 17:00,1312.678924
4/13/2021 18:00,1439.376565
4/13/2021 19:00,995.2785075
4/13/2021 20:00,1052.397755
4/13/2021 21:00,1069.771235
4/13/2021 22:00,594.4599148
4/13/2021 23:00,674.7605392
4/14/2021 0:00,696.9838763
4/14/2021 1:00,543.3275499
4/14/2021 2:00,577.1889104
4/14/2021 3:00,769.8187417
4/14/2021 4:00,758.3811377
4/14/2021 5:00,724.3787566
4/14/2021 6:00,1179.818095
4/14/2021 7:00,1192.545564
4/14/2021 8:00,1142.082342
4/14/2021 9:00,1138.933858
4/14/2021 10:00,1195.390271
4/14/2021 11:00,1124.281505
4/14/2021 12:00,1170.629927
4/14/2021 13:00,1247.348693
4/14/2021 14:00,1245.991916
4/14/2021 15:00,1331.013933
4/14/2021 16:00,1460.947622
4/14/2021 17:00,1445.123717
4/14/2021 18:00,1447.201193
4/14/2021 19:00,942.8909607
4/14/2021 20:00,1039.271469
4/14/2021 21:00,968.450778
4/14/2021 22:00,662.4456612
4/14/2021 23:00,746.6889261
4/15/2021 0:00,785.3420873
4/15/2021 1:00,520.6983424
4/15/2021 2:00,720.8601106
4/15/2021 3:00,625.224801
4/15/2021 4:00,575.3452835
4/15/2021 5:00,732.4699536
4/15/2021 6:00,1003.113145
4/15/2021 7:00,1112.516132
4/15/2021 8:00,1156.31176
4/15/2021 9:00,1057.719977
4/15/2021 10:00,1105.758717
4/15/2021 11:00,1127.603982
4/15/2021 12:00,1146.809754
4/15/2021 13:00,855.6170072
4/15/2021 14:00,1125.055912
4/15/2021 15:00,1328.027225
4/15/2021 16:00,1419.195877
4/15/2021 17:00,1337.498552
4/15/2021 18:00,1460.341032
4/15/2021 19:00,1063.995625
4/15/2021 20:00,1071.018726
4/15/2021 21:00,1064.794123
4/15/2021 22:00,508.6040806
4/15/2021 23:00,794.9721326
4/16/2021 0:00,641.9182348
4/16/2021 1:00,501.0946219
4/16/2021 2:00,606.862632
4/16/2021 3:00,535.6700647
4/16/2021 4:00,647.2503406
4/16/2021 5:00,622.5584305
4/16/2021 6:00,1033.441225
4/16/2021 7:00,1133.627602
4/16/2021 8:00,1020.699709
4/16/2021 9:00,1043.043079
4/16/2021 10:00,1192.336358
4/16/2021 11:00,1143.94165
4/16/2021 12:00,1155.648194
4/16/2021 13:00,1198.056843
4/16/2021 14:00,872.7758808
4/16/2021 15:00,954.8141418
4/16/2021 16:00,1306.302118
4/16/2021 17:00,1308.012771
4/16/2021 18:00,1460.542744
4/16/2021 19:00,1041.302252
4/16/2021 20:00,1058.585378
4/16/2021 21:00,1022.846461
4/16/2021 22:00,781.1474068
4/16/2021 23:00,549.9281799
4/17/2021 0:00,608.8119427
4/17/2021 1:00,591.8110508
4/17/2021 2:00,799.9135757
4/17/2021 3:00,604.3467837
4/17/2021 4:00,524.5828032
4/17/2021 5:00,746.8861712
4/17/2021 6:00,1038.868906
4/17/2021 7:00,1026.814191
4/17/2021 8:00,1108.587922
4/17/2021 9:00,1109.224952
4/17/2021 10:00,1187.359942
4/17/2021 11:00,1111.789096
4/17/2021 12:00,1145.146912
4/17/2021 13:00,967.0653764
4/17/2021 14:00,1251.74518
4/17/2021 15:00,1264.343308
4/17/2021 16:00,1325.813983
4/17/2021 17:00,1374.50946
4/17/2021 18:00,1471.35808
4/17/2021 19:00,1046.526788
4/17/2021 20:00,945.8957294
4/17/2021 21:00,1001.526782
4/17/2021 22:00,566.1247801
4/17/2021 23:00,511.1055195
4/18/2021 0:00,776.1735715
4/18/2021 1:00,551.9758322
4/18/2021 2:00,783.9739957
4/18/2021 3:00,517.7751348
4/18/2021 4:00,694.6529587
4/18/2021 5:00,753.3049095
4/18/2021 6:00,1166.860042
4/18/2021 7:00,1017.902574
4/18/2021 8:00,1145.851021
4/18/2021 9:00,1097.769479
4/18/2021 10:00,1180.831826
4/18/2021 11:00,1109.635133
4/18/2021 12:00,1107.096552
4/18/2021 13:00,1157.678703
4/18/2021 14:00,1085.435426
4/18/2021 15:00,1396.190132
4/18/2021 16:00,1436.156124
4/18/2021 17:00,1310.284584
4/18/2021 18:00,1363.284076
4/18/2021 19:00,1046.804886
4/18/2021 20:00,949.1836059
4/18/2021 21:00,953.3458146
4/18/2021 22:00,780.2690333
4/18/2021 23:00,743.1645853
4/19/2021 0:00,721.4832329
4/19/2021 1:00,599.2175393
4/19/2021 2:00,739.0556455
4/19/2021 3:00,789.5398748
4/19/2021 4:00,792.5801795
4/19/2021 5:00,561.038861
4/19/2021 6:00,1157.085997
4/19/2021 7:00,1060.361519
4/19/2021 8:00,1150.553499
4/19/2021 9:00,1194.141799
4/19/2021 10:00,1116.721342
4/19/2021 11:00,1123.23378
4/19/2021 12:00,1187.593228
4/19/2021 13:00,900.9765506
4/19/2021 14:00,1056.766341
4/19/2021 15:00,842.5112435
4/19/2021 16:00,1388.455756
4/19/2021 17:00,1421.793764
4/19/2021 18:00,1359.829687
4/19/2021 19:00,984.0312849
4/19/2021 20:00,1006.419076
4/19/2021 21:00,1054.249284
4/19/2021 22:00,631.7882602
4/19/2021 23:00,533.663385
4/20/2021 0:00,768.2408105
4/20/2021 1:00,502.7328369
4/20/2021 2:00,648.3115661
4/20/2021 3:00,556.6047114
4/20/2021 4:00,598.343457
4/20/2021 5:00,560.1319711
4/20/2021 6:00,1033.636392
4/20/2021 7:00,1000.01921
4/20/2021 8:00,1178.470243
4/20/2021 9:00,1031.696205
4/20/2021 10:00,1192.97982
4/20/2021 11:00,1125.85396
4/20/2021 12:00,1118.735193
4/20/2021 13:00,1245.040093
4/20/2021 14:00,1060.65625
4/20/2021 15:00,914.4650709
4/20/2021 16:00,1319.874235
4/20/2021 17:00,1434.796944
4/20/2021 18:00,1499.811835
4/20/2021 19:00,935.1580838
4/20/2021 20:00,987.5298856
4/20/2021 21:00,1066.572358
4/20/2021 22:00,706.8847234
4/20/2021 23:00,520.4951723
4/21/2021 0:00,796.8879059
4/21/2021 1:00,629.1660263
4/21/2021 2:00,734.9144301
4/21/2021 3:00,570.8053886
4/21/2021 4:00,623.9513903
4/21/2021 5:00,696.6910738
4/21/2021 6:00,1057.146748
4/21/2021 7:00,1010.055432
4/21/2021 8:00,1058.546229
4/21/2021 9:00,1197.255256
4/21/2021 10:00,1156.321101
4/21/2021 11:00,1191.137026
4/21/2021 12:00,1150.408525
4/21/2021 13:00,1050.059353
4/21/2021 14:00,933.0891235
4/21/2021 15:00,1373.213808
4/21/2021 16:00,1388.832766
4/21/2021 17:00,1389.388876
4/21/2021 18:00,1478.414122
4/21/2021 19:00,942.1676055
4/21/2021 20:00,1034.175273
4/21/2021 21:00,935.3469133
4/21/2021 22:00,664.7015855
4/21/2021 23:00,723.7435298
4/22/2021 0:00,689.1879714
4/22/2021 1:00,532.0643233
4/22/2021 2:00,592.5005007
4/22/2021 3:00,673.3744254
4/22/2021 4:00,584.5695046
4/22/2021 5:00,562.0403447
4/22/2021 6:00,1099.625013
4/22/2021 7:00,1058.764355
4/22/2021 8:00,1029.666025
4/22/2021 9:00,1102.339868
4/22/2021 10:00,1156.664186
4/22/2021 11:00,1140.741224
4/22/2021 12:00,1126.828261
4/22/2021 13:00,1113.356935
4/22/2021 14:00,1303.687447
4/22/2021 15:00,927.8271751
4/22/2021 16:00,1452.761109
4/22/2021 17:00,1399.176933
4/22/2021 18:00,1340.570503
4/22/2021 19:00,1035.374321
4/22/2021 20:00,1085.20198
4/22/2021 21:00,1050.574878
4/22/2021 22:00,624.0475149
4/22/2021 23:00,678.1755089
4/23/2021 0:00,690.0146297
4/23/2021 1:00,575.7308721
4/23/2021 2:00,780.4345835
4/23/2021 3:00,636.8170077
4/23/2021 4:00,745.6356687
4/23/2021 5:00,565.3599139
4/23/2021 6:00,1100.857365
4/23/2021 7:00,1074.623559
4/23/2021 8:00,1111.082278
4/23/2021 9:00,1114.723996
4/23/2021 10:00,1175.963786
4/23/2021 11:00,1191.83009
4/23/2021 12:00,1192.734688
4/23/2021 13:00,1123.165658
4/23/2021 14:00,1396.026692
4/23/2021 15:00,1026.199939
4/23/2021 16:00,1472.914407
4/23/2021 17:00,1321.677926
4/23/2021 18:00,1367.428258
4/23/2021 19:00,981.0173377
4/23/2021 20:00,1052.286558
4/23/2021 21:00,1076.651315
4/23/2021 22:00,676.4960466
4/23/2021 23:00,525.9778064
4/24/2021 0:00,540.9888391
4/24/2021 1:00,691.2553912
4/24/2021 2:00,685.1043473
4/24/2021 3:00,550.4087461
4/24/2021 4:00,692.3797194
4/24/2021 5:00,662.0698367
4/24/2021 6:00,1122.779473
4/24/2021 7:00,1099.855601
4/24/2021 8:00,1051.472955
4/24/2021 9:00,1098.009789
4/24/2021 10:00,1172.153069
4/24/2021 11:00,1130.597992
4/24/2021 12:00,1171.658253
4/24/2021 13:00,979.9678439
4/24/2021 14:00,1288.379917
4/24/2021 15:00,882.0770361
4/24/2021 16:00,1413.95732
4/24/2021 17:00,1309.770283
4/24/2021 18:00,1477.201827
4/24/2021 19:00,1059.363459
4/24/2021 20:00,1078.905814
4/24/2021 21:00,942.4380242
4/24/2021 22:00,691.248991
4/24/2021 23:00,714.4212966
4/25/2021 0:00,575.4597243
4/25/2021 1:00,647.234532
4/25/2021 2:00,722.2665556
4/25/2021 3:00,774.4470389
4/25/2021 4:00,626.6366756
4/25/2021 5:00,727.0717935
4/25/2021 6:00,1192.784601
4/25/2021 7:00,1082.476514
4/25/2021 8:00,1158.137688
4/25/2021 9:00,1189.771453
4/25/2021 10:00,1198.422416
4/25/2021 11:00,1175.789388
4/25/2021 12:00,1195.062074
4/25/2021 13:00,1179.045047
4/25/2021 14:00,1059.25448
4/25/2021 15:00,1357.380922
4/25/2021 16:00,1388.594104
4/25/2021 17:00,1333.902713
4/25/2021 18:00,1346.08752
4/25/2021 19:00,949.9031553
4/25/2021 20:00,975.553654
4/25/2021 21:00,993.572161
4/25/2021 22:00,537.7228118
4/25/2021 23:00,728.5908723
4/26/2021 0:00,737.6196388
4/26/2021 1:00,613.531739
4/26/2021 2:00,738.8402549
4/26/2021 3:00,502.7582721
4/26/2021 4:00,605.9741809
4/26/2021 5:00,529.6441355
4/26/2021 6:00,1121.955757
4/26/2021 7:00,1198.221916
4/26/2021 8:00,1169.035443
4/26/2021 9:00,1126.482554
4/26/2021 10:00,1137.021744
4/26/2021 11:00,1118.064315
4/26/2021 12:00,1171.971273
4/26/2021 13:00,842.3409681
4/26/2021 14:00,1076.819501
4/26/2021 15:00,1093.821477
4/26/2021 16:00,1426.311713
4/26/2021 17:00,1401.704059
4/26/2021 18:00,1483.631177
4/26/2021 19:00,1000.298741
4/26/2021 20:00,1015.115897
4/26/2021 21:00,969.0723454
4/26/2021 22:00,770.1579049
4/26/2021 23:00,776.7637294
4/27/2021 0:00,649.4847364
4/27/2021 1:00,559.2690496
4/27/2021 2:00,701.5531384
4/27/2021 3:00,777.009199
4/27/2021 4:00,501.3877802
4/27/2021 5:00,697.7760688
4/27/2021 6:00,1114.354578
4/27/2021 7:00,1044.922363
4/27/2021 8:00,1017.285893
4/27/2021 9:00,1185.661479
4/27/2021 10:00,1166.4525
4/27/2021 11:00,1133.187165
4/27/2021 12:00,1183.38983
4/27/2021 13:00,1080.194722
4/27/2021 14:00,969.5531568
4/27/2021 15:00,1197.620646
4/27/2021 16:00,1396.034268
4/27/2021 17:00,1308.604077
4/27/2021 18:00,1455.249174
4/27/2021 19:00,995.840877
4/27/2021 20:00,1063.085796
4/27/2021 21:00,1045.57937
4/27/2021 22:00,551.2752945
4/27/2021 23:00,679.4249471
4/28/2021 0:00,583.1702408
4/28/2021 1:00,637.5881448
4/28/2021 2:00,746.5400816
4/28/2021 3:00,705.840905
4/28/2021 4:00,717.3339277
4/28/2021 5:00,699.1908283
4/28/2021 6:00,1010.222564
4/28/2021 7:00,1070.925374
4/28/2021 8:00,1087.915935
4/28/2021 9:00,1009.231031
4/28/2021 10:00,1102.496684
4/28/2021 11:00,1162.622646
4/28/2021 12:00,1188.54589
4/28/2021 13:00,1339.168119
4/28/2021 14:00,936.8787158
4/28/2021 15:00,1315.113978
4/28/2021 16:00,1360.970915
4/28/2021 17:00,1491.734016
4/28/2021 18:00,1322.036112
4/28/2021 19:00,1049.640461
4/28/2021 20:00,944.4379407
4/28/2021 21:00,1092.517673
4/28/2021 22:00,631.2628614
4/28/2021 23:00,750.0438698
4/29/2021 0:00,690.6747199
4/29/2021 1:00,785.4958999
4/29/2021 2:00,523.2269185
4/29/2021 3:00,772.1854608
4/29/2021 4:00,796.2852806
4/29/2021 5:00,630.7475345
4/29/2021 6:00,1034.72698
4/29/2021 7:00,1051.769399
4/29/2021 8:00,1091.975416
4/29/2021 9:00,1153.229961
4/29/2021 10:00,1133.049519
4/29/2021 11:00,1149.255662
4/29/2021 12:00,1172.81426
4/29/2021 13:00,855.3308752
4/29/2021 14:00,1107.72896
4/29/2021 15:00,1025.008136
4/29/2021 16:00,1314.592899
4/29/2021 17:00,1457.598932
4/29/2021 18:00,1334.58826
4/29/2021 19:00,952.8047449
4/29/2021 20:00,970.1871284
4/29/2021 21:00,972.7492336
4/29/2021 22:00,515.0289674
4/29/2021 23:00,710.0749796
4/30/2021 0:00,665.6323731
4/30/2021 1:00,570.6541049
4/30/2021 2:00,647.6395591
4/30/2021 3:00,777.2692991
4/30/2021 4:00,693.5538832
4/30/2021 5:00,760.529819
4/30/2021 6:00,1027.566207
4/30/2021 7:00,1050.640461
4/30/2021 8:00,1098.497949
4/30/2021 9:00,1114.044908
4/30/2021 10:00,1180.511022
4/30/2021 11:00,1160.517356
4/30/2021 12:00,1155.347642
4/30/2021 13:00,1384.986963
4/30/2021 14:00,1024.589667
4/30/2021 15:00,974.3153014
4/30/2021 16:00,1381.961256
4/30/2021 17:00,1310.958848
4/30/2021 18:00,1498.938529
4/30/2021 19:00,985.270352
4/30/2021 20:00,902.9113375
4/30/2021 21:00,1087.99714
4/30/2021 22:00,722.5354949
4/30/2021 23:00,702.3454852
5/1/2021 0:00,709.8017728
5/1/2021 1:00,618.7266214
5/1/2021 2:00,791.3733208
5/1/2021 3:00,708.5911062
5/1/2021 4:00,615.5695652
5/1/2021 5:00,567.7205641
5/1/2021 6:00,1175.758172
5/1/2021 7:00,1098.224228
5/1/2021 8:00,1166.456133
5/1/2021 9:00,1058.999226
5/1/2021 10:00,1112.833441
5/1/2021 11:00,1113.763024
5/1/2021 12:00,1104.28406
5/1/2021 13:00,1202.762534
5/1/2021 14:00,1058.014925
5/1/2021 15:00,1043.297212
5/1/2021 16:00,1421.707488
5/1/2021 17:00,1455.594193
5/1/2021 18:00,1422.521257
5/1/2021 19:00,1092.101938
5/1/2021 20:00,1078.068761
5/1/2021 21:00,1081.23734
5/1/2021 22:00,748.8233193
5/1/2021 23:00,720.6894574
5/2/2021 0:00,602.750664
5/2/2021 1:00,736.7445548
5/2/2021 2:00,675.0011557
5/2/2021 3:00,652.3338688
5/2/2021 4:00,504.7758658
5/2/2021 5:00,746.077881
5/2/2021 6:00,1151.341779
5/2/2021 7:00,1103.08941
5/2/2021 8:00,1112.17125
5/2/2021 9:00,1167.427149
5/2/2021 10:00,1190.043057
5/2/2021 11:00,1183.59178
5/2/2021 12:00,1117.747818
5/2/2021 13:00,1399.61199
5/2/2021 14:00,821.5156972
5/2/2021 15:00,1351.805596
5/2/2021 16:00,1386.296999
5/2/2021 17:00,1386.750517
5/2/2021 18:00,1465.155917
5/2/2021 19:00,1018.59188
5/2/2021 20:00,976.4699618
5/2/2021 21:00,936.1269538
5/2/2021 22:00,521.0549247
5/2/2021 23:00,766.2608553
5/3/2021 0:00,798.8609834
5/3/2021 1:00,695.9401204
5/3/2021 2:00,752.4781734
5/3/2021 3:00,671.7925018
5/3/2021 4:00,690.8004161
5/3/2021 5:00,788.0327448
5/3/2021 6:00,1174.551135
5/3/2021 7:00,1097.451063
5/3/2021 8:00,1142.310351
5/3/2021 9:00,1182.592497
5/3/2021 10:00,1135.790286
5/3/2021 11:00,1139.293313
5/3/2021 12:00,1105.000665
5/3/2021 13:00,1325.295917
5/3/2021 14:00,988.5299701
5/3/2021 15:00,1371.244106
5/3/2021 16:00,1487.402283
5/3/2021 17:00,1365.619533
5/3/2021 18:00,1396.261881
5/3/2021 19:00,980.8231452
5/3/2021 20:00,970.1427546
5/3/2021 21:00,1028.352468
5/3/2021 22:00,792.3408023
5/3/2021 23:00,697.6335312
5/4/2021 0:00,594.3370317
5/4/2021 1:00,650.448888
5/4/2021 2:00,516.1146023
5/4/2021 3:00,659.4764512
5/4/2021 4:00,703.6424982
5/4/2021 5:00,647.6994276
5/4/2021 6:00,1033.886298
5/4/2021 7:00,1097.527488
5/4/2021 8:00,1037.604081
5/4/2021 9:00,1112.68133
5/4/2021 10:00,1182.492802
5/4/2021 11:00,1133.513057
5/4/2021 12:00,1164.663643
5/4/2021 13:00,1348.286051
5/4/2021 14:00,1176.67859
5/4/2021 15:00,1060.164849
5/4/2021 16:00,1329.803847
5/4/2021 17:00,1344.955791
5/4/2021 18:00,1493.694064
5/4/2021 19:00,920.921189
5/4/2021 20:00,929.0815875
5/4/2021 21:00,943.3184267
5/4/2021 22:00,783.1768399
5/4/2021 23:00,517.5180788
5/5/2021 0:00,712.5052392
5/5/2021 1:00,666.8169135
5/5/2021 2:00,730.6804627
5/5/2021 3:00,773.1202795
5/5/2021 4:00,570.7947974
5/5/2021 5:00,710.1539293
5/5/2021 6:00,1087.011775
5/5/2021 7:00,1167.356508
5/5/2021 8:00,1097.494507
5/5/2021 9:00,1032.023791
5/5/2021 10:00,1114.272262
5/5/2021 11:00,1143.901751
5/5/2021 12:00,1178.486569
5/5/2021 13:00,969.3246132
5/5/2021 14:00,1265.617023
5/5/2021 15:00,914.4840077
5/5/2021 16:00,1398.168385
5/5/2021 17:00,1307.913132
5/5/2021 18:00,1373.499848
5/5/2021 19:00,1015.40344
5/5/2021 20:00,970.1180244
5/5/2021 21:00,1082.442605
5/5/2021 22:00,651.6726669
5/5/2021 23:00,552.590989
5/6/2021 0:00,731.9496902
5/6/2021 1:00,695.1654257
5/6/2021 2:00,502.3925674
5/6/2021 3:00,505.5789565
5/6/2021 4:00,549.4477437
5/6/2021 5:00,767.4371814
5/6/2021 6:00,1014.034306
5/6/2021 7:00,1182.974122
5/6/2021 8:00,1098.980499
5/6/2021 9:00,1169.378476
5/6/2021 10:00,1142.626103
5/6/2021 11:00,1186.509885
5/6/2021 12:00,1178.333811
5/6/2021 13:00,1358.876238
5/6/2021 14:00,1166.828661
5/6/2021 15:00,1101.740988
5/6/2021 16:00,1415.833119
5/6/2021 17:00,1392.961532
5/6/2021 18:00,1365.576299
5/6/2021 19:00,922.2535724
5/6/2021 20:00,984.2424494
5/6/2021 21:00,969.844988
5/6/2021 22:00,789.656799
5/6/2021 23:00,747.7048516
5/7/2021 0:00,610.8893175
5/7/2021 1:00,760.7363564
5/7/2021 2:00,798.155792
5/7/2021 3:00,548.1185951
5/7/2021 4:00,577.4275557
5/7/2021 5:00,520.0581761
5/7/2021 6:00,1100.915343
5/7/2021 7:00,1126.131739
5/7/2021 8:00,1005.137963
5/7/2021 9:00,1128.339421
5/7/2021 10:00,1114.703888
5/7/2021 11:00,1120.02009
5/7/2021 12:00,1138.195618
5/7/2021 13:00,1318.847738
5/7/2021 14:00,1229.983687
5/7/2021 15:00,1274.137862
5/7/2021 16:00,1319.6527
5/7/2021 17:00,1488.875264
5/7/2021 18:00,1492.270259
5/7/2021 19:00,970.1260656
5/7/2021 20:00,999.7509616
5/7/2021 21:00,984.1876945
5/7/2021 22:00,587.5539743
5/7/2021 23:00,563.4948823
5/8/2021 0:00,721.2353997
5/8/2021 1:00,546.3658213
5/8/2021 2:00,767.6743975
5/8/2021 3:00,762.8086003
5/8/2021 4:00,502.9769022
5/8/2021 5:00,766.55629
5/8/2021 6:00,1094.209243
5/8/2021 7:00,1152.366227
5/8/2021 8:00,1068.710728
5/8/2021 9:00,1142.27307
5/8/2021 10:00,1118.760269
5/8/2021 11:00,1188.392223
5/8/2021 12:00,1145.152686
5/8/2021 13:00,893.9748189
5/8/2021 14:00,1298.429798
5/8/2021 15:00,1382.049376
5/8/2021 16:00,1345.746829
5/8/2021 17:00,1404.279987
5/8/2021 18:00,1349.071903
5/8/2021 19:00,1087.930223
5/8/2021 20:00,1021.079368
5/8/2021 21:00,1092.634228
5/8/2021 22:00,765.6750467
5/8/2021 23:00,770.7293463
5/9/2021 0:00,701.6154025
5/9/2021 1:00,710.0534477
5/9/2021 2:00,716.2551267
5/9/2021 3:00,772.3914276
5/9/2021 4:00,787.5917494
5/9/2021 5:00,567.0106374
5/9/2021 6:00,1166.247904
5/9/2021 7:00,1061.017591
5/9/2021 8:00,1019.487544
5/9/2021 9:00,1107.306878
5/9/2021 10:00,1176.206943
5/9/2021 11:00,1154.204351
5/9/2021 12:00,1168.506767
5/9/2021 13:00,1383.590357
5/9/2021 14:00,1312.650055
5/9/2021 15:00,1094.64504
5/9/2021 16:00,1450.019168
5/9/2021 17:00,1329.926152
5/9/2021 18:00,1496.022394
5/9/2021 19:00,957.2472174
5/9/2021 20:00,918.2357746
5/9/2021 21:00,935.6970931
5/9/2021 22:00,727.8280499
5/9/2021 23:00,556.4370253
5/10/2021 0:00,730.6368178
5/10/2021 1:00,578.0303381
5/10/2021 2:00,517.0372873
5/10/2021 3:00,764.8508461
5/10/2021 4:00,626.1116557
5/10/2021 5:00,582.602956
5/10/2021 6:00,1160.159482
5/10/2021 7:00,1080.194576
5/10/2021 8:00,1089.168821
5/10/2021 9:00,1015.330111
5/10/2021 10:00,1197.206471
5/10/2021 11:00,1176.655618
5/10/2021 12:00,1175.075533
5/10/2021 13:00,873.8350384
5/10/2021 14:00,1061.731818
5/10/2021 15:00,844.2691014
5/10/2021 16:00,1468.111624
5/10/2021 17:00,1341.457271
5/10/2021 18:00,1482.302807
5/10/2021 19:00,944.2010337
5/10/2021 20:00,991.3802188
5/10/2021 21:00,1091.583421
5/10/2021 22:00,703.1428913
5/10/2021 23:00,632.6395682
5/11/2021 0:00,561.8601415
5/11/2021 1:00,702.9350728
5/11/2021 2:00,514.5037646
5/11/2021 3:00,730.1183044
5/11/2021 4:00,701.8706823
5/11/2021 5:00,568.0583401
5/11/2021 6:00,1170.196841
5/11/2021 7:00,1044.841036
5/11/2021 8:00,1143.186126
5/11/2021 9:00,1180.029327
5/11/2021 10:00,1184.580214
5/11/2021 11:00,1160.896532
5/11/2021 12:00,1140.679561
5/11/2021 13:00,1197.486394
5/11/2021 14:00,1178.377051
5/11/2021 15:00,1022.650517
5/11/2021 16:00,1395.065178
5/11/2021 17:00,1365.846871
5/11/2021 18:00,1389.267952
5/11/2021 19:00,951.2591342
5/11/2021 20:00,976.132821
5/11/2021 21:00,929.1204753
5/11/2021 22:00,760.7673398
5/11/2021 23:00,677.4441866
5/12/2021 0:00,548.8381357
5/12/2021 1:00,541.7952152
5/12/2021 2:00,614.2420046
5/12/2021 3:00,595.4621832
5/12/2021 4:00,658.9497187
5/12/2021 5:00,643.1563646
5/12/2021 6:00,1050.165283
5/12/2021 7:00,1078.583857
5/12/2021 8:00,1073.151435
5/12/2021 9:00,1123.014288
5/12/2021 10:00,1105.373886
5/12/2021 11:00,1105.223922
5/12/2021 12:00,1146.316252
5/12/2021 13:00,1025.684684
5/12/2021 14:00,1348.685606
5/12/2021 15:00,958.935255
5/12/2021 16:00,1359.512263
5/12/2021 17:00,1350.056734
5/12/2021 18:00,1366.206893
5/12/2021 19:00,1023.099815
5/12/2021 20:00,920.6207846
5/12/2021 21:00,957.4262272
5/12/2021 22:00,620.6731724
5/12/2021 23:00,683.8010393
5/13/2021 0:00,760.0370314
5/13/2021 1:00,534.2782696
5/13/2021 2:00,521.0031911
5/13/2021 3:00,758.0385673
5/13/2021 4:00,668.3826583
5/13/2021 5:00,654.9853948
5/13/2021 6:00,1018.817312
5/13/2021 7:00,1179.071335
5/13/2021 8:00,1186.886613
5/13/2021 9:00,1101.62583
5/13/2021 10:00,1193.86237
5/13/2021 11:00,1134.843078
5/13/2021 12:00,1187.346385
5/13/2021 13:00,973.7959041
5/13/2021 14:00,1142.333426
5/13/2021 15:00,1222.88613
5/13/2021 16:00,1446.194216
5/13/2021 17:00,1315.070511
5/13/2021 18:00,1345.482764
5/13/2021 19:00,1017.720105
5/13/2021 20:00,964.9662556
5/13/2021 21:00,947.6345071
5/13/2021 22:00,524.7251419
5/13/2021 23:00,535.7022249
5/14/2021 0:00,540.1161663
5/14/2021 1:00,711.8630696
5/14/2021 2:00,718.9813874
5/14/2021 3:00,746.7031845
5/14/2021 4:00,710.2871409
5/14/2021 5:00,586.1074129
5/14/2021 6:00,1106.889083
5/14/2021 7:00,1053.164352
5/14/2021 8:00,1104.737911
5/14/2021 9:00,1177.65581
5/14/2021 10:00,1138.390321
5/14/2021 11:00,1179.837178
5/14/2021 12:00,1137.454151
5/14/2021 13:00,1102.194604
5/14/2021 14:00,962.497106
5/14/2021 15:00,1174.076382
5/14/2021 16:00,1378.59985
5/14/2021 17:00,1353.648674
5/14/2021 18:00,1417.677556
5/14/2021 19:00,1023.8741
5/14/2021 20:00,1089.892115
5/14/2021 21:00,1035.236964
5/14/2021 22:00,711.5294119
5/14/2021 23:00,746.8033451
5/15/2021 0:00,516.4686037
5/15/2021 1:00,692.8340719
5/15/2021 2:00,647.1386058
5/15/2021 3:00,765.6595137
5/15/2021 4:00,633.2779837
5/15/2021 5:00,501.6243547
5/15/2021 6:00,1161.100582
5/15/2021 7:00,1011.834142
5/15/2021 8:00,1076.407944
5/15/2021 9:00,1027.606457
5/15/2021 10:00,1189.492613
5/15/2021 11:00,1173.837507
5/15/2021 12:00,1108.681678
5/15/2021 13:00,897.5239629
5/15/2021 14:00,1123.669523
5/15/2021 15:00,1207.988671
5/15/2021 16:00,1490.003063
5/15/2021 17:00,1377.081341
5/15/2021 18:00,1390.002883
5/15/2021 19:00,1095.6517
5/15/2021 20:00,1082.102522
5/15/2021 21:00,1019.480106
5/15/2021 22:00,733.6444441
5/15/2021 23:00,712.4497304
5/16/2021 0:00,522.9021309
5/16/2021 1:00,771.9337356
5/16/2021 2:00,590.0372926
5/16/2021 3:00,793.0151348
5/16/2021 4:00,654.8066125
5/16/2021 5:00,647.9027267
5/16/2021 6:00,1101.405873
5/16/2021 7:00,1151.97691
5/16/2021 8:00,1092.129291
5/16/2021 9:00,1085.978371
5/16/2021 10:00,1134.885459
5/16/2021 11:00,1182.392394
5/16/2021 12:00,1134.220382
5/16/2021 13:00,1189.086886
5/16/2021 14:00,1330.791761
5/16/2021 15:00,1128.634345
5/16/2021 16:00,1316.013014
5/16/2021 17:00,1497.602016
5/16/2021 18:00,1324.474596
5/16/2021 19:00,1064.750676
5/16/2021 20:00,939.4553959
5/16/2021 21:00,1007.488205
5/16/2021 22:00,661.262194
5/16/2021 23:00,756.8283415
5/17/2021 0:00,753.3654772
5/17/2021 1:00,516.0753719
5/17/2021 2:00,627.753622
5/17/2021 3:00,688.0329007
5/17/2021 4:00,757.5603577
5/17/2021 5:00,519.0712282
5/17/2021 6:00,1183.690262
5/17/2021 7:00,1188.79654
5/17/2021 8:00,1155.785326
5/17/2021 9:00,1052.210756
5/17/2021 10:00,1183.671234
5/17/2021 11:00,1137.954564
5/17/2021 12:00,1176.776231
5/17/2021 13:00,907.7704224
5/17/2021 14:00,824.3134984
5/17/2021 15:00,1097.079299
5/17/2021 16:00,1462.693443
5/17/2021 17:00,1366.020821
5/17/2021 18:00,1490.362196
5/17/2021 19:00,1019.30606
5/17/2021 20:00,1068.259974
5/17/2021 21:00,994.1531523
5/17/2021 22:00,709.7392427
5/17/2021 23:00,583.8777337
5/18/2021 0:00,561.6703077
5/18/2021 1:00,681.7375478
5/18/2021 2:00,687.9885601
5/18/2021 3:00,763.2715919
5/18/2021 4:00,585.8587479
5/18/2021 5:00,721.0025373
5/18/2021 6:00,1183.486124
5/18/2021 7:00,1180.860002
5/18/2021 8:00,1178.359436
5/18/2021 9:00,1101.506829
5/18/2021 10:00,1137.036653
5/18/2021 11:00,1130.911008
5/18/2021 12:00,1159.749084
5/18/2021 13:00,1164.492034
5/18/2021 14:00,1125.629334
5/18/2021 15:00,1231.073125
5/18/2021 16:00,1473.746361
5/18/2021 17:00,1453.2073
5/18/2021 18:00,1453.098427
5/18/2021 19:00,978.373602
5/18/2021 20:00,1022.591643
5/18/2021 21:00,1094.502266
5/18/2021 22:00,732.8301027
5/18/2021 23:00,721.4351822
5/19/2021 0:00,531.8235963
5/19/2021 1:00,544.5079273
5/19/2021 2:00,610.7341067
5/19/2021 3:00,657.9611428
5/19/2021 4:00,592.5967162
5/19/2021 5:00,666.2221167
5/19/2021 6:00,1121.503647
5/19/2021 7:00,1122.153425
5/19/2021 8:00,1094.68621
5/19/2021 9:00,1042.964005
5/19/2021 10:00,1191.23056
5/19/2021 11:00,1187.673124
5/19/2021 12:00,1157.597745
5/19/2021 13:00,1219.351895
5/19/2021 14:00,1354.261826
5/19/2021 15:00,919.3582838
5/19/2021 16:00,1373.549591
5/19/2021 17:00,1455.663501
5/19/2021 18:00,1403.50992
5/19/2021 19:00,1093.626124
5/19/2021 20:00,1050.556476
5/19/2021 21:00,936.5081785
5/19/2021 22:00,685.3140945
5/19/2021 23:00,757.6714875
5/20/2021 0:00,537.7026326
5/20/2021 1:00,565.9071632
5/20/2021 2:00,569.2683258
5/20/2021 3:00,573.6726088
5/20/2021 4:00,676.4476418
5/20/2021 5:00,546.1866362
5/20/2021 6:00,1129.115666
5/20/2021 7:00,1000.950547
5/20/2021 8:00,1161.454223
5/20/2021 9:00,1025.711913
5/20/2021 10:00,1144.81751
5/20/2021 11:00,1100.243331
5/20/2021 12:00,1182.702061
5/20/2021 13:00,874.5513782
5/20/2021 14:00,1363.739356
5/20/2021 15:00,1267.382608
5/20/2021 16:00,1380.39644
5/20/2021 17:00,1445.591326
5/20/2021 18:00,1438.535076
5/20/2021 19:00,1018.180404
5/20/2021 20:00,1002.291165
5/20/2021 21:00,1026.884119
5/20/2021 22:00,522.0143996
5/20/2021 23:00,553.505093
5/21/2021 0:00,763.5073686
5/21/2021 1:00,764.2524971
5/21/2021 2:00,603.7324708
5/21/2021 3:00,768.068398
5/21/2021 4:00,726.6047691
5/21/2021 5:00,764.1395404
5/21/2021 6:00,1160.652992
5/21/2021 7:00,1058.595507
5/21/2021 8:00,1093.948431
5/21/2021 9:00,1187.629067
5/21/2021 10:00,1191.020954
5/21/2021 11:00,1153.211042
5/21/2021 12:00,1138.614051
5/21/2021 13:00,1316.142036
5/21/2021 14:00,1114.388903
5/21/2021 15:00,1086.552492
5/21/2021 16:00,1306.468969
5/21/2021 17:00,1356.068495
5/21/2021 18:00,1491.741018
5/21/2021 19:00,1068.714502
5/21/2021 20:00,1056.569176
5/21/2021 21:00,981.5848587
5/21/2021 22:00,763.8655415
5/21/2021 23:00,601.6842771
5/22/2021 0:00,505.6107481
5/22/2021 1:00,751.2625844
5/22/2021 2:00,763.1913594
5/22/2021 3:00,713.8002131
5/22/2021 4:00,697.7679392
5/22/2021 5:00,548.5274547
5/22/2021 6:00,1126.982409
5/22/2021 7:00,1155.893517
5/22/2021 8:00,1027.733646
5/22/2021 9:00,1081.434684
5/22/2021 10:00,1171.858811
5/22/2021 11:00,1157.108797
5/22/2021 12:00,1116.783011
5/22/2021 13:00,1140.656728
5/22/2021 14:00,987.0775588
5/22/2021 15:00,1294.381358
5/22/2021 16:00,1371.040896
5/22/2021 17:00,1306.210629
5/22/2021 18:00,1342.082825
5/22/2021 19:00,1055.69799
5/22/2021 20:00,935.4654052
5/22/2021 21:00,1015.363538
5/22/2021 22:00,500.5946894
5/22/2021 23:00,581.8411128
5/23/2021 0:00,593.8588877
5/23/2021 1:00,681.1689497
5/23/2021 2:00,572.415479
5/23/2021 3:00,515.0534953
5/23/2021 4:00,647.8830163
5/23/2021 5:00,636.1422934
5/23/2021 6:00,1111.154527
5/23/2021 7:00,1005.522168
5/23/2021 8:00,1160.412066
5/23/2021 9:00,1082.028281
5/23/2021 10:00,1196.652669
5/23/2021 11:00,1157.206649
5/23/2021 12:00,1108.215482
5/23/2021 13:00,859.5477563
5/23/2021 14:00,1293.137777
5/23/2021 15:00,960.0725678
5/23/2021 16:00,1393.604651
5/23/2021 17:00,1391.230539
5/23/2021 18:00,1402.386868
5/23/2021 19:00,1028.913659
5/23/2021 20:00,910.5869139
5/23/2021 21:00,938.0049089
5/23/2021 22:00,695.4030431
5/23/2021 23:00,785.1194159
5/24/2021 0:00,675.3944004
5/24/2021 1:00,768.0170765
5/24/2021 2:00,515.649456
5/24/2021 3:00,511.1343577
5/24/2021 4:00,636.372556
5/24/2021 5:00,785.931396
5/24/2021 6:00,1194.046832
5/24/2021 7:00,1173.165737
5/24/2021 8:00,1167.356962
5/24/2021 9:00,1090.266772
5/24/2021 10:00,1124.953611
5/24/2021 11:00,1197.951854
5/24/2021 12:00,1194.407849
5/24/2021 13:00,840.2169132
5/24/2021 14:00,1086.112063
5/24/2021 15:00,897.1291497
5/24/2021 16:00,1439.825677
5/24/2021 17:00,1453.029156
5/24/2021 18:00,1350.812172
5/24/2021 19:00,1076.818557
5/24/2021 20:00,1048.348484
5/24/2021 21:00,915.9815664
5/24/2021 22:00,655.1528626
5/24/2021 23:00,751.5486987
5/25/2021 0:00,715.7229016
5/25/2021 1:00,638.5052129
5/25/2021 2:00,757.3672536
5/25/2021 3:00,651.5870375
5/25/2021 4:00,655.7193232
5/25/2021 5:00,757.9677414
5/25/2021 6:00,1074.333114
5/25/2021 7:00,1156.730391
5/25/2021 8:00,1027.276551
5/25/2021 9:00,1032.887846
5/25/2021 10:00,1127.084465
5/25/2021 11:00,1174.58665
5/25/2021 12:00,1129.798777
5/25/2021 13:00,1144.149231
5/25/2021 14:00,839.9033767
5/25/2021 15:00,1101.408718
5/25/2021 16:00,1422.609415
5/25/2021 17:00,1441.048171
5/25/2021 18:00,1482.437426
5/25/2021 19:00,1009.98496
5/25/2021 20:00,1031.770217
5/25/2021 21:00,1072.950124
5/25/2021 22:00,692.5462072
5/25/2021 23:00,779.558209
5/26/2021 0:00,664.1475742
5/26/2021 1:00,567.1310138
5/26/2021 2:00,646.080341
5/26/2021 3:00,743.4126923
5/26/2021 4:00,776.9433976
5/26/2021 5:00,626.462558
5/26/2021 6:00,1159.250024
5/26/2021 7:00,1048.916104
5/26/2021 8:00,1106.570956
5/26/2021 9:00,1146.775665
5/26/2021 10:00,1165.496022
5/26/2021 11:00,1182.735485
5/26/2021 12:00,1113.405915
5/26/2021 13:00,855.9622832
5/26/2021 14:00,973.2438204
5/26/2021 15:00,853.2177204
5/26/2021 16:00,1443.302746
5/26/2021 17:00,1304.9329
5/26/2021 18:00,1426.8558
5/26/2021 19:00,1065.763617
5/26/2021 20:00,1018.777736
5/26/2021 21:00,1044.217094
5/26/2021 22:00,707.6712471
5/26/2021 23:00,594.2202394
5/27/2021 0:00,572.6375535
5/27/2021 1:00,586.9613034
5/27/2021 2:00,776.3837323
5/27/2021 3:00,581.9351505
5/27/2021 4:00,760.5122513
5/27/2021 5:00,557.9968902
5/27/2021 6:00,1124.032599
5/27/2021 7:00,1027.763715
5/27/2021 8:00,1118.561291
5/27/2021 9:00,1100.904524
5/27/2021 10:00,1125.805256
5/27/2021 11:00,1120.485662
5/27/2021 12:00,1183.736307
5/27/2021 13:00,823.3735087
5/27/2021 14:00,1043.728318
5/27/2021 15:00,1026.361762
5/27/2021 16:00,1372.807119
5/27/2021 17:00,1361.09409
5/27/2021 18:00,1406.835274
5/27/2021 19:00,1033.290419
5/27/2021 20:00,945.3695129
5/27/2021 21:00,1091.696437
5/27/2021 22:00,620.7275866
5/27/2021 23:00,769.0096377
5/28/2021 0:00,524.0764327
5/28/2021 1:00,581.5510132
5/28/2021 2:00,591.7052553
5/28/2021 3:00,624.9142227
5/28/2021 4:00,507.4860622
5/28/2021 5:00,579.7615383
5/28/2021 6:00,1117.119714
5/28/2021 7:00,1197.229957
5/28/2021 8:00,1013.213519
5/28/2021 9:00,1167.16866
5/28/2021 10:00,1154.105238
5/28/2021 11:00,1164.896086
5/28/2021 12:00,1130.912478
5/28/2021 13:00,991.3488112
5/28/2021 14:00,1066.278069
5/28/2021 15:00,1188.048873
5/28/2021 16:00,1483.402823
5/28/2021 17:00,1301.189573
5/28/2021 18:00,1359.690259
5/28/2021 19:00,1050.754501
5/28/2021 20:00,974.3008858
5/28/2021 21:00,973.5357431
5/28/2021 22:00,692.2378324
5/28/2021 23:00,791.6744398
5/29/2021 0:00,773.2242106
5/29/2021 1:00,793.6103332
5/29/2021 2:00,789.5603405
5/29/2021 3:00,730.6124287
5/29/2021 4:00,724.4218012
5/29/2021 5:00,650.8757286
5/29/2021 6:00,1155.214281
5/29/2021 7:00,1090.303481
5/29/2021 8:00,1005.244185
5/29/2021 9:00,1060.468576
5/29/2021 10:00,1143.727332
5/29/2021 11:00,1113.673837
5/29/2021 12:00,1133.513872
5/29/2021 13:00,1367.790004
5/29/2021 14:00,985.4448489
5/29/2021 15:00,1382.716308
5/29/2021 16:00,1492.647378
5/29/2021 17:00,1422.417803
5/29/2021 18:00,1371.917975
5/29/2021 19:00,915.8340239
5/29/2021 20:00,950.3194482
5/29/2021 21:00,932.4333754
5/29/2021 22:00,516.767167
5/29/2021 23:00,690.1384463
5/30/2021 0:00,559.1900532
5/30/2021 1:00,507.5002648
5/30/2021 2:00,634.866509
5/30/2021 3:00,771.3291976
5/30/2021 4:00,669.9641675
5/30/2021 5:00,668.7990015
5/30/2021 6:00,1090.166401
5/30/2021 7:00,1149.633878
5/30/2021 8:00,1148.059346
5/30/2021 9:00,1111.152921
5/30/2021 10:00,1104.800029
5/30/2021 11:00,1101.904402
5/30/2021 12:00,1147.393956
5/30/2021 13:00,930.8751286
5/30/2021 14:00,1023.046599
5/30/2021 15:00,1284.324634
5/30/2021 16:00,1352.938286
5/30/2021 17:00,1316.392304
5/30/2021 18:00,1463.407335
5/30/2021 19:00,1016.844152
5/30/2021 20:00,971.270031
5/30/2021 21:00,963.2599446
5/30/2021 22:00,609.1275366
5/30/2021 23:00,511.8353479
5/31/2021 0:00,522.8418741
5/31/2021 1:00,714.6846142
5/31/2021 2:00,601.6149512
5/31/2021 3:00,529.5210635
5/31/2021 4:00,667.0183472
5/31/2021 5:00,704.6155277
5/31/2021 6:00,1149.907636
5/31/2021 7:00,1006.142949
5/31/2021 8:00,1121.212544
5/31/2021 9:00,1008.784878
5/31/2021 10:00,1178.819333
5/31/2021 11:00,1118.301358
5/31/2021 12:00,1194.847684
5/31/2021 13:00,1137.554661
5/31/2021 14:00,1370.513278
5/31/2021 15:00,868.4712633
5/31/2021 16:00,1495.285823
5/31/2021 17:00,1437.592
5/31/2021 18:00,1303.84071
5/31/2021 19:00,1059.215163
5/31/2021 20:00,1066.628369
5/31/2021 21:00,1031.46994
5/31/2021 22:00,798.4982139
5/31/2021 23:00,566.4059685
