Date,Value
2021-09-01 00:00:00,0.2307459664156638
2021-09-01 01:00:00,0.2865110078925299
2021-09-01 02:00:00,0.29524619153234316
2021-09-01 03:00:00,0.20218928285456117
2021-09-01 04:00:00,0.2662784999512993
2021-09-01 05:00:00,0.2660443582701007
2021-09-01 22:00:00,0.290231928618211
2021-09-01 23:00:00,0.27089192741866985
2021-09-02 00:00:00,0.2434264668104002
2021-09-02 01:00:00,0.25814329975171585
2021-09-02 02:00:00,0.2952568641867574
2021-09-02 03:00:00,0.25742589025249596
2021-09-02 04:00:00,0.25969473016606287
2021-09-02 05:00:00,0.2884403530716804
2021-09-02 22:00:00,0.25639956377248346
2021-09-02 23:00:00,0.24972438579897258
2021-09-03 00:00:00,0.21199990889079556
2021-09-03 01:00:00,0.21799425275986717
2021-09-03 02:00:00,0.2517706402844634
2021-09-03 03:00:00,0.23455898688683605
2021-09-03 04:00:00,0.24665165907793044
2021-09-03 05:00:00,0.2951439747174319
2021-09-03 22:00:00,0.23223671545771601
2021-09-03 23:00:00,0.21366505682644918
2021-09-04 00:00:00,0.2561642242553331
2021-09-04 01:00:00,0.27956324048722647
2021-09-04 02:00:00,0.27313326469200067
2021-09-04 03:00:00,0.24920676053914842
2021-09-04 04:00:00,0.27616789614194265
2021-09-04 05:00:00,0.2629574577607488
2021-09-04 22:00:00,0.2832974148957915
2021-09-04 23:00:00,0.2596348394394523
2021-09-05 00:00:00,0.25725082232129814
2021-09-05 01:00:00,0.2648524432623119
2021-09-05 02:00:00,0.22834525512498602
2021-09-05 03:00:00,0.2096035897310808
2021-09-05 04:00:00,0.2765886441983508
2021-09-05 05:00:00,0.24332581669190584
2021-09-05 22:00:00,0.21566717649585182
2021-09-05 23:00:00,0.21831803536955072
2021-09-06 00:00:00,0.2054619874881859
2021-09-06 01:00:00,0.2539182380837343
2021-09-06 02:00:00,0.27605934297927365
2021-09-06 03:00:00,0.29053273413171155
2021-09-06 04:00:00,0.2428373453956046
2021-09-06 05:00:00,0.2833490143937113
2021-09-06 22:00:00,0.27809585710949813
2021-09-06 23:00:00,0.2368017694131926
2021-09-07 00:00:00,0.243251787806288
2021-09-07 01:00:00,0.2657811580106651
2021-09-07 02:00:00,0.20671727317182467
2021-09-07 03:00:00,0.25101460159422057
2021-09-07 04:00:00,0.21776173939998134
2021-09-07 05:00:00,0.27004087452574943
2021-09-07 22:00:00,0.20692859508208244
2021-09-07 23:00:00,0.29692916190997287
2021-09-08 00:00:00,0.2546300909966988
2021-09-08 01:00:00,0.24160071248285206
2021-09-08 02:00:00,0.27991958434895403
2021-09-08 03:00:00,0.23804369984341583
2021-09-08 04:00:00,0.224849766627645
2021-09-08 05:00:00,0.2816089019068931
2021-09-08 22:00:00,0.2819533148050535
2021-09-08 23:00:00,0.2714375707892816
2021-09-09 00:00:00,0.21589576156295084
2021-09-09 01:00:00,0.2398106327460374
2021-09-09 02:00:00,0.22915787217800082
2021-09-09 03:00:00,0.21647491580745717
2021-09-09 04:00:00,0.25320737179390923
2021-09-09 05:00:00,0.2142772518493239
2021-09-09 22:00:00,0.20817215243202708
2021-09-09 23:00:00,0.27882663643136696
2021-09-10 00:00:00,0.21764041774408174
2021-09-10 01:00:00,0.2260860130359917
2021-09-10 02:00:00,0.21500515437925827
2021-09-10 03:00:00,0.2374061381402753
2021-09-10 04:00:00,0.20085378702546527
2021-09-10 05:00:00,0.281861883805827
2021-09-10 22:00:00,0.2614513270355851
2021-09-10 23:00:00,0.2960285389942738
2021-09-11 00:00:00,0.2659197951283998
2021-09-11 01:00:00,0.29265219543814014
2021-09-11 02:00:00,0.26557571775289235
2021-09-11 03:00:00,0.2719617755804178
2021-09-11 04:00:00,0.22688550065397703
2021-09-11 05:00:00,0.25134347922222516
2021-09-11 22:00:00,0.24148582418575404
2021-09-11 23:00:00,0.22356605550028896
2021-09-12 00:00:00,0.24829134448354684
2021-09-12 01:00:00,0.2578893956001574
2021-09-12 02:00:00,0.24018470031804823
2021-09-12 03:00:00,0.28071663695774773
2021-09-12 04:00:00,0.24821640496150013
2021-09-12 05:00:00,0.29253331564583257
2021-09-12 22:00:00,0.2513488991216624
2021-09-12 23:00:00,0.2968470842780239
2021-09-13 00:00:00,0.27465584437952884
2021-09-13 01:00:00,0.2884556583677635
2021-09-13 02:00:00,0.29523886540404615
2021-09-13 03:00:00,0.292607246836203
2021-09-13 04:00:00,0.2905179792051091
2021-09-13 05:00:00,0.2457838354006688
2021-09-13 22:00:00,0.2467939853879604
2021-09-13 23:00:00,0.2642495038725487
2021-09-14 00:00:00,0.24880916699107444
2021-09-14 01:00:00,0.22400307125193392
2021-09-14 02:00:00,0.2129553804167474
2021-09-14 03:00:00,0.2269514367540209
2021-09-14 04:00:00,0.27924876971972706
2021-09-14 05:00:00,0.2598710506984304
2021-09-14 22:00:00,0.26285255839553673
2021-09-14 23:00:00,0.20863571674019266
2021-09-15 00:00:00,0.2671522963128382
2021-09-15 01:00:00,0.20480370058146397
2021-09-15 02:00:00,0.2737297796076426
2021-09-15 03:00:00,0.28311850488545837
2021-09-15 04:00:00,0.25192535297473256
2021-09-15 05:00:00,0.22222880328162145
2021-09-15 22:00:00,0.2906762778501606
2021-09-15 23:00:00,0.21208174236489685
2021-09-16 00:00:00,0.2859967575761191
2021-09-16 01:00:00,0.2183167738393649
2021-09-16 02:00:00,0.20641451981809167
2021-09-16 03:00:00,0.2968874744532523
2021-09-16 04:00:00,0.23559587417511557
2021-09-16 05:00:00,0.28359012867089456
2021-09-16 22:00:00,0.24406612147520504
2021-09-16 23:00:00,0.20023578992125904
2021-09-17 00:00:00,0.2667856376694863
2021-09-17 01:00:00,0.23983247365839094
2021-09-17 02:00:00,0.21008225858439517
2021-09-17 03:00:00,0.2459668597484695
2021-09-17 04:00:00,0.25888239695261306
2021-09-17 05:00:00,0.24322865062806792
2021-09-17 22:00:00,0.23638970259818837
2021-09-17 23:00:00,0.25052455951541136
2021-09-18 00:00:00,0.258461379240317
2021-09-18 01:00:00,0.28550997552891644
2021-09-18 02:00:00,0.2804072599690052
2021-09-18 03:00:00,0.24999302407240728
2021-09-18 04:00:00,0.2818968675443656
2021-09-18 05:00:00,0.21221905309009692
2021-09-18 22:00:00,0.26351487217438174
2021-09-18 23:00:00,0.21620416015048685
2021-09-19 00:00:00,0.20653928639251634
2021-09-19 01:00:00,0.20755786239593932
2021-09-19 02:00:00,0.25414285874326625
2021-09-19 03:00:00,0.27884240465896293
2021-09-19 04:00:00,0.2758432815672842
2021-09-19 05:00:00,0.20402498050368376
2021-09-19 22:00:00,0.2434821210406833
2021-09-19 23:00:00,0.21684767864996599
2021-09-20 00:00:00,0.25136730760068127
2021-09-20 01:00:00,0.21131351196360734
2021-09-20 02:00:00,0.23186681368162293
2021-09-20 03:00:00,0.25010799436149095
2021-09-20 04:00:00,0.23317217324976283
2021-09-20 05:00:00,0.2877082066973464
2021-09-20 22:00:00,0.222668258437877
2021-09-20 23:00:00,0.27588086734387296
2021-09-21 00:00:00,0.23493817496826047
2021-09-21 01:00:00,0.28255708861118006
2021-09-21 02:00:00,0.23730288555795115
2021-09-21 03:00:00,0.2885934262216956
2021-09-21 04:00:00,0.2126011941029707
2021-09-21 05:00:00,0.28847424381591985
2021-09-21 22:00:00,0.27061863388372154
2021-09-21 23:00:00,0.2713641801810494
2021-09-22 00:00:00,0.29856365613319147
2021-09-22 01:00:00,0.2876062432488321
2021-09-22 02:00:00,0.2123429836864111
2021-09-22 03:00:00,0.23594722529717332
2021-09-22 04:00:00,0.24783468816656043
2021-09-22 05:00:00,0.2680699894235221
2021-09-22 22:00:00,0.20538087163862842
2021-09-22 23:00:00,0.27843772962175567
2021-09-23 00:00:00,0.2095030736497443
2021-09-23 01:00:00,0.25158857181798283
2021-09-23 02:00:00,0.23481192972530915
2021-09-23 03:00:00,0.2966986590068207
2021-09-23 04:00:00,0.27805802858349316
2021-09-23 05:00:00,0.22990672310827068
2021-09-23 22:00:00,0.2940353794110441
2021-09-23 23:00:00,0.239572896322081
2021-09-24 00:00:00,0.23363462790464593
2021-09-24 01:00:00,0.20524113846910408
2021-09-24 02:00:00,0.28745510646135064
2021-09-24 03:00:00,0.2553505999670107
2021-09-24 04:00:00,0.25680062081482874
2021-09-24 05:00:00,0.20062656560672612
2021-09-24 22:00:00,0.2209560914441386
2021-09-24 23:00:00,0.2442504620408415
2021-09-25 00:00:00,0.2622490781247091
2021-09-25 01:00:00,0.20438177243574585
2021-09-25 02:00:00,0.2553029112176805
2021-09-25 03:00:00,0.26221753137019593
2021-09-25 04:00:00,0.22244531090376327
2021-09-25 05:00:00,0.2547240704282994
2021-09-25 22:00:00,0.23554387085869755
2021-09-25 23:00:00,0.21121044448855808
2021-09-26 00:00:00,0.26513795190512635
2021-09-26 01:00:00,0.22878148058999945
2021-09-26 02:00:00,0.2604262035808716
2021-09-26 03:00:00,0.23626366778908986
2021-09-26 04:00:00,0.23660198546609262
2021-09-26 05:00:00,0.24208651057874092
2021-09-26 22:00:00,0.23548557202460227
2021-09-26 23:00:00,0.24964585257364194
2021-09-27 00:00:00,0.22691472344726446
2021-09-27 01:00:00,0.2628754090502415
2021-09-27 02:00:00,0.231111349779565
2021-09-27 03:00:00,0.23212125058784863
2021-09-27 04:00:00,0.2185165463093601
2021-09-27 05:00:00,0.2917191497933835
2021-09-27 22:00:00,0.27486893367158866
2021-09-27 23:00:00,0.2778109518887267
2021-09-28 00:00:00,0.2812842341156781
2021-09-28 01:00:00,0.22334770263172263
2021-09-28 02:00:00,0.28906814289217664
2021-09-28 03:00:00,0.23725406128526133
2021-09-28 04:00:00,0.293132472917343
2021-09-28 05:00:00,0.2944892582891001
2021-09-28 22:00:00,0.23784069009238082
2021-09-28 23:00:00,0.2855941827495378
2021-09-29 00:00:00,0.250168169384252
2021-09-29 01:00:00,0.2336201952560718
2021-09-29 02:00:00,0.2165238010889017
2021-09-29 03:00:00,0.29816095932928866
2021-09-29 04:00:00,0.2556106289733557
2021-09-29 05:00:00,0.2479620703723741
2021-09-29 22:00:00,0.24221061943684785
2021-09-29 23:00:00,0.2873685468881591
2021-09-30 00:00:00,0.24378908340009414
2021-09-30 01:00:00,0.24497352784678922
2021-09-30 02:00:00,0.2824546071727675
2021-09-30 03:00:00,0.24005590367485238
2021-09-30 04:00:00,0.2475959628234826
2021-09-30 05:00:00,0.25685246228293585
2021-09-30 22:00:00,0.29526378441910156
2021-09-30 23:00:00,0.21693920996944938
2021-10-01 00:00:00,0.2625850178652229
2021-10-01 01:00:00,0.2343570595079992
2021-10-01 02:00:00,0.26466400331900714
2021-10-01 03:00:00,0.2543100168807141
2021-10-01 04:00:00,0.2299935467509606
2021-10-01 05:00:00,0.25598733793758727
2021-10-01 22:00:00,0.28244891567352853
2021-10-01 23:00:00,0.23959530528734213
2021-10-02 00:00:00,0.21576581267530553
2021-10-02 01:00:00,0.22608028585664225
2021-10-02 02:00:00,0.22430212244907777
2021-10-02 03:00:00,0.2184820796268578
2021-10-02 04:00:00,0.24701224288603407
2021-10-02 05:00:00,0.2935348788332124
2021-10-02 22:00:00,0.2761719859631121
2021-10-02 23:00:00,0.2905491018539389
2021-10-03 00:00:00,0.28230922378358747
2021-10-03 01:00:00,0.20089622698929185
2021-10-03 02:00:00,0.27762874133714044
2021-10-03 03:00:00,0.2674288790047027
2021-10-03 04:00:00,0.2098875467234262
2021-10-03 05:00:00,0.2590594722119827
2021-10-03 22:00:00,0.2277921090241185
2021-10-03 23:00:00,0.20126061881214635
2021-10-04 00:00:00,0.22018481370407633
2021-10-04 01:00:00,0.26315843999472605
2021-10-04 02:00:00,0.24106237372073241
2021-10-04 03:00:00,0.24482715425632998
2021-10-04 04:00:00,0.20741205892526304
2021-10-04 05:00:00,0.20960144855008092
2021-10-04 22:00:00,0.20544480531818143
2021-10-04 23:00:00,0.285098490290413
2021-10-05 00:00:00,0.268649393842652
2021-10-05 01:00:00,0.2088625819050715
2021-10-05 02:00:00,0.2884100705979084
2021-10-05 03:00:00,0.23347600387861933
2021-10-05 04:00:00,0.21917176056397367
2021-10-05 05:00:00,0.29420004737420014
2021-10-05 22:00:00,0.29374339429294766
2021-10-05 23:00:00,0.23654618214609197
2021-10-06 00:00:00,0.2895686140600536
2021-10-06 01:00:00,0.291499369053315
2021-10-06 02:00:00,0.2190798687553931
2021-10-06 03:00:00,0.2988724356991428
2021-10-06 04:00:00,0.23713031542719643
2021-10-06 05:00:00,0.26008094899079537
2021-10-06 22:00:00,0.21057001471924167
2021-10-06 23:00:00,0.2227516435117736
2021-10-07 00:00:00,0.2612098751040618
2021-10-07 01:00:00,0.20321518596869387
2021-10-07 02:00:00,0.2098042282891394
2021-10-07 03:00:00,0.25400837473548726
2021-10-07 04:00:00,0.21963433584003095
2021-10-07 05:00:00,0.25731490601755497
2021-10-07 22:00:00,0.28627836729579864
2021-10-07 23:00:00,0.26696320444401533
2021-10-08 00:00:00,0.2587154184025132
2021-10-08 01:00:00,0.230147412597269
2021-10-08 02:00:00,0.2429144123304626
2021-10-08 03:00:00,0.25122173043239643
2021-10-08 04:00:00,0.26215037121394474
2021-10-08 05:00:00,0.21615243353262098
2021-10-08 22:00:00,0.26289525028221267
2021-10-08 23:00:00,0.23040820859942546
2021-10-09 00:00:00,0.25073029921399004
2021-10-09 01:00:00,0.29163013046382574
2021-10-09 02:00:00,0.21650183275603924
2021-10-09 03:00:00,0.20306141713268594
2021-10-09 04:00:00,0.28816429385930253
2021-10-09 05:00:00,0.24956925522903328
2021-10-09 22:00:00,0.22965598403294968
2021-10-09 23:00:00,0.2493391717673154
2021-10-10 00:00:00,0.2321413406996011
2021-10-10 01:00:00,0.2859578853225113
2021-10-10 02:00:00,0.24575503982776073
2021-10-10 03:00:00,0.25069749562443644
2021-10-10 04:00:00,0.2592673364657511
2021-10-10 05:00:00,0.2724500800834826
2021-10-10 22:00:00,0.2861315444376808
2021-10-10 23:00:00,0.2214522087636461
2021-10-11 00:00:00,0.28741385547079873
2021-10-11 01:00:00,0.20132625884276206
2021-10-11 02:00:00,0.2894822848758955
2021-10-11 03:00:00,0.2169028567973822
2021-10-11 04:00:00,0.22542417467695602
2021-10-11 05:00:00,0.27483328594502426
2021-10-11 22:00:00,0.25691325654816605
2021-10-11 23:00:00,0.2814056357563277
2021-10-12 00:00:00,0.2757924130267261
2021-10-12 01:00:00,0.2972885777244325
2021-10-12 02:00:00,0.2931130429770728
2021-10-12 03:00:00,0.2664204096700297
2021-10-12 04:00:00,0.2525314539309216
2021-10-12 05:00:00,0.23641971241498455
2021-10-12 22:00:00,0.24965218463187677
2021-10-12 23:00:00,0.2994847718324608
2021-10-13 00:00:00,0.26553946098257947
2021-10-13 01:00:00,0.20215191117414327
2021-10-13 02:00:00,0.22632669436728756
2021-10-13 03:00:00,0.29980746476015535
2021-10-13 04:00:00,0.2045593826763915
2021-10-13 05:00:00,0.260485241792537
2021-10-13 22:00:00,0.2999572827908761
2021-10-13 23:00:00,0.2354581625087364
2021-10-14 00:00:00,0.2363692926694027
2021-10-14 01:00:00,0.27296987151703855
2021-10-14 02:00:00,0.24919643611322984
2021-10-14 03:00:00,0.28508902461055347
2021-10-14 04:00:00,0.20632308197300278
2021-10-14 05:00:00,0.22780650213589468
2021-10-14 22:00:00,0.25954646073211973
2021-10-14 23:00:00,0.2486423820961044
2021-10-15 00:00:00,0.24429721139639599
2021-10-15 01:00:00,0.2363084455758142
2021-10-15 02:00:00,0.24214154782473088
2021-10-15 03:00:00,0.2027108731907809
2021-10-15 04:00:00,0.29870260680414906
2021-10-15 05:00:00,0.25124550517599875
2021-10-15 22:00:00,0.2549126843163168
2021-10-15 23:00:00,0.22809368667395935
2021-10-16 00:00:00,0.21110975528890913
2021-10-16 01:00:00,0.26418560273483427
2021-10-16 02:00:00,0.20629769303239054
2021-10-16 03:00:00,0.2392260340409466
2021-10-16 04:00:00,0.24662084750113183
2021-10-16 05:00:00,0.2834403597879162
2021-10-16 22:00:00,0.23327367911797942
2021-10-16 23:00:00,0.24560782785192978
2021-10-17 00:00:00,0.26695194307773507
2021-10-17 01:00:00,0.2698944127569457
2021-10-17 02:00:00,0.27374314892080237
2021-10-17 03:00:00,0.2840745860645235
2021-10-17 04:00:00,0.23950227786436057
2021-10-17 05:00:00,0.20598576342730118
2021-10-17 22:00:00,0.21118361987864212
2021-10-17 23:00:00,0.28495590871595683
2021-10-18 00:00:00,0.28564990396964896
2021-10-18 01:00:00,0.2858060244344698
2021-10-18 02:00:00,0.27635477919253354
2021-10-18 03:00:00,0.21290387916611528
2021-10-18 04:00:00,0.2802726427824878
2021-10-18 05:00:00,0.2320557575079249
2021-10-18 22:00:00,0.2919553614341013
2021-10-18 23:00:00,0.2762614533164588
2021-10-19 00:00:00,0.24273885866441752
2021-10-19 01:00:00,0.23362899305304619
2021-10-19 02:00:00,0.22711132960985905
2021-10-19 03:00:00,0.2776357121823479
2021-10-19 04:00:00,0.20723019328131606
2021-10-19 05:00:00,0.2976860163703696
2021-10-19 22:00:00,0.2869996176983538
2021-10-19 23:00:00,0.24384206600831468
2021-10-20 00:00:00,0.29553033964434733
2021-10-20 01:00:00,0.2801242735980454
2021-10-20 02:00:00,0.211432285229152
2021-10-20 03:00:00,0.21072904168830248
2021-10-20 04:00:00,0.26897175455684474
2021-10-20 05:00:00,0.27940188178668773
2021-10-20 22:00:00,0.20841083776672353
2021-10-20 23:00:00,0.21531003141326838
2021-10-21 00:00:00,0.22511785913042962
2021-10-21 01:00:00,0.20543304612730193
2021-10-21 02:00:00,0.2806307149132484
2021-10-21 03:00:00,0.22359650365784875
2021-10-21 04:00:00,0.2890451244554019
2021-10-21 05:00:00,0.2454331768565135
2021-10-21 22:00:00,0.20286932451103482
2021-10-21 23:00:00,0.21267556707015361
2021-10-22 00:00:00,0.2587519044888292
2021-10-22 01:00:00,0.20012019920823443
2021-10-22 02:00:00,0.2553853598360674
2021-10-22 03:00:00,0.246306645420473
2021-10-22 04:00:00,0.2983436222544179
2021-10-22 05:00:00,0.28602072869534984
2021-10-22 22:00:00,0.26880203447470297
2021-10-22 23:00:00,0.24571497086179814
2021-10-23 00:00:00,0.2111389657315369
2021-10-23 01:00:00,0.25433273001036194
2021-10-23 02:00:00,0.21009013058185766
2021-10-23 03:00:00,0.2848116082611909
2021-10-23 04:00:00,0.28995814010249205
2021-10-23 05:00:00,0.2577576054131709
2021-10-23 22:00:00,0.2367975559909167
2021-10-23 23:00:00,0.2941084623139713
2021-10-24 00:00:00,0.23713132356049355
2021-10-24 01:00:00,0.28659141348963935
2021-10-24 02:00:00,0.2983223903284753
2021-10-24 03:00:00,0.2738274004755401
2021-10-24 04:00:00,0.2812352526375438
2021-10-24 05:00:00,0.25405635334439575
2021-10-24 22:00:00,0.2772293800757582
2021-10-24 23:00:00,0.25896894126690834
2021-10-25 00:00:00,0.24165597043050496
2021-10-25 01:00:00,0.2626301569375079
2021-10-25 02:00:00,0.29952372805436084
2021-10-25 03:00:00,0.23342232760583304
2021-10-25 04:00:00,0.261183342926291
2021-10-25 05:00:00,0.2588058328732643
2021-10-25 22:00:00,0.2522173320099673
2021-10-25 23:00:00,0.27606478209173535
2021-10-26 00:00:00,0.23509112142035302
2021-10-26 01:00:00,0.29949638964345326
2021-10-26 02:00:00,0.2282599604935708
2021-10-26 03:00:00,0.21411735375183644
2021-10-26 04:00:00,0.25720349345993754
2021-10-26 05:00:00,0.22822993605262754
2021-10-26 22:00:00,0.24703446575799545
2021-10-26 23:00:00,0.20591653332359544
2021-10-27 00:00:00,0.24670089271114568
2021-10-27 01:00:00,0.20960764173722474
2021-10-27 02:00:00,0.2053030466674505
2021-10-27 03:00:00,0.20867495795275456
2021-10-27 04:00:00,0.2710944543382357
2021-10-27 05:00:00,0.28404863470865344
2021-10-27 22:00:00,0.21338347901612148
2021-10-27 23:00:00,0.22273513864011132
2021-10-28 00:00:00,0.2236907349991083
2021-10-28 01:00:00,0.29206206411102303
2021-10-28 02:00:00,0.2687172764396369
2021-10-28 03:00:00,0.20919455806702303
2021-10-28 04:00:00,0.22608499713181177
2021-10-28 05:00:00,0.24510109181567258
2021-10-28 22:00:00,0.21368923878776935
2021-10-28 23:00:00,0.24580807615949923
2021-10-29 00:00:00,0.22537211128926782
2021-10-29 01:00:00,0.21291132855903436
2021-10-29 02:00:00,0.2040911369760155
2021-10-29 03:00:00,0.21912657010953163
2021-10-29 04:00:00,0.20679366585742445
2021-10-29 05:00:00,0.2915702475695144
2021-10-29 22:00:00,0.21448676112605963
2021-10-29 23:00:00,0.22535344987982925
2021-10-30 00:00:00,0.22861995271237548
2021-10-30 01:00:00,0.255486223643397
2021-10-30 02:00:00,0.2858232988515846
2021-10-30 03:00:00,0.25773120929226473
2021-10-30 04:00:00,0.20910858782044625
2021-10-30 05:00:00,0.23430864808239732
2021-10-30 22:00:00,0.28707631944281864
2021-10-30 23:00:00,0.2588920524110046
2021-10-31 00:00:00,0.2935706844391295
2021-10-31 01:00:00,0.25369869863239786
2021-10-31 02:00:00,0.27567578543751176
2021-10-31 03:00:00,0.2951379640189342
2021-10-31 04:00:00,0.2571698368403216
2021-10-31 05:00:00,0.2799732633351635
2021-10-31 22:00:00,0.2621301826295841
2021-10-31 23:00:00,0.2395712043864469
2021-11-01 00:00:00,0.26080963522458195
2021-11-01 01:00:00,0.24911671747951555
2021-11-01 02:00:00,0.2844225758212981
2021-11-01 03:00:00,0.2308171752818033
2021-11-01 04:00:00,0.2940622930410591
2021-11-01 05:00:00,0.2254787291118883
2021-11-01 22:00:00,0.29315293726609204
2021-11-01 23:00:00,0.2969777881142721
2021-11-02 00:00:00,0.2778078764346568
2021-11-02 01:00:00,0.26972888027607533
2021-11-02 02:00:00,0.23539868051826265
2021-11-02 03:00:00,0.24594023773907825
2021-11-02 04:00:00,0.25382187108802
2021-11-02 05:00:00,0.20527663686888387
2021-11-02 22:00:00,0.24802723419846798
2021-11-02 23:00:00,0.22573095857687295
2021-11-03 00:00:00,0.27651687373487727
2021-11-03 01:00:00,0.2892276712517179
2021-11-03 02:00:00,0.2048983463750538
2021-11-03 03:00:00,0.2861006815117948
2021-11-03 04:00:00,0.21424218376640136
2021-11-03 05:00:00,0.2287582141447521
2021-11-03 22:00:00,0.21093058508602086
2021-11-03 23:00:00,0.2277319376336429
2021-11-04 00:00:00,0.22630635769740104
2021-11-04 01:00:00,0.2481336016971259
2021-11-04 02:00:00,0.28833259379261245
2021-11-04 03:00:00,0.2280377450055399
2021-11-04 04:00:00,0.2293933995842276
2021-11-04 05:00:00,0.29840170068525895
2021-11-04 22:00:00,0.27138571187224425
2021-11-04 23:00:00,0.2379190942738764
2021-11-05 00:00:00,0.23701583857622893
2021-11-05 01:00:00,0.2737417038904419
2021-11-05 02:00:00,0.28893391391392304
2021-11-05 03:00:00,0.21520323554931728
2021-11-05 04:00:00,0.22581422500151802
2021-11-05 05:00:00,0.20018288848694105
2021-11-05 22:00:00,0.24070141656805272
2021-11-05 23:00:00,0.23942951801517953
2021-11-06 00:00:00,0.2004888409563404
2021-11-06 01:00:00,0.2058006769834215
2021-11-06 02:00:00,0.2716032471986807
2021-11-06 03:00:00,0.25303031144588334
2021-11-06 04:00:00,0.26738282810776104
2021-11-06 05:00:00,0.29419579066655477
2021-11-06 22:00:00,0.23084780484596706
2021-11-06 23:00:00,0.24163671077497395
2021-11-07 00:00:00,0.27018283633352386
2021-11-07 01:00:00,0.2779008349003183
2021-11-07 02:00:00,0.20714856706358908
2021-11-07 03:00:00,0.29091817203747083
2021-11-07 04:00:00,0.22911527742683718
2021-11-07 05:00:00,0.2605803364473156
2021-11-07 22:00:00,0.24834486303837372
2021-11-07 23:00:00,0.26271554425713484
2021-11-08 00:00:00,0.2513190751039894
2021-11-08 01:00:00,0.27591288594697405
2021-11-08 02:00:00,0.29768261215792946
2021-11-08 03:00:00,0.21157331964108844
2021-11-08 04:00:00,0.22893077454054742
2021-11-08 05:00:00,0.29453923365315643
2021-11-08 22:00:00,0.2886475526820868
2021-11-08 23:00:00,0.2290360733026388
2021-11-09 00:00:00,0.2749354903045576
2021-11-09 01:00:00,0.21834843339799603
2021-11-09 02:00:00,0.28165919330862765
2021-11-09 03:00:00,0.23538744366532577
2021-11-09 04:00:00,0.23157474918110216
2021-11-09 05:00:00,0.2929166078211667
2021-11-09 22:00:00,0.25031519640928623
2021-11-09 23:00:00,0.21715516325144085
2021-11-10 00:00:00,0.2078157296003731
2021-11-10 01:00:00,0.2592033212063412
2021-11-10 02:00:00,0.298143103010396
2021-11-10 03:00:00,0.2405097034284829
2021-11-10 04:00:00,0.2551552552082861
2021-11-10 05:00:00,0.20210104535445125
2021-11-10 22:00:00,0.23698850821672596
2021-11-10 23:00:00,0.20805747427634796
2021-11-11 00:00:00,0.24840997387887345
2021-11-11 01:00:00,0.2623001711255195
2021-11-11 02:00:00,0.2917286174695225
2021-11-11 03:00:00,0.20481931512964838
2021-11-11 04:00:00,0.25893061792884003
2021-11-11 05:00:00,0.2183146729760944
2021-11-11 22:00:00,0.2340675576123602
2021-11-11 23:00:00,0.20442902598246251
2021-11-12 00:00:00,0.2616445406385496
2021-11-12 01:00:00,0.21373037403031853
2021-11-12 02:00:00,0.22618514184690325
2021-11-12 03:00:00,0.22618457480959503
2021-11-12 04:00:00,0.22821699593188916
2021-11-12 05:00:00,0.21637434003836478
2021-11-12 22:00:00,0.23400590954836664
2021-11-12 23:00:00,0.21891841544565105
2021-11-13 00:00:00,0.29532400861829855
2021-11-13 01:00:00,0.2713686814419296
2021-11-13 02:00:00,0.21476099970798457
2021-11-13 03:00:00,0.2553904525159557
2021-11-13 04:00:00,0.2504138655123526
2021-11-13 05:00:00,0.23485008609085703
2021-11-13 22:00:00,0.24704021938600548
2021-11-13 23:00:00,0.20440878043768532
2021-11-14 00:00:00,0.2789588545640056
2021-11-14 01:00:00,0.29109776022398387
2021-11-14 02:00:00,0.23700396487023281
2021-11-14 03:00:00,0.20712691209681824
2021-11-14 04:00:00,0.23586787857629976
2021-11-14 05:00:00,0.28545908421985616
2021-11-14 22:00:00,0.22538116702336097
2021-11-14 23:00:00,0.2927754030638601
2021-11-15 00:00:00,0.23122429610057352
2021-11-15 01:00:00,0.28460868436462433
2021-11-15 02:00:00,0.29337335852154656
2021-11-15 03:00:00,0.25624329868665235
2021-11-15 04:00:00,0.2138372378097065
2021-11-15 05:00:00,0.234513325075029
2021-11-15 22:00:00,0.2559635503032652
2021-11-15 23:00:00,0.296502777066021
2021-11-16 00:00:00,0.24845931678718858
2021-11-16 01:00:00,0.2763319880931843
2021-11-16 02:00:00,0.2592513798613371
2021-11-16 03:00:00,0.25321028081194485
2021-11-16 04:00:00,0.2446689220863557
2021-11-16 05:00:00,0.2065006348113974
2021-11-16 22:00:00,0.28867843139527594
2021-11-16 23:00:00,0.2346251040124221
2021-11-17 00:00:00,0.29140711554936605
2021-11-17 01:00:00,0.2245455745305861
2021-11-17 02:00:00,0.2800199972727939
2021-11-17 03:00:00,0.24244498690027805
2021-11-17 04:00:00,0.22095188765626758
2021-11-17 05:00:00,0.24889565533073552
2021-11-17 22:00:00,0.2464723066637436
2021-11-17 23:00:00,0.29481643194430296
2021-11-18 00:00:00,0.28707194241791956
2021-11-18 01:00:00,0.25208700888760094
2021-11-18 02:00:00,0.2851209222530359
2021-11-18 03:00:00,0.24411987467542767
2021-11-18 04:00:00,0.20265185263199015
2021-11-18 05:00:00,0.2429021527896552
2021-11-18 22:00:00,0.2155911444012668
2021-11-18 23:00:00,0.20559474812939263
2021-11-19 00:00:00,0.2485606770562817
2021-11-19 01:00:00,0.2877017948377387
2021-11-19 02:00:00,0.2254854950122099
2021-11-19 03:00:00,0.2775955364229424
2021-11-19 04:00:00,0.25358309800327944
2021-11-19 05:00:00,0.2323546461734575
2021-11-19 22:00:00,0.21060730775640765
2021-11-19 23:00:00,0.21284110054602096
2021-11-20 00:00:00,0.2680270554660533
2021-11-20 01:00:00,0.29344449092212144
2021-11-20 02:00:00,0.24769200242696648
2021-11-20 03:00:00,0.2651880178361066
2021-11-20 04:00:00,0.29855087474266107
2021-11-20 05:00:00,0.28189418940508487
2021-11-20 22:00:00,0.2410852551535757
2021-11-20 23:00:00,0.22278393339490848
2021-11-21 00:00:00,0.22486696769090578
2021-11-21 01:00:00,0.24253735912497487
2021-11-21 02:00:00,0.2086735473212115
2021-11-21 03:00:00,0.25307172005234707
2021-11-21 04:00:00,0.25378452363009224
2021-11-21 05:00:00,0.2472576703500748
2021-11-21 22:00:00,0.27139705889789817
2021-11-21 23:00:00,0.2513712795241222
2021-11-22 00:00:00,0.20636569181183068
2021-11-22 01:00:00,0.20917225764869296
2021-11-22 02:00:00,0.24785949144601255
2021-11-22 03:00:00,0.29067773374843897
2021-11-22 04:00:00,0.2866590072987211
2021-11-22 05:00:00,0.2221596760797537
2021-11-22 22:00:00,0.2958266174162856
2021-11-22 23:00:00,0.29336267329945964
2021-11-23 00:00:00,0.2221583408271726
2021-11-23 01:00:00,0.20604363676557944
2021-11-23 02:00:00,0.25840909560512765
2021-11-23 03:00:00,0.20799436794942663
2021-11-23 04:00:00,0.2749021200607011
2021-11-23 05:00:00,0.28728398218542195
2021-11-23 22:00:00,0.24233129077349747
2021-11-23 23:00:00,0.22536026699881495
2021-11-24 00:00:00,0.2848093527623825
2021-11-24 01:00:00,0.23134008364488567
2021-11-24 02:00:00,0.21379547969533333
2021-11-24 03:00:00,0.28411498719631195
2021-11-24 04:00:00,0.2531276644142045
2021-11-24 05:00:00,0.2602340211151426
2021-11-24 22:00:00,0.28553213994405524
2021-11-24 23:00:00,0.23884172944244972
2021-11-25 00:00:00,0.27668922203550317
2021-11-25 01:00:00,0.2030378593838368
2021-11-25 02:00:00,0.2298086694367487
2021-11-25 03:00:00,0.2472902087206441
2021-11-25 04:00:00,0.22331489902273516
2021-11-25 05:00:00,0.21478355662853701
2021-11-25 22:00:00,0.2847721376205399
2021-11-25 23:00:00,0.260307506036927
2021-11-26 00:00:00,0.22540243796635773
2021-11-26 01:00:00,0.22836039376760056
2021-11-26 02:00:00,0.2320668598416496
2021-11-26 03:00:00,0.22122837743822366
2021-11-26 04:00:00,0.21967004074574642
2021-11-26 05:00:00,0.24396376266572817
2021-11-26 22:00:00,0.21286730839438578
2021-11-26 23:00:00,0.2827584157794161
2021-11-27 00:00:00,0.292492082928132
2021-11-27 01:00:00,0.20955652532669722
2021-11-27 02:00:00,0.2379062426199035
2021-11-27 03:00:00,0.2784398991686954
2021-11-27 04:00:00,0.21390740393901575
2021-11-27 05:00:00,0.2795784512020203
2021-11-27 22:00:00,0.26685356214128725
2021-11-27 23:00:00,0.2018633281173016
2021-11-28 00:00:00,0.2736787377314276
2021-11-28 01:00:00,0.23489461301802975
2021-11-28 02:00:00,0.23594420683418443
2021-11-28 03:00:00,0.2949993396925545
2021-11-28 04:00:00,0.24343657215828982
2021-11-28 05:00:00,0.2685529783253756
2021-11-28 22:00:00,0.25959373253359147
2021-11-28 23:00:00,0.22474196783314343
2021-11-29 00:00:00,0.22980976117312601
2021-11-29 01:00:00,0.2491056175302573
2021-11-29 02:00:00,0.2088500410592661
2021-11-29 03:00:00,0.26249198561056897
2021-11-29 04:00:00,0.27699570135258045
2021-11-29 05:00:00,0.2399491449440443
2021-11-29 22:00:00,0.2289953270628224
2021-11-29 23:00:00,0.2500772642721421
2021-11-30 00:00:00,0.27183703142439325
2021-11-30 01:00:00,0.2072176686981702
2021-11-30 02:00:00,0.22971249579952532
2021-11-30 03:00:00,0.27140594792227074
2021-11-30 04:00:00,0.288124416292172
2021-11-30 05:00:00,0.25504936844998005
2021-11-30 22:00:00,0.29620507453518463
2021-11-30 23:00:00,0.2741970436766689
2021-09-01 06:00:00,0.4531178802339737
2021-09-01 07:00:00,0.35882001760145305
2021-09-01 08:00:00,0.44696943754379026
2021-09-01 09:00:00,0.43292268559376035
2021-09-02 06:00:00,0.44336151509881566
2021-09-02 07:00:00,0.5740059943168861
2021-09-02 08:00:00,0.530533227323275
2021-09-02 09:00:00,0.3117081138410779
2021-09-03 06:00:00,0.5334070426044459
2021-09-03 07:00:00,0.33413687042470697
2021-09-03 08:00:00,0.518290126526313
2021-09-03 09:00:00,0.5103350972235196
2021-09-04 06:00:00,0.49612242402855394
2021-09-04 07:00:00,0.48618445974660857
2021-09-04 08:00:00,0.320388763203081
2021-09-04 09:00:00,0.5999599606350248
2021-09-05 06:00:00,0.34497151172832613
2021-09-05 07:00:00,0.3520034118041505
2021-09-05 08:00:00,0.31462426370051316
2021-09-05 09:00:00,0.4608903124753606
2021-09-06 06:00:00,0.5771971109739824
2021-09-06 07:00:00,0.4099220211936317
2021-09-06 08:00:00,0.4382936833763506
2021-09-06 09:00:00,0.5551314172970543
2021-09-07 06:00:00,0.49542062636686135
2021-09-07 07:00:00,0.37117405809520376
2021-09-07 08:00:00,0.56499643775975
2021-09-07 09:00:00,0.5175212800126961
2021-09-08 06:00:00,0.5698101688614646
2021-09-08 07:00:00,0.34442729112082726
2021-09-08 08:00:00,0.45806862780022417
2021-09-08 09:00:00,0.32484144974973617
2021-09-09 06:00:00,0.4385958998272166
2021-09-09 07:00:00,0.5945297124069852
2021-09-09 08:00:00,0.5115230886058206
2021-09-09 09:00:00,0.40425846875152505
2021-09-10 06:00:00,0.39835678055339613
2021-09-10 07:00:00,0.32518580992405716
2021-09-10 08:00:00,0.3609440235607972
2021-09-10 09:00:00,0.3892296025370072
2021-09-11 06:00:00,0.3500556217765355
2021-09-11 07:00:00,0.5699301467431716
2021-09-11 08:00:00,0.3733666197452652
2021-09-11 09:00:00,0.41427700165663406
2021-09-12 06:00:00,0.4980740238513376
2021-09-12 07:00:00,0.5159447822570936
2021-09-12 08:00:00,0.4699610378668696
2021-09-12 09:00:00,0.31434222346532914
2021-09-13 06:00:00,0.3761803371116165
2021-09-13 07:00:00,0.4485635891567805
2021-09-13 08:00:00,0.39732472874179636
2021-09-13 09:00:00,0.3832405433200936
2021-09-14 06:00:00,0.40149996422543505
2021-09-14 07:00:00,0.3876325968331763
2021-09-14 08:00:00,0.5231711872420621
2021-09-14 09:00:00,0.5279284546239309
2021-09-15 06:00:00,0.3368866862281823
2021-09-15 07:00:00,0.5781165359459052
2021-09-15 08:00:00,0.31444921950959853
2021-09-15 09:00:00,0.5357642905155349
2021-09-16 06:00:00,0.40680919473860555
2021-09-16 07:00:00,0.5578432451446772
2021-09-16 08:00:00,0.47655840056809495
2021-09-16 09:00:00,0.584754794525916
2021-09-17 06:00:00,0.508836162519734
2021-09-17 07:00:00,0.4904316119487431
2021-09-17 08:00:00,0.356465284940862
2021-09-17 09:00:00,0.44348852685859874
2021-09-18 06:00:00,0.5079808915371088
2021-09-18 07:00:00,0.30121946500816354
2021-09-18 08:00:00,0.47822291518972326
2021-09-18 09:00:00,0.4866805712903317
2021-09-19 06:00:00,0.5280706901369414
2021-09-19 07:00:00,0.46675868403760723
2021-09-19 08:00:00,0.3535184688577681
2021-09-19 09:00:00,0.3543726659962357
2021-09-20 06:00:00,0.3842901488218845
2021-09-20 07:00:00,0.568351585329836
2021-09-20 08:00:00,0.5324670510951535
2021-09-20 09:00:00,0.42856738623169255
2021-09-21 06:00:00,0.5470803172509099
2021-09-21 07:00:00,0.4997659168983696
2021-09-21 08:00:00,0.45457340897468346
2021-09-21 09:00:00,0.3358422273300934
2021-09-22 06:00:00,0.3120838115470223
2021-09-22 07:00:00,0.5757466909239893
2021-09-22 08:00:00,0.35156110804622903
2021-09-22 09:00:00,0.4430750874573032
2021-09-23 06:00:00,0.35576538326579343
2021-09-23 07:00:00,0.43223810384888783
2021-09-23 08:00:00,0.350899345642598
2021-09-23 09:00:00,0.4175031648953977
2021-09-24 06:00:00,0.4089538457727899
2021-09-24 07:00:00,0.5173805371891156
2021-09-24 08:00:00,0.5665578773185066
2021-09-24 09:00:00,0.3618047088879759
2021-09-25 06:00:00,0.4353394328187873
2021-09-25 07:00:00,0.5947530198974538
2021-09-25 08:00:00,0.4802061695350557
2021-09-25 09:00:00,0.447670869111028
2021-09-26 06:00:00,0.5315864204951747
2021-09-26 07:00:00,0.3623930581218909
2021-09-26 08:00:00,0.45717616055598986
2021-09-26 09:00:00,0.5313152864373323
2021-09-27 06:00:00,0.3314013972520463
2021-09-27 07:00:00,0.3871681792713362
2021-09-27 08:00:00,0.593346288441233
2021-09-27 09:00:00,0.3919525750997425
2021-09-28 06:00:00,0.40019013858377117
2021-09-28 07:00:00,0.3778763222119135
2021-09-28 08:00:00,0.5089493805218106
2021-09-28 09:00:00,0.4162913806877896
2021-09-29 06:00:00,0.37165873112915987
2021-09-29 07:00:00,0.5898647914424335
2021-09-29 08:00:00,0.4274578402455298
2021-09-29 09:00:00,0.5621534610079231
2021-09-30 06:00:00,0.3157217864057125
2021-09-30 07:00:00,0.3203536106532852
2021-09-30 08:00:00,0.4200507677633783
2021-09-30 09:00:00,0.5957504232758133
2021-10-01 06:00:00,0.3726624350608881
2021-10-01 07:00:00,0.33222589195797486
2021-10-01 08:00:00,0.5293961372379445
2021-10-01 09:00:00,0.5754447960518922
2021-10-02 06:00:00,0.47066317038876526
2021-10-02 07:00:00,0.488444215759384
2021-10-02 08:00:00,0.34519075799749993
2021-10-02 09:00:00,0.4456172867522633
2021-10-03 06:00:00,0.581526218115678
2021-10-03 07:00:00,0.48674350150253276
2021-10-03 08:00:00,0.46250689062407135
2021-10-03 09:00:00,0.3475339898700425
2021-10-04 06:00:00,0.5272077414074529
2021-10-04 07:00:00,0.5602402137618427
2021-10-04 08:00:00,0.3160329595039211
2021-10-04 09:00:00,0.5119687526656471
2021-10-05 06:00:00,0.4110748947382173
2021-10-05 07:00:00,0.46402535385739885
2021-10-05 08:00:00,0.39619889542760633
2021-10-05 09:00:00,0.5318462193587833
2021-10-06 06:00:00,0.4195726864114463
2021-10-06 07:00:00,0.49206356990239786
2021-10-06 08:00:00,0.5664268891384296
2021-10-06 09:00:00,0.4792527505845622
2021-10-07 06:00:00,0.5170684689571936
2021-10-07 07:00:00,0.5804473068411043
2021-10-07 08:00:00,0.5171028901988509
2021-10-07 09:00:00,0.5222951869706456
2021-10-08 06:00:00,0.365110534645967
2021-10-08 07:00:00,0.4463690353222721
2021-10-08 08:00:00,0.4875175672877665
2021-10-08 09:00:00,0.591494417104308
2021-10-09 06:00:00,0.5673395641246763
2021-10-09 07:00:00,0.5992407598410736
2021-10-09 08:00:00,0.5669698206679503
2021-10-09 09:00:00,0.5236130312263408
2021-10-10 06:00:00,0.3719820094076228
2021-10-10 07:00:00,0.4901215269564494
2021-10-10 08:00:00,0.3120238274954062
2021-10-10 09:00:00,0.3241424377483398
2021-10-11 06:00:00,0.44029837958624296
2021-10-11 07:00:00,0.5462877171943386
2021-10-11 08:00:00,0.46461645156244247
2021-10-11 09:00:00,0.3176690023439435
2021-10-12 06:00:00,0.5961316483725061
2021-10-12 07:00:00,0.43773689372043745
2021-10-12 08:00:00,0.4452219530783459
2021-10-12 09:00:00,0.4752721495129293
2021-10-13 06:00:00,0.5600074719554176
2021-10-13 07:00:00,0.523896199410657
2021-10-13 08:00:00,0.5153530422538211
2021-10-13 09:00:00,0.39604349909181324
2021-10-14 06:00:00,0.5739203151249898
2021-10-14 07:00:00,0.5093689603818583
2021-10-14 08:00:00,0.3269336738105075
2021-10-14 09:00:00,0.5632416408154752
2021-10-15 06:00:00,0.457176571108737
2021-10-15 07:00:00,0.5692224632991878
2021-10-15 08:00:00,0.42922909994730574
2021-10-15 09:00:00,0.3626589572191733
2021-10-16 06:00:00,0.5304827009281693
2021-10-16 07:00:00,0.5223773020780988
2021-10-16 08:00:00,0.5472306429017478
2021-10-16 09:00:00,0.5597322630161774
2021-10-17 06:00:00,0.4020669082804533
2021-10-17 07:00:00,0.5014188759733993
2021-10-17 08:00:00,0.5007283746119989
2021-10-17 09:00:00,0.3554193432389146
2021-10-18 06:00:00,0.5578025405785139
2021-10-18 07:00:00,0.39318861584267684
2021-10-18 08:00:00,0.3469538021559354
2021-10-18 09:00:00,0.4513088279204025
2021-10-19 06:00:00,0.41228031373364943
2021-10-19 07:00:00,0.3478930610494377
2021-10-19 08:00:00,0.5755461731107975
2021-10-19 09:00:00,0.36812440924425494
2021-10-20 06:00:00,0.4127682494892307
2021-10-20 07:00:00,0.3503032861416903
2021-10-20 08:00:00,0.3408251505391181
2021-10-20 09:00:00,0.5796663027527504
2021-10-21 06:00:00,0.5145296407211725
2021-10-21 07:00:00,0.567500218543735
2021-10-21 08:00:00,0.4627421994603894
2021-10-21 09:00:00,0.46103102386317785
2021-10-22 06:00:00,0.34011447465846917
2021-10-22 07:00:00,0.48982328236759465
2021-10-22 08:00:00,0.3723611515702597
2021-10-22 09:00:00,0.3319234220794243
2021-10-23 06:00:00,0.4268373553685944
2021-10-23 07:00:00,0.5091797545802665
2021-10-23 08:00:00,0.5696027439696972
2021-10-23 09:00:00,0.3115010283970771
2021-10-24 06:00:00,0.5100210858969892
2021-10-24 07:00:00,0.4630135040544424
2021-10-24 08:00:00,0.5735050137067201
2021-10-24 09:00:00,0.47324465823370615
2021-10-25 06:00:00,0.5363616490433135
2021-10-25 07:00:00,0.3738566130121095
2021-10-25 08:00:00,0.4197011253657664
2021-10-25 09:00:00,0.5713240833168657
2021-10-26 06:00:00,0.41484849384687794
2021-10-26 07:00:00,0.5025818648691547
2021-10-26 08:00:00,0.4997404438589411
2021-10-26 09:00:00,0.46729193294824345
2021-10-27 06:00:00,0.41116731552211255
2021-10-27 07:00:00,0.39589454397854823
2021-10-27 08:00:00,0.5717094091364632
2021-10-27 09:00:00,0.3352919565760068
2021-10-28 06:00:00,0.5807076738258236
2021-10-28 07:00:00,0.3334941850979702
2021-10-28 08:00:00,0.5347172939168594
2021-10-28 09:00:00,0.43137115194118136
2021-10-29 06:00:00,0.4884122075276137
2021-10-29 07:00:00,0.5055326815554949
2021-10-29 08:00:00,0.43593426374880573
2021-10-29 09:00:00,0.31096634170523163
2021-10-30 06:00:00,0.37346177323639024
2021-10-30 07:00:00,0.5006271280308116
2021-10-30 08:00:00,0.39653269221270315
2021-10-30 09:00:00,0.4194660982280532
2021-10-31 06:00:00,0.5653083694598846
2021-10-31 07:00:00,0.49373500132107295
2021-10-31 08:00:00,0.3258180187367511
2021-10-31 09:00:00,0.302526219224256
2021-11-01 06:00:00,0.5786861917809548
2021-11-01 07:00:00,0.5604470523622127
2021-11-01 08:00:00,0.3255007513387437
2021-11-01 09:00:00,0.4926763120129889
2021-11-02 06:00:00,0.5255261744099669
2021-11-02 07:00:00,0.33953832588320404
2021-11-02 08:00:00,0.4481865550108943
2021-11-02 09:00:00,0.5458004417641845
2021-11-03 06:00:00,0.4804391799517681
2021-11-03 07:00:00,0.5056075149961285
2021-11-03 08:00:00,0.49713880632287144
2021-11-03 09:00:00,0.5391280603250653
2021-11-04 06:00:00,0.5100061956407842
2021-11-04 07:00:00,0.49646102885133253
2021-11-04 08:00:00,0.4301888281413483
2021-11-04 09:00:00,0.47818393173984586
2021-11-05 06:00:00,0.40528578321754094
2021-11-05 07:00:00,0.44297379809889065
2021-11-05 08:00:00,0.5307935101251468
2021-11-05 09:00:00,0.423648563647339
2021-11-06 06:00:00,0.5237961335965376
2021-11-06 07:00:00,0.5962373306096502
2021-11-06 08:00:00,0.5386466866609804
2021-11-06 09:00:00,0.4470868214090903
2021-11-07 06:00:00,0.34550968364501145
2021-11-07 07:00:00,0.5966186298187858
2021-11-07 08:00:00,0.3900757457851311
2021-11-07 09:00:00,0.3365305408485387
2021-11-08 06:00:00,0.37907423255284545
2021-11-08 07:00:00,0.5902138015680322
2021-11-08 08:00:00,0.4282067488103741
2021-11-08 09:00:00,0.3693676899933202
2021-11-09 06:00:00,0.4968318324024039
2021-11-09 07:00:00,0.30174345311238243
2021-11-09 08:00:00,0.4132821978151243
2021-11-09 09:00:00,0.5211316731962589
2021-11-10 06:00:00,0.43884490438191937
2021-11-10 07:00:00,0.4456006852748875
2021-11-10 08:00:00,0.3596925420965077
2021-11-10 09:00:00,0.49716522856372497
2021-11-11 06:00:00,0.5072571056982631
2021-11-11 07:00:00,0.5410984576684896
2021-11-11 08:00:00,0.34770246627877377
2021-11-11 09:00:00,0.4033922530849336
2021-11-12 06:00:00,0.47978620603249733
2021-11-12 07:00:00,0.45723164911186187
2021-11-12 08:00:00,0.47606956102354503
2021-11-12 09:00:00,0.5515338234449424
2021-11-13 06:00:00,0.3195510680103807
2021-11-13 07:00:00,0.5869914450530246
2021-11-13 08:00:00,0.5473621158496025
2021-11-13 09:00:00,0.4532194835319908
2021-11-14 06:00:00,0.4830559896193012
2021-11-14 07:00:00,0.3505293072284327
2021-11-14 08:00:00,0.5508450370785305
2021-11-14 09:00:00,0.4320375280095867
2021-11-15 06:00:00,0.5039907450432322
2021-11-15 07:00:00,0.5899897212895826
2021-11-15 08:00:00,0.5961746617993442
2021-11-15 09:00:00,0.41462188137433087
2021-11-16 06:00:00,0.30292312554301515
2021-11-16 07:00:00,0.47904957430878303
2021-11-16 08:00:00,0.3583892351570336
2021-11-16 09:00:00,0.412180582729681
2021-11-17 06:00:00,0.4298607429083581
2021-11-17 07:00:00,0.5517576026761004
2021-11-17 08:00:00,0.5731149044157324
2021-11-17 09:00:00,0.42278551929510144
2021-11-18 06:00:00,0.5146754265153103
2021-11-18 07:00:00,0.4400658063698908
2021-11-18 08:00:00,0.5291728493698973
2021-11-18 09:00:00,0.5662787167049752
2021-11-19 06:00:00,0.4469445589879658
2021-11-19 07:00:00,0.5706992543560059
2021-11-19 08:00:00,0.4779472414229248
2021-11-19 09:00:00,0.4600979030025053
2021-11-20 06:00:00,0.4065952751599507
2021-11-20 07:00:00,0.5439262957645394
2021-11-20 08:00:00,0.38116391286119766
2021-11-20 09:00:00,0.41147950600946354
2021-11-21 06:00:00,0.4026271699734718
2021-11-21 07:00:00,0.5475215017023284
2021-11-21 08:00:00,0.3369716687814437
2021-11-21 09:00:00,0.47774941150187644
2021-11-22 06:00:00,0.5678432954511587
2021-11-22 07:00:00,0.5250358481549546
2021-11-22 08:00:00,0.30631307591952744
2021-11-22 09:00:00,0.48257574742267606
2021-11-23 06:00:00,0.5418737416683337
2021-11-23 07:00:00,0.4028448180472995
2021-11-23 08:00:00,0.30915408144506734
2021-11-23 09:00:00,0.43557261912494194
2021-11-24 06:00:00,0.4155897360136318
2021-11-24 07:00:00,0.4954773243416234
2021-11-24 08:00:00,0.5278457847495888
2021-11-24 09:00:00,0.5104615062372175
2021-11-25 06:00:00,0.3597449867910647
2021-11-25 07:00:00,0.5784513316148648
2021-11-25 08:00:00,0.44118864969867244
2021-11-25 09:00:00,0.31388987395065027
2021-11-26 06:00:00,0.5135579824180352
2021-11-26 07:00:00,0.5268711432638458
2021-11-26 08:00:00,0.5281377097625242
2021-11-26 09:00:00,0.36241724348276844
2021-11-27 06:00:00,0.33688221845105953
2021-11-27 07:00:00,0.31266654661077625
2021-11-27 08:00:00,0.5429864308486345
2021-11-27 09:00:00,0.5847522914243587
2021-11-28 06:00:00,0.3453556639526624
2021-11-28 07:00:00,0.4492338183131847
2021-11-28 08:00:00,0.5733949105032259
2021-11-28 09:00:00,0.3989627674619511
2021-11-29 06:00:00,0.5967933624162503
2021-11-29 07:00:00,0.40658575511648365
2021-11-29 08:00:00,0.5947093177423735
2021-11-29 09:00:00,0.44218371895613484
2021-11-30 06:00:00,0.349097488342658
2021-11-30 07:00:00,0.30007895357434133
2021-11-30 08:00:00,0.5875197945822817
2021-11-30 09:00:00,0.3585888863337473
2021-09-01 10:00:00,1.4728310033266743
2021-09-01 11:00:00,1.6875302693987928
2021-09-01 12:00:00,1.4771201819500814
2021-09-02 10:00:00,0.9166736375464775
2021-09-02 11:00:00,1.431497947661812
2021-09-02 12:00:00,1.6511064957075958
2021-09-03 10:00:00,1.0154208086491487
2021-09-03 11:00:00,1.170125795683851
2021-09-03 12:00:00,0.8000983168440712
2021-09-04 10:00:00,0.9367993765019572
2021-09-04 11:00:00,1.3379506553357714
2021-09-04 12:00:00,1.300921947975751
2021-09-05 10:00:00,1.4632406816441548
2021-09-05 11:00:00,1.1066636769146063
2021-09-05 12:00:00,0.9517675845625939
2021-09-06 10:00:00,0.6131297494542409
2021-09-06 11:00:00,0.9881633090552525
2021-09-06 12:00:00,1.4430143478254889
2021-09-07 10:00:00,0.6212743600187043
2021-09-07 11:00:00,1.6915548783263836
2021-09-07 12:00:00,0.767814772857351
2021-09-08 10:00:00,1.4155519025977736
2021-09-08 11:00:00,0.6288183823905925
2021-09-08 12:00:00,1.4381413140299777
2021-09-09 10:00:00,0.9940033723574103
2021-09-09 11:00:00,0.7443619141341116
2021-09-09 12:00:00,0.9206588009649466
2021-09-10 10:00:00,1.595984018169075
2021-09-10 11:00:00,1.1194838211045441
2021-09-10 12:00:00,1.620716367112089
2021-09-11 10:00:00,0.8437118360634854
2021-09-11 11:00:00,0.787273247094955
2021-09-11 12:00:00,1.639584730112134
2021-09-12 10:00:00,0.659660746966388
2021-09-12 11:00:00,1.6948966294544232
2021-09-12 12:00:00,1.6704439001514073
2021-09-13 10:00:00,0.7653625158725655
2021-09-13 11:00:00,0.6505219550277
2021-09-13 12:00:00,1.5131646611143372
2021-09-14 10:00:00,1.6730240229437436
2021-09-14 11:00:00,1.0690151674060808
2021-09-14 12:00:00,1.4158813243393904
2021-09-15 10:00:00,1.4842159862615998
2021-09-15 11:00:00,0.7770420060725975
2021-09-15 12:00:00,0.8634648726505771
2021-09-16 10:00:00,1.522466851098525
2021-09-16 11:00:00,1.204342217900821
2021-09-16 12:00:00,1.4946056054746673
2021-09-17 10:00:00,0.9312382365376201
2021-09-17 11:00:00,0.8907757098556071
2021-09-17 12:00:00,1.2809963031606495
2021-09-18 10:00:00,0.7006580854438827
2021-09-18 11:00:00,1.6777834734623291
2021-09-18 12:00:00,0.9688480021662118
2021-09-19 10:00:00,1.6800852999644138
2021-09-19 11:00:00,1.6062803387086877
2021-09-19 12:00:00,1.215454171960244
2021-09-20 10:00:00,1.2638361811251309
2021-09-20 11:00:00,0.6773727800302074
2021-09-20 12:00:00,0.6916706118893607
2021-09-21 10:00:00,1.1676231527846221
2021-09-21 11:00:00,1.4272811077689667
2021-09-21 12:00:00,1.5721467358181838
2021-09-22 10:00:00,1.2188121976999882
2021-09-22 11:00:00,1.3397006200795127
2021-09-22 12:00:00,1.1141003900351785
2021-09-23 10:00:00,0.893827634903053
2021-09-23 11:00:00,1.4646665783123454
2021-09-23 12:00:00,1.0598397202270358
2021-09-24 10:00:00,0.6059794383126619
2021-09-24 11:00:00,0.8637260401154659
2021-09-24 12:00:00,0.7597048325661582
2021-09-25 10:00:00,1.067172530201516
2021-09-25 11:00:00,1.2487795247628939
2021-09-25 12:00:00,1.3558942766789261
2021-09-26 10:00:00,0.9120763368082154
2021-09-26 11:00:00,0.6652949336994859
2021-09-26 12:00:00,1.3605907928868666
2021-09-27 10:00:00,0.9176183076248652
2021-09-27 11:00:00,1.1364764697542393
2021-09-27 12:00:00,1.1501468911227803
2021-09-28 10:00:00,1.2768451965021135
2021-09-28 11:00:00,0.7329908568864764
2021-09-28 12:00:00,1.0880013946466747
2021-09-29 10:00:00,0.8270460600579955
2021-09-29 11:00:00,0.9211043479388528
2021-09-29 12:00:00,1.4885986436183327
2021-09-30 10:00:00,1.450992920049162
2021-09-30 11:00:00,0.6573000856992853
2021-09-30 12:00:00,0.8785290165268433
2021-10-01 10:00:00,0.7675622634999755
2021-10-01 11:00:00,1.039743855071926
2021-10-01 12:00:00,1.1310994244920618
2021-10-02 10:00:00,1.1224224226950783
2021-10-02 11:00:00,0.8647347332379413
2021-10-02 12:00:00,1.5415191528379821
2021-10-03 10:00:00,1.2000877593639225
2021-10-03 11:00:00,0.9782279421702147
2021-10-03 12:00:00,0.712096978448689
2021-10-04 10:00:00,1.278149433152708
2021-10-04 11:00:00,1.4477676451793462
2021-10-04 12:00:00,1.12727664136045
2021-10-05 10:00:00,0.7992845212894333
2021-10-05 11:00:00,0.9925553747694684
2021-10-05 12:00:00,1.0125339188650146
2021-10-06 10:00:00,0.8044912800356563
2021-10-06 11:00:00,1.1640084715191894
2021-10-06 12:00:00,1.5562518523318036
2021-10-07 10:00:00,1.4664499235077642
2021-10-07 11:00:00,0.7581624318625142
2021-10-07 12:00:00,0.8236370857019522
2021-10-08 10:00:00,0.9396972688476413
2021-10-08 11:00:00,1.072497263258448
2021-10-08 12:00:00,0.7152310458075963
2021-10-09 10:00:00,0.7558125718537879
2021-10-09 11:00:00,1.071590505732245
2021-10-09 12:00:00,1.352183060471317
2021-10-10 10:00:00,1.2267707858155807
2021-10-10 11:00:00,0.6729724628857826
2021-10-10 12:00:00,1.256571049334926
2021-10-11 10:00:00,1.0699102362120314
2021-10-11 11:00:00,1.5097585648598453
2021-10-11 12:00:00,1.484217386257383
2021-10-12 10:00:00,1.4326999437904426
2021-10-12 11:00:00,1.5073084518471371
2021-10-12 12:00:00,0.7706261077155836
2021-10-13 10:00:00,1.1161757248087163
2021-10-13 11:00:00,0.9638202262109123
2021-10-13 12:00:00,0.9198347501573311
2021-10-14 10:00:00,0.8509171249386449
2021-10-14 11:00:00,0.8768130231231883
2021-10-14 12:00:00,0.9127555545525051
2021-10-15 10:00:00,0.7363374808716194
2021-10-15 11:00:00,1.08541869982647
2021-10-15 12:00:00,0.7939637690222007
2021-10-16 10:00:00,1.0174823204580479
2021-10-16 11:00:00,1.1999238613781333
2021-10-16 12:00:00,1.2996648571872207
2021-10-17 10:00:00,1.1984007036133881
2021-10-17 11:00:00,1.1109125057386704
2021-10-17 12:00:00,1.6578412350277603
2021-10-18 10:00:00,0.74312236702286
2021-10-18 11:00:00,1.3643571505425292
2021-10-18 12:00:00,0.6444900492555914
2021-10-19 10:00:00,1.3543763627927006
2021-10-19 11:00:00,0.7197521476820989
2021-10-19 12:00:00,1.5862254244035232
2021-10-20 10:00:00,1.5318342230919617
2021-10-20 11:00:00,1.426948049441552
2021-10-20 12:00:00,0.7056239299827501
2021-10-21 10:00:00,0.707531823836675
2021-10-21 11:00:00,0.713091596058876
2021-10-21 12:00:00,1.474595508366183
2021-10-22 10:00:00,1.6875564490729067
2021-10-22 11:00:00,1.668480101342499
2021-10-22 12:00:00,1.4173424789853026
2021-10-23 10:00:00,1.5317173579287822
2021-10-23 11:00:00,1.0305687261973762
2021-10-23 12:00:00,0.6367995060533327
2021-10-24 10:00:00,0.9035493155480043
2021-10-24 11:00:00,0.8233372638431979
2021-10-24 12:00:00,1.4663839752483585
2021-10-25 10:00:00,1.1759914708118198
2021-10-25 11:00:00,0.8607282300802994
2021-10-25 12:00:00,0.6279611494050686
2021-10-26 10:00:00,1.1353378837076338
2021-10-26 11:00:00,1.6306317185281647
2021-10-26 12:00:00,0.7626311416162315
2021-10-27 10:00:00,0.7482374447909736
2021-10-27 11:00:00,1.0241214334810353
2021-10-27 12:00:00,1.0544882642653128
2021-10-28 10:00:00,1.3965826078617622
2021-10-28 11:00:00,1.6913634397941113
2021-10-28 12:00:00,1.2728558211427645
2021-10-29 10:00:00,0.9990322616082423
2021-10-29 11:00:00,1.127196618987613
2021-10-29 12:00:00,0.9962664515723589
2021-10-30 10:00:00,1.6444215219478573
2021-10-30 11:00:00,0.7659858517950924
2021-10-30 12:00:00,0.8881364893364201
2021-10-31 10:00:00,0.6097999552615068
2021-10-31 11:00:00,1.6499376516008724
2021-10-31 12:00:00,0.7309346369524647
2021-11-01 10:00:00,0.9328779625339041
2021-11-01 11:00:00,1.4697922503865204
2021-11-01 12:00:00,1.3802564062406613
2021-11-02 10:00:00,1.5692816368830802
2021-11-02 11:00:00,1.6444449811979474
2021-11-02 12:00:00,0.8010976149667391
2021-11-03 10:00:00,1.1663470188320333
2021-11-03 11:00:00,1.070770089459546
2021-11-03 12:00:00,1.267592586656396
2021-11-04 10:00:00,1.1546446933722943
2021-11-04 11:00:00,1.4057021265275083
2021-11-04 12:00:00,1.232224870896932
2021-11-05 10:00:00,1.1992313303165965
2021-11-05 11:00:00,0.9378373963707748
2021-11-05 12:00:00,1.0959919778983598
2021-11-06 10:00:00,1.0540464819815067
2021-11-06 11:00:00,0.838334379465959
2021-11-06 12:00:00,0.885289081663734
2021-11-07 10:00:00,1.183219712096042
2021-11-07 11:00:00,1.3694950754480344
2021-11-07 12:00:00,1.0944816199381142
2021-11-08 10:00:00,1.0217463407924625
2021-11-08 11:00:00,0.6303995772796142
2021-11-08 12:00:00,1.0687015890808058
2021-11-09 10:00:00,1.0786182570857523
2021-11-09 11:00:00,1.0305035787903272
2021-11-09 12:00:00,1.4054787426333253
2021-11-10 10:00:00,1.015508929124981
2021-11-10 11:00:00,0.6676269410428533
2021-11-10 12:00:00,1.5572886120635294
2021-11-11 10:00:00,1.3692312053246374
2021-11-11 11:00:00,0.6941195876746687
2021-11-11 12:00:00,1.6172138985728872
2021-11-12 10:00:00,1.1209978932957394
2021-11-12 11:00:00,0.8164498183531583
2021-11-12 12:00:00,0.7183014392053049
2021-11-13 10:00:00,0.6078664046016625
2021-11-13 11:00:00,1.6479743142198244
2021-11-13 12:00:00,0.7202431785856822
2021-11-14 10:00:00,1.511842961693497
2021-11-14 11:00:00,1.1596818808184421
2021-11-14 12:00:00,1.4362919969103525
2021-11-15 10:00:00,1.5989786871748086
2021-11-15 11:00:00,1.2763712558605091
2021-11-15 12:00:00,0.8922360861387157
2021-11-16 10:00:00,1.6598827534425928
2021-11-16 11:00:00,1.6235864952105818
2021-11-16 12:00:00,1.620980481286955
2021-11-17 10:00:00,1.6711626597836093
2021-11-17 11:00:00,1.5587812459477242
2021-11-17 12:00:00,1.2240238606264056
2021-11-18 10:00:00,1.5802795459768904
2021-11-18 11:00:00,1.1991078784453788
2021-11-18 12:00:00,0.9364168535407311
2021-11-19 10:00:00,1.1834493624346227
2021-11-19 11:00:00,1.5579729508875149
2021-11-19 12:00:00,1.0097014328975846
2021-11-20 10:00:00,1.4787674423191137
2021-11-20 11:00:00,1.0956955544454958
2021-11-20 12:00:00,0.8553840597125446
2021-11-21 10:00:00,0.9712494180497047
2021-11-21 11:00:00,1.5020619788474865
2021-11-21 12:00:00,1.6553526065401165
2021-11-22 10:00:00,0.7400809578089778
2021-11-22 11:00:00,1.2873251865966608
2021-11-22 12:00:00,1.330989733215495
2021-11-23 10:00:00,1.6573424917480657
2021-11-23 11:00:00,1.2550092157458121
2021-11-23 12:00:00,0.6901470108662344
2021-11-24 10:00:00,0.9948093717620636
2021-11-24 11:00:00,0.6592207960151854
2021-11-24 12:00:00,1.4230919435834286
2021-11-25 10:00:00,0.798125272003374
2021-11-25 11:00:00,1.5199027576008892
2021-11-25 12:00:00,1.4728060680359671
2021-11-26 10:00:00,1.6792192175893943
2021-11-26 11:00:00,1.4463637356474968
2021-11-26 12:00:00,1.209918613607418
2021-11-27 10:00:00,1.4227480975503197
2021-11-27 11:00:00,1.5950636881257862
2021-11-27 12:00:00,0.7408280620108469
2021-11-28 10:00:00,1.5516916387010535
2021-11-28 11:00:00,1.4645283544639351
2021-11-28 12:00:00,0.851220828740179
2021-11-29 10:00:00,1.4792745979912083
2021-11-29 11:00:00,1.3349662193554326
2021-11-29 12:00:00,1.221082907996995
2021-11-30 10:00:00,1.5270363564192175
2021-11-30 11:00:00,1.5384527830002348
2021-11-30 12:00:00,0.9074695680131162
2021-09-01 13:00:00,1.519873141123552
2021-09-01 14:00:00,1.8747284947315996
2021-09-01 15:00:00,1.820693784035912
2021-09-02 13:00:00,1.9728933930382189
2021-09-02 14:00:00,1.7033500853844528
2021-09-02 15:00:00,1.8825871361251045
2021-09-03 13:00:00,1.9658437982633012
2021-09-03 14:00:00,1.7311854974160394
2021-09-03 15:00:00,1.5622772264515707
2021-09-04 13:00:00,1.8681382057120755
2021-09-04 14:00:00,1.7463731570784886
2021-09-04 15:00:00,1.9602502900870058
2021-09-05 13:00:00,1.847622778770862
2021-09-05 14:00:00,1.6464656790547867
2021-09-05 15:00:00,1.72302054855944
2021-09-06 13:00:00,1.7531241803964708
2021-09-06 14:00:00,1.8498449159223038
2021-09-06 15:00:00,1.9342332233757331
2021-09-07 13:00:00,1.6047769585704872
2021-09-07 14:00:00,1.842347531435355
2021-09-07 15:00:00,1.568819966285456
2021-09-08 13:00:00,1.8334268930000828
2021-09-08 14:00:00,1.913486946776758
2021-09-08 15:00:00,1.639902785781989
2021-09-09 13:00:00,1.6638318831025232
2021-09-09 14:00:00,1.6749580314975199
2021-09-09 15:00:00,1.8187683069231335
2021-09-10 13:00:00,1.928463790299484
2021-09-10 14:00:00,1.8063134960292175
2021-09-10 15:00:00,1.9603635127179189
2021-09-11 13:00:00,1.9597617043838258
2021-09-11 14:00:00,1.6359102954973164
2021-09-11 15:00:00,1.924158588094765
2021-09-12 13:00:00,1.9930815692086592
2021-09-12 14:00:00,1.6645776938948487
2021-09-12 15:00:00,1.5136821937255092
2021-09-13 13:00:00,1.6403878200476878
2021-09-13 14:00:00,1.9084282150744931
2021-09-13 15:00:00,1.9488552159117618
2021-09-14 13:00:00,1.6377292742238903
2021-09-14 14:00:00,1.549280038060245
2021-09-14 15:00:00,1.66602973401618
2021-09-15 13:00:00,1.5361406402730982
2021-09-15 14:00:00,1.930419366492185
2021-09-15 15:00:00,1.9750575416821268
2021-09-16 13:00:00,1.7368444364144657
2021-09-16 14:00:00,1.5526203639732605
2021-09-16 15:00:00,1.6859495950148633
2021-09-17 13:00:00,1.8547776600007913
2021-09-17 14:00:00,1.5021586372499958
2021-09-17 15:00:00,1.6530488724359849
2021-09-18 13:00:00,1.9666906267079978
2021-09-18 14:00:00,1.8337821581012372
2021-09-18 15:00:00,1.7806385886868292
2021-09-19 13:00:00,1.5143320661332171
2021-09-19 14:00:00,1.591239766460736
2021-09-19 15:00:00,1.537028224350249
2021-09-20 13:00:00,1.88073516265885
2021-09-20 14:00:00,1.531293496102814
2021-09-20 15:00:00,1.8355900690902398
2021-09-21 13:00:00,1.6479638988590568
2021-09-21 14:00:00,1.8381004334637383
2021-09-21 15:00:00,1.782110827866022
2021-09-22 13:00:00,1.9544078783642154
2021-09-22 14:00:00,1.6565659929456709
2021-09-22 15:00:00,1.5383777266244263
2021-09-23 13:00:00,1.829004649771901
2021-09-23 14:00:00,1.8633232989443198
2021-09-23 15:00:00,1.8378193769460234
2021-09-24 13:00:00,1.88881358576866
2021-09-24 14:00:00,1.8136719542893014
2021-09-24 15:00:00,1.8380156524660558
2021-09-25 13:00:00,1.950054852293102
2021-09-25 14:00:00,1.7487559396404775
2021-09-25 15:00:00,1.6511668399374122
2021-09-26 13:00:00,1.9836458631304121
2021-09-26 14:00:00,1.6139423052600155
2021-09-26 15:00:00,1.9270997013043287
2021-09-27 13:00:00,1.6303728884339943
2021-09-27 14:00:00,1.5720478053444171
2021-09-27 15:00:00,1.585175145018392
2021-09-28 13:00:00,1.986098200318293
2021-09-28 14:00:00,1.7752880009022887
2021-09-28 15:00:00,1.707750812748213
2021-09-29 13:00:00,1.689319380733722
2021-09-29 14:00:00,1.5250986955326233
2021-09-29 15:00:00,1.5366311887553379
2021-09-30 13:00:00,1.982006850925029
2021-09-30 14:00:00,1.8207916441435652
2021-09-30 15:00:00,1.9232946447661763
2021-10-01 13:00:00,1.8247944495765274
2021-10-01 14:00:00,1.787581187538959
2021-10-01 15:00:00,1.612728391958013
2021-10-02 13:00:00,1.9279011646305846
2021-10-02 14:00:00,1.56562446906516
2021-10-02 15:00:00,1.707401045544793
2021-10-03 13:00:00,1.5353039442041978
2021-10-03 14:00:00,1.7691121271031909
2021-10-03 15:00:00,1.8276066001302225
2021-10-04 13:00:00,1.6240804126682995
2021-10-04 14:00:00,1.9140029487298515
2021-10-04 15:00:00,1.684254289971639
2021-10-05 13:00:00,1.7596439795663825
2021-10-05 14:00:00,1.9199544332056604
2021-10-05 15:00:00,1.7074263098760514
2021-10-06 13:00:00,1.6533296681259473
2021-10-06 14:00:00,1.8841540880465186
2021-10-06 15:00:00,1.6892447663933177
2021-10-07 13:00:00,1.9491730963734868
2021-10-07 14:00:00,1.5879593669292917
2021-10-07 15:00:00,1.5134737988554963
2021-10-08 13:00:00,1.8400134353520028
2021-10-08 14:00:00,1.58499329430329
2021-10-08 15:00:00,1.9302687046316351
2021-10-09 13:00:00,1.9857250698025002
2021-10-09 14:00:00,1.968362495273539
2021-10-09 15:00:00,1.575517462855836
2021-10-10 13:00:00,1.7979980821304586
2021-10-10 14:00:00,1.5367165965232767
2021-10-10 15:00:00,1.9007747344206685
2021-10-11 13:00:00,1.5461770809175814
2021-10-11 14:00:00,1.743335971283317
2021-10-11 15:00:00,1.5016692455919196
2021-10-12 13:00:00,1.5326107633501977
2021-10-12 14:00:00,1.7636151213479483
2021-10-12 15:00:00,1.6005507013640266
2021-10-13 13:00:00,1.5431144448465144
2021-10-13 14:00:00,1.5603264476288414
2021-10-13 15:00:00,1.9653495151519746
2021-10-14 13:00:00,1.6203285338553615
2021-10-14 14:00:00,1.9519001109744498
2021-10-14 15:00:00,1.9576475017433435
2021-10-15 13:00:00,1.545644891544411
2021-10-15 14:00:00,1.5782081913506558
2021-10-15 15:00:00,1.6822203254778534
2021-10-16 13:00:00,1.6643250797385198
2021-10-16 14:00:00,1.9937613803497953
2021-10-16 15:00:00,1.9467222674863673
2021-10-17 13:00:00,1.7568468716664973
2021-10-17 14:00:00,1.9867216922511928
2021-10-17 15:00:00,1.585332172406802
2021-10-18 13:00:00,1.841256369887165
2021-10-18 14:00:00,1.9062279731648761
2021-10-18 15:00:00,1.6039750894410478
2021-10-19 13:00:00,1.7083324028857787
2021-10-19 14:00:00,1.9372354313085003
2021-10-19 15:00:00,1.5691577271633588
2021-10-20 13:00:00,1.8303341446960035
2021-10-20 14:00:00,1.5025230659576425
2021-10-20 15:00:00,1.9320519076005838
2021-10-21 13:00:00,1.9415581142606109
2021-10-21 14:00:00,1.7533942760340822
2021-10-21 15:00:00,1.6938479102651116
2021-10-22 13:00:00,1.7829386201257569
2021-10-22 14:00:00,1.9439364275782816
2021-10-22 15:00:00,1.5437545245274862
2021-10-23 13:00:00,1.884306935114274
2021-10-23 14:00:00,1.865811682539871
2021-10-23 15:00:00,1.99765570209812
2021-10-24 13:00:00,1.7477848443423247
2021-10-24 14:00:00,1.9361716603126276
2021-10-24 15:00:00,1.7613338315211065
2021-10-25 13:00:00,1.9858594419949536
2021-10-25 14:00:00,1.7415478029353886
2021-10-25 15:00:00,1.9770911212834865
2021-10-26 13:00:00,1.9028678769214085
2021-10-26 14:00:00,1.6428495247635377
2021-10-26 15:00:00,1.6583750559218273
2021-10-27 13:00:00,1.6483246122712671
2021-10-27 14:00:00,1.586581811428974
2021-10-27 15:00:00,1.668093742288531
2021-10-28 13:00:00,1.9407648302585032
2021-10-28 14:00:00,1.811193327700612
2021-10-28 15:00:00,1.8436976208903042
2021-10-29 13:00:00,1.703504305423106
2021-10-29 14:00:00,1.6672581911028448
2021-10-29 15:00:00,1.8538741679743556
2021-10-30 13:00:00,1.8710873848257594
2021-10-30 14:00:00,1.975899025892135
2021-10-30 15:00:00,1.9937442021327323
2021-10-31 13:00:00,1.5194463889346173
2021-10-31 14:00:00,1.714691007606987
2021-10-31 15:00:00,1.7473844573241135
2021-11-01 13:00:00,1.9511280682089813
2021-11-01 14:00:00,1.729449044575507
2021-11-01 15:00:00,1.5599525297510395
2021-11-02 13:00:00,1.648902504577824
2021-11-02 14:00:00,1.9039853826863298
2021-11-02 15:00:00,1.9574729971281462
2021-11-03 13:00:00,1.668668825882167
2021-11-03 14:00:00,1.9018474656065918
2021-11-03 15:00:00,1.968074790902211
2021-11-04 13:00:00,1.9794497129109034
2021-11-04 14:00:00,1.8587062211963228
2021-11-04 15:00:00,1.658995821508137
2021-11-05 13:00:00,1.7462170242116244
2021-11-05 14:00:00,1.783289810157647
2021-11-05 15:00:00,1.5400678143977031
2021-11-06 13:00:00,1.7994253812289438
2021-11-06 14:00:00,1.897995086038725
2021-11-06 15:00:00,1.5738170240335592
2021-11-07 13:00:00,1.635505795642489
2021-11-07 14:00:00,1.77043300586337
2021-11-07 15:00:00,1.8976258552074503
2021-11-08 13:00:00,1.6373956903923157
2021-11-08 14:00:00,1.701942356068831
2021-11-08 15:00:00,1.6793297173826645
2021-11-09 13:00:00,1.70475309501321
2021-11-09 14:00:00,1.830697682804107
2021-11-09 15:00:00,1.6971318571371141
2021-11-10 13:00:00,1.615041274510344
2021-11-10 14:00:00,1.6123642144192063
2021-11-10 15:00:00,1.6981026301201934
2021-11-11 13:00:00,1.807694905230036
2021-11-11 14:00:00,1.8827453145438602
2021-11-11 15:00:00,1.6200492469646737
2021-11-12 13:00:00,1.7663720178177549
2021-11-12 14:00:00,1.727193979962413
2021-11-12 15:00:00,1.8281923428945415
2021-11-13 13:00:00,1.7611492729349678
2021-11-13 14:00:00,1.5523228104157423
2021-11-13 15:00:00,1.655546771924775
2021-11-14 13:00:00,1.7559283448779683
2021-11-14 14:00:00,1.9388504198639438
2021-11-14 15:00:00,1.9963417699068313
2021-11-15 13:00:00,1.932530409503547
2021-11-15 14:00:00,1.9100800346519469
2021-11-15 15:00:00,1.906760769858467
2021-11-16 13:00:00,1.9434654226782593
2021-11-16 14:00:00,1.6386088066157223
2021-11-16 15:00:00,1.7583350853899802
2021-11-17 13:00:00,1.6129491519027137
2021-11-17 14:00:00,1.6018269187847443
2021-11-17 15:00:00,1.5204665150386063
2021-11-18 13:00:00,1.5587145649606526
2021-11-18 14:00:00,1.7281343863168785
2021-11-18 15:00:00,1.836297349226049
2021-11-19 13:00:00,1.8261190535343599
2021-11-19 14:00:00,1.8258270772306833
2021-11-19 15:00:00,1.8029185388309448
2021-11-20 13:00:00,1.6196536182147663
2021-11-20 14:00:00,1.8436707378717503
2021-11-20 15:00:00,1.9165405925786878
2021-11-21 13:00:00,1.7946997249399943
2021-11-21 14:00:00,1.587939624682916
2021-11-21 15:00:00,1.6171567260736863
2021-11-22 13:00:00,1.6235870286961869
2021-11-22 14:00:00,1.8969395597218792
2021-11-22 15:00:00,1.9628834437493814
2021-11-23 13:00:00,1.602550241630419
2021-11-23 14:00:00,1.5571755511834837
2021-11-23 15:00:00,1.6984662547737506
2021-11-24 13:00:00,1.8368906238772
2021-11-24 14:00:00,1.514475083888649
2021-11-24 15:00:00,1.7437200504685029
2021-11-25 13:00:00,1.6558620104758743
2021-11-25 14:00:00,1.6232900844156175
2021-11-25 15:00:00,1.901162277274187
2021-11-26 13:00:00,1.5919079290374736
2021-11-26 14:00:00,1.6077821288110057
2021-11-26 15:00:00,1.8965866754230065
2021-11-27 13:00:00,1.6366359111042863
2021-11-27 14:00:00,1.5608989418339612
2021-11-27 15:00:00,1.9027646679854697
2021-11-28 13:00:00,1.6016658045805994
2021-11-28 14:00:00,1.5887765813818888
2021-11-28 15:00:00,1.916453135837096
2021-11-29 13:00:00,1.6153554775212609
2021-11-29 14:00:00,1.805025020911399
2021-11-29 15:00:00,1.849795557472088
2021-11-30 13:00:00,1.6870939115545056
2021-11-30 14:00:00,1.5140621433448738
2021-11-30 15:00:00,1.6136608610273824
2021-09-01 16:00:00,2.6405681870319766
2021-09-01 17:00:00,2.6409319983295836
2021-09-01 18:00:00,2.684925435164626
2021-09-02 16:00:00,2.6064634252216123
2021-09-02 17:00:00,2.620854399890286
2021-09-02 18:00:00,2.629724114654053
2021-09-03 16:00:00,2.5181924036945347
2021-09-03 17:00:00,2.607838479102443
2021-09-03 18:00:00,2.6662624964846415
2021-09-04 16:00:00,2.6347497074805024
2021-09-04 17:00:00,2.6580718442850055
2021-09-04 18:00:00,2.636408503006869
2021-09-05 16:00:00,2.5205341450713745
2021-09-05 17:00:00,2.616459565409548
2021-09-05 18:00:00,2.5067990052644533
2021-09-06 16:00:00,2.5184516193831117
2021-09-06 17:00:00,2.674659511936042
2021-09-06 18:00:00,2.658216234530778
2021-09-07 16:00:00,2.6304015190472785
2021-09-07 17:00:00,2.5070586114198403
2021-09-07 18:00:00,2.5196203630655427
2021-09-08 16:00:00,2.619614036448441
2021-09-08 17:00:00,2.618905415582229
2021-09-08 18:00:00,2.693361520302799
2021-09-09 16:00:00,2.612297666405592
2021-09-09 17:00:00,2.5336934898938077
2021-09-09 18:00:00,2.574426493271083
2021-09-10 16:00:00,2.613577077077984
2021-09-10 17:00:00,2.5661292683838055
2021-09-10 18:00:00,2.6120468294308354
2021-09-11 16:00:00,2.569559419579539
2021-09-11 17:00:00,2.6575318542325164
2021-09-11 18:00:00,2.5242015035584733
2021-09-12 16:00:00,2.522024505228249
2021-09-12 17:00:00,2.676510912182289
2021-09-12 18:00:00,2.6820464792300363
2021-09-13 16:00:00,2.628844565227601
2021-09-13 17:00:00,2.5043121556135075
2021-09-13 18:00:00,2.6391951641081373
2021-09-14 16:00:00,2.5137727131262446
2021-09-14 17:00:00,2.568602650251826
2021-09-14 18:00:00,2.602036311833017
2021-09-15 16:00:00,2.692652005073093
2021-09-15 17:00:00,2.5893948785365106
2021-09-15 18:00:00,2.692387157215252
2021-09-16 16:00:00,2.5137357848132607
2021-09-16 17:00:00,2.6425050829485555
2021-09-16 18:00:00,2.6704046577600677
2021-09-17 16:00:00,2.5695010577054602
2021-09-17 17:00:00,2.518239209040937
2021-09-17 18:00:00,2.6167155252187673
2021-09-18 16:00:00,2.6865264032784384
2021-09-18 17:00:00,2.6834923181803063
2021-09-18 18:00:00,2.6524765104422072
2021-09-19 16:00:00,2.6387018927164467
2021-09-19 17:00:00,2.559573496591906
2021-09-19 18:00:00,2.6579216298047976
2021-09-20 16:00:00,2.5272101746386104
2021-09-20 17:00:00,2.623915170386677
2021-09-20 18:00:00,2.589412385705282
2021-09-21 16:00:00,2.5038715473064665
2021-09-21 17:00:00,2.5785490243327547
2021-09-21 18:00:00,2.6206126500843703
2021-09-22 16:00:00,2.6096990871148904
2021-09-22 17:00:00,2.5684306378328516
2021-09-22 18:00:00,2.601428056642731
2021-09-23 16:00:00,2.6143722060215007
2021-09-23 17:00:00,2.5899842666235937
2021-09-23 18:00:00,2.592893216511883
2021-09-24 16:00:00,2.6386076203212983
2021-09-24 17:00:00,2.664650263166572
2021-09-24 18:00:00,2.5973931919207898
2021-09-25 16:00:00,2.614040635074834
2021-09-25 17:00:00,2.5521113684800496
2021-09-25 18:00:00,2.5241748612666806
2021-09-26 16:00:00,2.6622508071218176
2021-09-26 17:00:00,2.5226277213393993
2021-09-26 18:00:00,2.612123128972098
2021-09-27 16:00:00,2.5754186073330825
2021-09-27 17:00:00,2.5928395172302814
2021-09-27 18:00:00,2.6889491894256343
2021-09-28 16:00:00,2.5327370253298223
2021-09-28 17:00:00,2.532410968402
2021-09-28 18:00:00,2.563461095189674
2021-09-29 16:00:00,2.5859665391142292
2021-09-29 17:00:00,2.6873130811168853
2021-09-29 18:00:00,2.6148325607334564
2021-09-30 16:00:00,2.565442918820044
2021-09-30 17:00:00,2.640245483751661
2021-09-30 18:00:00,2.6840675455456675
2021-10-01 16:00:00,2.6385859719926543
2021-10-01 17:00:00,2.59866895125328
2021-10-01 18:00:00,2.623783545652005
2021-10-02 16:00:00,2.6570140148311876
2021-10-02 17:00:00,2.601786937168887
2021-10-02 18:00:00,2.517785653238916
2021-10-03 16:00:00,2.686641329416026
2021-10-03 17:00:00,2.51158445400626
2021-10-03 18:00:00,2.601571493526593
2021-10-04 16:00:00,2.5743843302382987
2021-10-04 17:00:00,2.539885218972451
2021-10-04 18:00:00,2.6830507885647235
2021-10-05 16:00:00,2.612027372718641
2021-10-05 17:00:00,2.5215562398878535
2021-10-05 18:00:00,2.5731985228817416
2021-10-06 16:00:00,2.551509849296732
2021-10-06 17:00:00,2.639022673859675
2021-10-06 18:00:00,2.5193849465839886
2021-10-07 16:00:00,2.6904823022939612
2021-10-07 17:00:00,2.5407089736434636
2021-10-07 18:00:00,2.57777890545607
2021-10-08 16:00:00,2.575314214108453
2021-10-08 17:00:00,2.6993131734585676
2021-10-08 18:00:00,2.5041858335814102
2021-10-09 16:00:00,2.6831623968597693
2021-10-09 17:00:00,2.6155278087421405
2021-10-09 18:00:00,2.523511117858292
2021-10-10 16:00:00,2.6374596409126045
2021-10-10 17:00:00,2.6459309255767334
2021-10-10 18:00:00,2.609000455958405
2021-10-11 16:00:00,2.5748037955139496
2021-10-11 17:00:00,2.5411205558130354
2021-10-11 18:00:00,2.603138443244115
2021-10-12 16:00:00,2.625591871859032
2021-10-12 17:00:00,2.6595815447813087
2021-10-12 18:00:00,2.6665255804224226
2021-10-13 16:00:00,2.5647833702444136
2021-10-13 17:00:00,2.689694277238858
2021-10-13 18:00:00,2.510998160594667
2021-10-14 16:00:00,2.606845566956847
2021-10-14 17:00:00,2.6704908717494633
2021-10-14 18:00:00,2.545217099266547
2021-10-15 16:00:00,2.5780172022691508
2021-10-15 17:00:00,2.5312813366439793
2021-10-15 18:00:00,2.5805846075460512
2021-10-16 16:00:00,2.6476932683895553
2021-10-16 17:00:00,2.5312793668399616
2021-10-16 18:00:00,2.6073461257660746
2021-10-17 16:00:00,2.5339224758821906
2021-10-17 17:00:00,2.5982817896757755
2021-10-17 18:00:00,2.6390119941545085
2021-10-18 16:00:00,2.6952611231496912
2021-10-18 17:00:00,2.584870975795693
2021-10-18 18:00:00,2.6291545194026478
2021-10-19 16:00:00,2.6063213886130527
2021-10-19 17:00:00,2.669874358720265
2021-10-19 18:00:00,2.60591337063994
2021-10-20 16:00:00,2.563842720976888
2021-10-20 17:00:00,2.647977447145855
2021-10-20 18:00:00,2.6471812597890905
2021-10-21 16:00:00,2.6207734151863056
2021-10-21 17:00:00,2.676639581737473
2021-10-21 18:00:00,2.6192540073313584
2021-10-22 16:00:00,2.5196745061884247
2021-10-22 17:00:00,2.675449735811215
2021-10-22 18:00:00,2.649980559504746
2021-10-23 16:00:00,2.639532285419198
2021-10-23 17:00:00,2.5487010449736975
2021-10-23 18:00:00,2.6567828911160487
2021-10-24 16:00:00,2.680481067829642
2021-10-24 17:00:00,2.616990296227877
2021-10-24 18:00:00,2.6479735589763864
2021-10-25 16:00:00,2.6414142098993576
2021-10-25 17:00:00,2.5028591933385216
2021-10-25 18:00:00,2.5275208029770933
2021-10-26 16:00:00,2.684605663945884
2021-10-26 17:00:00,2.603041082457643
2021-10-26 18:00:00,2.5326722826379
2021-10-27 16:00:00,2.5371897153059924
2021-10-27 17:00:00,2.631868330992873
2021-10-27 18:00:00,2.507904482060877
2021-10-28 16:00:00,2.6801091946224624
2021-10-28 17:00:00,2.547991541694857
2021-10-28 18:00:00,2.659198195143924
2021-10-29 16:00:00,2.6180434113165423
2021-10-29 17:00:00,2.675561674800608
2021-10-29 18:00:00,2.6628325609427668
2021-10-30 16:00:00,2.685586007066512
2021-10-30 17:00:00,2.6657411779024245
2021-10-30 18:00:00,2.6059369932838568
2021-10-31 16:00:00,2.6122282401795065
2021-10-31 17:00:00,2.5777139599213346
2021-10-31 18:00:00,2.599168679515154
2021-11-01 16:00:00,2.5469857054116263
2021-11-01 17:00:00,2.5541159646328526
2021-11-01 18:00:00,2.5799278293920938
2021-11-02 16:00:00,2.617358650507967
2021-11-02 17:00:00,2.5439611345343986
2021-11-02 18:00:00,2.6944574561508685
2021-11-03 16:00:00,2.6764430558184245
2021-11-03 17:00:00,2.5045526863890344
2021-11-03 18:00:00,2.632982753902791
2021-11-04 16:00:00,2.592001402906828
2021-11-04 17:00:00,2.588845497711376
2021-11-04 18:00:00,2.545215881316226
2021-11-05 16:00:00,2.633936175477218
2021-11-05 17:00:00,2.626075338163678
2021-11-05 18:00:00,2.642140614529662
2021-11-06 16:00:00,2.5453234600960624
2021-11-06 17:00:00,2.500687995811697
2021-11-06 18:00:00,2.650851494093771
2021-11-07 16:00:00,2.5013113130621853
2021-11-07 17:00:00,2.5518420313418106
2021-11-07 18:00:00,2.5981858174269505
2021-11-08 16:00:00,2.567355833184092
2021-11-08 17:00:00,2.6393302893167276
2021-11-08 18:00:00,2.500838472194932
2021-11-09 16:00:00,2.5513790029426318
2021-11-09 17:00:00,2.5815438383663913
2021-11-09 18:00:00,2.654846692026583
2021-11-10 16:00:00,2.684901792526611
2021-11-10 17:00:00,2.592221175194547
2021-11-10 18:00:00,2.6780718576939035
2021-11-11 16:00:00,2.695878864215749
2021-11-11 17:00:00,2.664791894899435
2021-11-11 18:00:00,2.5349923344405383
2021-11-12 16:00:00,2.6384828783645027
2021-11-12 17:00:00,2.5661019562511926
2021-11-12 18:00:00,2.5704120681857807
2021-11-13 16:00:00,2.669922466606879
2021-11-13 17:00:00,2.5924692883696943
2021-11-13 18:00:00,2.6420996602410556
2021-11-14 16:00:00,2.664121300240521
2021-11-14 17:00:00,2.5934935856823884
2021-11-14 18:00:00,2.564348498544908
2021-11-15 16:00:00,2.5464987106990717
2021-11-15 17:00:00,2.531187391493162
2021-11-15 18:00:00,2.689489356588383
2021-11-16 16:00:00,2.6673832671864015
2021-11-16 17:00:00,2.669804767970923
2021-11-16 18:00:00,2.547708088722169
2021-11-17 16:00:00,2.558016892969938
2021-11-17 17:00:00,2.6401255709473266
2021-11-17 18:00:00,2.5425172700275693
2021-11-18 16:00:00,2.688489176662026
2021-11-18 17:00:00,2.509611796783175
2021-11-18 18:00:00,2.510250935691008
2021-11-19 16:00:00,2.6532073405241317
2021-11-19 17:00:00,2.536789800375302
2021-11-19 18:00:00,2.6819797973602824
2021-11-20 16:00:00,2.5199070367187164
2021-11-20 17:00:00,2.5654709820208
2021-11-20 18:00:00,2.650914791903959
2021-11-21 16:00:00,2.5235366921567257
2021-11-21 17:00:00,2.554326283204389
2021-11-21 18:00:00,2.5037063369748576
2021-11-22 16:00:00,2.634253227331212
2021-11-22 17:00:00,2.5351846699983267
2021-11-22 18:00:00,2.509707313361934
2021-11-23 16:00:00,2.52792212477036
2021-11-23 17:00:00,2.563092040893093
2021-11-23 18:00:00,2.6960733040257012
2021-11-24 16:00:00,2.5694853959147808
2021-11-24 17:00:00,2.682326511515076
2021-11-24 18:00:00,2.6422534562604207
2021-11-25 16:00:00,2.5700482894935317
2021-11-25 17:00:00,2.5964272713686243
2021-11-25 18:00:00,2.577788814095588
2021-11-26 16:00:00,2.612520648269752
2021-11-26 17:00:00,2.6077958091728832
2021-11-26 18:00:00,2.565464665349344
2021-11-27 16:00:00,2.5446045702876363
2021-11-27 17:00:00,2.5691170655518496
2021-11-27 18:00:00,2.542842013441901
2021-11-28 16:00:00,2.6571669679782284
2021-11-28 17:00:00,2.671405657952721
2021-11-28 18:00:00,2.6553790503613963
2021-11-29 16:00:00,2.677884325513325
2021-11-29 17:00:00,2.6890492092382496
2021-11-29 18:00:00,2.5185192641037264
2021-11-30 16:00:00,2.659982645465802
2021-11-30 17:00:00,2.5278449114268375
2021-11-30 18:00:00,2.6222011536952823
2021-09-01 19:00:00,1.8309779301629028
2021-09-01 20:00:00,1.9691171938585017
2021-09-01 21:00:00,1.8527823220824882
2021-09-02 19:00:00,1.6434414871172311
2021-09-02 20:00:00,1.5206946115718385
2021-09-02 21:00:00,1.9430899065003469
2021-09-03 19:00:00,1.855949780911082
2021-09-03 20:00:00,1.555734627784103
2021-09-03 21:00:00,1.9260818005428781
2021-09-04 19:00:00,1.804212308657379
2021-09-04 20:00:00,1.6439278709033665
2021-09-04 21:00:00,1.5716107615634716
2021-09-05 19:00:00,1.9636629183828114
2021-09-05 20:00:00,1.7530382541354241
2021-09-05 21:00:00,1.7726216244056876
2021-09-06 19:00:00,1.5056162962880433
2021-09-06 20:00:00,1.508053127094122
2021-09-06 21:00:00,1.7799925294848613
2021-09-07 19:00:00,1.7700686605198666
2021-09-07 20:00:00,1.861733207831989
2021-09-07 21:00:00,1.9683415082542766
2021-09-08 19:00:00,1.5329580493281454
2021-09-08 20:00:00,1.9450914763590659
2021-09-08 21:00:00,1.6013270333151375
2021-09-09 19:00:00,1.6479581187409502
2021-09-09 20:00:00,1.8982620700706794
2021-09-09 21:00:00,1.825849057387748
2021-09-10 19:00:00,1.6703329138907832
2021-09-10 20:00:00,1.8853386468639222
2021-09-10 21:00:00,1.791060262944746
2021-09-11 19:00:00,1.7956574924916027
2021-09-11 20:00:00,1.7906870320934893
2021-09-11 21:00:00,1.8423937369732035
2021-09-12 19:00:00,1.855529808260416
2021-09-12 20:00:00,1.8610768846818915
2021-09-12 21:00:00,1.720723730452998
2021-09-13 19:00:00,1.615935408297102
2021-09-13 20:00:00,1.752609820647531
2021-09-13 21:00:00,1.5642821845540869
2021-09-14 19:00:00,1.512878805363437
2021-09-14 20:00:00,1.6121329616501154
2021-09-14 21:00:00,1.986977334476239
2021-09-15 19:00:00,1.8302017862682751
2021-09-15 20:00:00,1.9574417356116283
2021-09-15 21:00:00,1.99843084233268
2021-09-16 19:00:00,1.9814841746965821
2021-09-16 20:00:00,1.7461588153067424
2021-09-16 21:00:00,1.716766088916922
2021-09-17 19:00:00,1.5954717297263148
2021-09-17 20:00:00,1.8510633844263333
2021-09-17 21:00:00,1.9736755125303362
2021-09-18 19:00:00,1.5130274912304422
2021-09-18 20:00:00,1.6290937280267497
2021-09-18 21:00:00,1.612382355135598
2021-09-19 19:00:00,1.6239706656400144
2021-09-19 20:00:00,1.7671844029722426
2021-09-19 21:00:00,1.6433776723206166
2021-09-20 19:00:00,1.7817458644696362
2021-09-20 20:00:00,1.634493961990847
2021-09-20 21:00:00,1.6128300690568622
2021-09-21 19:00:00,1.938365431275353
2021-09-21 20:00:00,1.6663252042647219
2021-09-21 21:00:00,1.7529474917179022
2021-09-22 19:00:00,1.563678210846569
2021-09-22 20:00:00,1.924978808654705
2021-09-22 21:00:00,1.7166253496420563
2021-09-23 19:00:00,1.7298744721614971
2021-09-23 20:00:00,1.6689952994516923
2021-09-23 21:00:00,1.7903535370075454
2021-09-24 19:00:00,1.6420806309360614
2021-09-24 20:00:00,1.9694300595156282
2021-09-24 21:00:00,1.9460727445292352
2021-09-25 19:00:00,1.6387746947958248
2021-09-25 20:00:00,1.7933459055310574
2021-09-25 21:00:00,1.763223958099263
2021-09-26 19:00:00,1.7933222283556416
2021-09-26 20:00:00,1.6806569556335782
2021-09-26 21:00:00,1.923239050949615
2021-09-27 19:00:00,1.6806113885674203
2021-09-27 20:00:00,1.5501466854493464
2021-09-27 21:00:00,1.9069234705081568
2021-09-28 19:00:00,1.7315948966579677
2021-09-28 20:00:00,1.7153027114019332
2021-09-28 21:00:00,1.9454057379750627
2021-09-29 19:00:00,1.9905363365244255
2021-09-29 20:00:00,1.8618917563065485
2021-09-29 21:00:00,1.694128111945847
2021-09-30 19:00:00,1.530452172272692
2021-09-30 20:00:00,1.81157616948602
2021-09-30 21:00:00,1.8388253720177443
2021-10-01 19:00:00,1.977764599367037
2021-10-01 20:00:00,1.5295345911185478
2021-10-01 21:00:00,1.5697285911533543
2021-10-02 19:00:00,1.7409009536647422
2021-10-02 20:00:00,1.5304885578272331
2021-10-02 21:00:00,1.9921201266676838
2021-10-03 19:00:00,1.5034259136629786
2021-10-03 20:00:00,1.7175291869610003
2021-10-03 21:00:00,1.7039331376244042
2021-10-04 19:00:00,1.997715555920534
2021-10-04 20:00:00,1.7139193035291362
2021-10-04 21:00:00,1.8628136199075325
2021-10-05 19:00:00,1.5384560501403366
2021-10-05 20:00:00,1.7603489895536506
2021-10-05 21:00:00,1.6539923862422967
2021-10-06 19:00:00,1.7508953545595058
2021-10-06 20:00:00,1.5384384623362184
2021-10-06 21:00:00,1.6987480025718975
2021-10-07 19:00:00,1.6765474241450655
2021-10-07 20:00:00,1.561744836203751
2021-10-07 21:00:00,1.522163479686355
2021-10-08 19:00:00,1.7033111278210504
2021-10-08 20:00:00,1.7708019939180575
2021-10-08 21:00:00,1.9380090844760784
2021-10-09 19:00:00,1.636142427532495
2021-10-09 20:00:00,1.6498284674521915
2021-10-09 21:00:00,1.7812848906431897
2021-10-10 19:00:00,1.6895198187990335
2021-10-10 20:00:00,1.5126736153976064
2021-10-10 21:00:00,1.8083940258981483
2021-10-11 19:00:00,1.792542612514676
2021-10-11 20:00:00,1.788725724585662
2021-10-11 21:00:00,1.6349620126383961
2021-10-12 19:00:00,1.5564168251588142
2021-10-12 20:00:00,1.5470371380752277
2021-10-12 21:00:00,1.931901104209857
2021-10-13 19:00:00,1.7316128127238553
2021-10-13 20:00:00,1.8568537565168115
2021-10-13 21:00:00,1.610836837853143
2021-10-14 19:00:00,1.9533526347622898
2021-10-14 20:00:00,1.7726788595174932
2021-10-14 21:00:00,1.914965951406741
2021-10-15 19:00:00,1.7054005761615219
2021-10-15 20:00:00,1.874561186253692
2021-10-15 21:00:00,1.5089530187751492
2021-10-16 19:00:00,1.805273618888383
2021-10-16 20:00:00,1.6931562153216335
2021-10-16 21:00:00,1.9321656219256547
2021-10-17 19:00:00,1.5254650967120225
2021-10-17 20:00:00,1.7100975598276689
2021-10-17 21:00:00,1.6289211321780797
2021-10-18 19:00:00,1.8108677578868448
2021-10-18 20:00:00,1.537991833002922
2021-10-18 21:00:00,1.7416131243477742
2021-10-19 19:00:00,1.7484237733417434
2021-10-19 20:00:00,1.7098102799309167
2021-10-19 21:00:00,1.8835548290660866
2021-10-20 19:00:00,1.746290702393514
2021-10-20 20:00:00,1.9141704624980609
2021-10-20 21:00:00,1.7481665798635837
2021-10-21 19:00:00,1.6207028364547666
2021-10-21 20:00:00,1.8126628771770297
2021-10-21 21:00:00,1.5917634168091446
2021-10-22 19:00:00,1.8575544407922344
2021-10-22 20:00:00,1.6750913056063776
2021-10-22 21:00:00,1.9354382344096825
2021-10-23 19:00:00,1.794215492454677
2021-10-23 20:00:00,1.784720508835223
2021-10-23 21:00:00,1.6599315126926968
2021-10-24 19:00:00,1.7359119034820842
2021-10-24 20:00:00,1.8521670369744236
2021-10-24 21:00:00,1.684382190463224
2021-10-25 19:00:00,1.5835008850037986
2021-10-25 20:00:00,1.8106494201389614
2021-10-25 21:00:00,1.813504439841284
2021-10-26 19:00:00,1.6489924634202258
2021-10-26 20:00:00,1.5438070661074703
2021-10-26 21:00:00,1.900251451249109
2021-10-27 19:00:00,1.9417640771433415
2021-10-27 20:00:00,1.7286101799096403
2021-10-27 21:00:00,1.897197526147689
2021-10-28 19:00:00,1.9867884566555982
2021-10-28 20:00:00,1.9162677658600606
2021-10-28 21:00:00,1.7287414409242674
2021-10-29 19:00:00,1.7393001575988005
2021-10-29 20:00:00,1.8000925766623093
2021-10-29 21:00:00,1.7687038277473337
2021-10-30 19:00:00,1.5868678073396734
2021-10-30 20:00:00,1.7996783318967366
2021-10-30 21:00:00,1.8401208122503283
2021-10-31 19:00:00,1.5295136089543504
2021-10-31 20:00:00,1.8299152863841153
2021-10-31 21:00:00,1.7802025780256543
2021-11-01 19:00:00,1.8704853082925856
2021-11-01 20:00:00,1.7471716684838448
2021-11-01 21:00:00,1.9328046457750387
2021-11-02 19:00:00,1.9357898234083653
2021-11-02 20:00:00,1.5834565746753249
2021-11-02 21:00:00,1.8878421203715559
2021-11-03 19:00:00,1.9419794282377147
2021-11-03 20:00:00,1.5032104814663279
2021-11-03 21:00:00,1.9175879698389537
2021-11-04 19:00:00,1.748383080992353
2021-11-04 20:00:00,1.7198069925166075
2021-11-04 21:00:00,1.9559429812959288
2021-11-05 19:00:00,1.6345327702011894
2021-11-05 20:00:00,1.722905930933993
2021-11-05 21:00:00,1.8754032195581298
2021-11-06 19:00:00,1.5463570416546142
2021-11-06 20:00:00,1.6319684790012634
2021-11-06 21:00:00,1.9982304413618945
2021-11-07 19:00:00,1.8817273087898538
2021-11-07 20:00:00,1.6874020655532556
2021-11-07 21:00:00,1.781892530898146
2021-11-08 19:00:00,1.7155224457963159
2021-11-08 20:00:00,1.9875529030670824
2021-11-08 21:00:00,1.683464736921147
2021-11-09 19:00:00,1.5543550395784016
2021-11-09 20:00:00,1.7548882928836096
2021-11-09 21:00:00,1.5704810369521343
2021-11-10 19:00:00,1.65299158322543
2021-11-10 20:00:00,1.5636474104767915
2021-11-10 21:00:00,1.6727994653175788
2021-11-11 19:00:00,1.587972554264527
2021-11-11 20:00:00,1.5099298638852696
2021-11-11 21:00:00,1.71254736938093
2021-11-12 19:00:00,1.7933486269570447
2021-11-12 20:00:00,1.5093636549712148
2021-11-12 21:00:00,1.9072829579705597
2021-11-13 19:00:00,1.6106761128933034
2021-11-13 20:00:00,1.713216710742032
2021-11-13 21:00:00,1.69052311172111
2021-11-14 19:00:00,1.918889762969238
2021-11-14 20:00:00,1.5347042809905158
2021-11-14 21:00:00,1.627216392082424
2021-11-15 19:00:00,1.8125093936122596
2021-11-15 20:00:00,1.5978416256390446
2021-11-15 21:00:00,1.9824109821813645
2021-11-16 19:00:00,1.5469314501451894
2021-11-16 20:00:00,1.8104734525317019
2021-11-16 21:00:00,1.8114948291788022
2021-11-17 19:00:00,1.8420864967941188
2021-11-17 20:00:00,1.9868935213059227
2021-11-17 21:00:00,1.857890167626181
2021-11-18 19:00:00,1.640770906466498
2021-11-18 20:00:00,1.522605786098365
2021-11-18 21:00:00,1.5838979967809284
2021-11-19 19:00:00,1.950997457907272
2021-11-19 20:00:00,1.6129934306742615
2021-11-19 21:00:00,1.9427324233007564
2021-11-20 19:00:00,1.7343545498837099
2021-11-20 20:00:00,1.6694213663993578
2021-11-20 21:00:00,1.736464418014136
2021-11-21 19:00:00,1.5913465159982891
2021-11-21 20:00:00,1.7973580035620211
2021-11-21 21:00:00,1.8325324119824002
2021-11-22 19:00:00,1.9683713164459131
2021-11-22 20:00:00,1.5717304733126787
2021-11-22 21:00:00,1.958953834820542
2021-11-23 19:00:00,1.5352269729284147
2021-11-23 20:00:00,1.5003728910699987
2021-11-23 21:00:00,1.9644831434417334
2021-11-24 19:00:00,1.5436364935207654
2021-11-24 20:00:00,1.6105207430010746
2021-11-24 21:00:00,1.893234746860779
2021-11-25 19:00:00,1.987156635377312
2021-11-25 20:00:00,1.8803375233675186
2021-11-25 21:00:00,1.9179764327722517
2021-11-26 19:00:00,1.5718437931347948
2021-11-26 20:00:00,1.6481209165701651
2021-11-26 21:00:00,1.7945785660167348
2021-11-27 19:00:00,1.9997678231382732
2021-11-27 20:00:00,1.920921888918202
2021-11-27 21:00:00,1.5553617127545452
2021-11-28 19:00:00,1.7730625253101577
2021-11-28 20:00:00,1.6686260400810518
2021-11-28 21:00:00,1.8626331715606126
2021-11-29 19:00:00,1.6618424183069784
2021-11-29 20:00:00,1.711757153744021
2021-11-29 21:00:00,1.6799776716539672
2021-11-30 19:00:00,1.9622716017863204
2021-11-30 20:00:00,1.713756752017348
2021-11-30 21:00:00,1.7749942005198915
