Date,WS
9/1/2021 0:00,3.53454
9/1/2021 1:00,5.4576
9/1/2021 2:00,3.53454
9/1/2021 3:00,3.53454
9/1/2021 4:00,6.43668
9/1/2021 5:00,3.53454
9/1/2021 6:00,5.350801121
9/1/2021 7:00,3.481381649
9/1/2021 8:00,5.300913021
9/1/2021 9:00,5.502621264
9/1/2021 10:00,4.444793277
9/1/2021 11:00,5.063395252
9/1/2021 12:00,4.272991671
9/1/2021 13:00,4.458008753
9/1/2021 14:00,5.260855789
9/1/2021 15:00,4.641564967
9/1/2021 16:00,2.848311687
9/1/2021 17:00,5.478054309
9/1/2021 18:00,4.082024657
9/1/2021 19:00,5.456125934
9/1/2021 20:00,3.209434592
9/1/2021 21:00,4.514496482
9/1/2021 22:00,3.53454
9/1/2021 23:00,3.53454
9/2/2021 0:00,3.53454
9/2/2021 1:00,3.53454
9/2/2021 2:00,3.53454
9/2/2021 3:00,3.53454
9/2/2021 4:00,3.53454
9/2/2021 5:00,6.43668
9/2/2021 6:00,5.298075743
9/2/2021 7:00,4.779595817
9/2/2021 8:00,5.313735082
9/2/2021 9:00,5.310513283
9/2/2021 10:00,4.209378116
9/2/2021 11:00,4.276935237
9/2/2021 12:00,4.241843322
9/2/2021 13:00,5.311074988
9/2/2021 14:00,2.802118162
9/2/2021 15:00,4.850960607
9/2/2021 16:00,4.858520203
9/2/2021 17:00,5.066410631
9/2/2021 18:00,3.842384821
9/2/2021 19:00,5.167873414
9/2/2021 20:00,2.382565277
9/2/2021 21:00,5.174838251
9/2/2021 22:00,3.53454
9/2/2021 23:00,3.53454
9/3/2021 0:00,3.53454
9/3/2021 1:00,3.53454
9/3/2021 2:00,6.43668
9/3/2021 3:00,5.4576
9/3/2021 4:00,3.53454
9/3/2021 5:00,3.53454
9/3/2021 6:00,3.716959518
9/3/2021 7:00,2.322912655
9/3/2021 8:00,2.362245536
9/3/2021 9:00,5.09349061
9/3/2021 10:00,4.345459325
9/3/2021 11:00,4.866811934
9/3/2021 12:00,5.159949838
9/3/2021 13:00,4.092404436
9/3/2021 14:00,5.280912874
9/3/2021 15:00,3.767026568
9/3/2021 16:00,2.798711592
9/3/2021 17:00,5.195309423
9/3/2021 18:00,3.970954899
9/3/2021 19:00,3.983011542
9/3/2021 20:00,2.494801772
9/3/2021 21:00,2.321566568
9/3/2021 22:00,6.43668
9/3/2021 23:00,3.53454
9/4/2021 0:00,3.53454
9/4/2021 1:00,3.53454
9/4/2021 2:00,3.53454
9/4/2021 3:00,3.53454
9/4/2021 4:00,3.53454
9/4/2021 5:00,3.53454
9/4/2021 6:00,2.928550668
9/4/2021 7:00,2.451723942
9/4/2021 8:00,2.310748792
9/4/2021 9:00,5.017851904
9/4/2021 10:00,5.121991816
9/4/2021 11:00,4.200957265
9/4/2021 12:00,4.877925386
9/4/2021 13:00,2.705022769
9/4/2021 14:00,2.183481926
9/4/2021 15:00,5.287513144
9/4/2021 16:00,2.532559696
9/4/2021 17:00,4.684570592
9/4/2021 18:00,4.489704948
9/4/2021 19:00,5.449558524
9/4/2021 20:00,5.496558727
9/4/2021 21:00,2.301673631
9/4/2021 22:00,3.53454
9/4/2021 23:00,3.53454
9/5/2021 0:00,3.53454
9/5/2021 1:00,3.53454
9/5/2021 2:00,5.4576
9/5/2021 3:00,3.53454
9/5/2021 4:00,3.53454
9/5/2021 5:00,3.53454
9/5/2021 6:00,4.631113869
9/5/2021 7:00,2.382937928
9/5/2021 8:00,3.66070641
9/5/2021 9:00,3.220797088
9/5/2021 10:00,4.64277861
9/5/2021 11:00,4.148215206
9/5/2021 12:00,5.181853019
9/5/2021 13:00,3.567842912
9/5/2021 14:00,2.368862069
9/5/2021 15:00,4.730991441
9/5/2021 16:00,5.470517876
9/5/2021 17:00,5.307385445
9/5/2021 18:00,5.189925478
9/5/2021 19:00,3.040584968
9/5/2021 20:00,3.371714354
9/5/2021 21:00,4.178403972
9/5/2021 22:00,6.43668
9/5/2021 23:00,3.53454
9/6/2021 0:00,3.53454
9/6/2021 1:00,3.53454
9/6/2021 2:00,5.4576
9/6/2021 3:00,6.43668
9/6/2021 4:00,6.43668
9/6/2021 5:00,5.4576
9/6/2021 6:00,3.816385474
9/6/2021 7:00,4.380691078
9/6/2021 8:00,3.547241829
9/6/2021 9:00,5.390520309
9/6/2021 10:00,4.880100866
9/6/2021 11:00,4.314231259
9/6/2021 12:00,4.595371126
9/6/2021 13:00,4.166576793
9/6/2021 14:00,4.616729052
9/6/2021 15:00,2.903415804
9/6/2021 16:00,2.48894998
9/6/2021 17:00,3.506340198
9/6/2021 18:00,4.513882764
9/6/2021 19:00,5.128075508
9/6/2021 20:00,4.344744499
9/6/2021 21:00,4.249013183
9/6/2021 22:00,3.53454
9/6/2021 23:00,3.53454
9/7/2021 0:00,5.4576
9/7/2021 1:00,3.53454
9/7/2021 2:00,3.53454
9/7/2021 3:00,3.53454
9/7/2021 4:00,3.53454
9/7/2021 5:00,3.53454
9/7/2021 6:00,2.752538254
9/7/2021 7:00,2.165515401
9/7/2021 8:00,2.845002284
9/7/2021 9:00,4.693766313
9/7/2021 10:00,5.283853123
9/7/2021 11:00,4.818099118
9/7/2021 12:00,5.124953031
9/7/2021 13:00,4.896715384
9/7/2021 14:00,5.064621373
9/7/2021 15:00,2.598137688
9/7/2021 16:00,4.991478094
9/7/2021 17:00,4.875357317
9/7/2021 18:00,5.37450973
9/7/2021 19:00,5.538664097
9/7/2021 20:00,3.392096162
9/7/2021 21:00,5.20005374
9/7/2021 22:00,3.53454
9/7/2021 23:00,3.53454
9/8/2021 0:00,3.53454
9/8/2021 1:00,3.53454
9/8/2021 2:00,3.53454
9/8/2021 3:00,6.43668
9/8/2021 4:00,3.53454
9/8/2021 5:00,3.53454
9/8/2021 6:00,4.781661846
9/8/2021 7:00,2.742165427
9/8/2021 8:00,3.806035911
9/8/2021 9:00,2.165847148
9/8/2021 10:00,4.525434369
9/8/2021 11:00,4.176356001
9/8/2021 12:00,4.822462908
9/8/2021 13:00,3.558143368
9/8/2021 14:00,2.458712689
9/8/2021 15:00,5.514094087
9/8/2021 16:00,4.897354204
9/8/2021 17:00,2.91301197
9/8/2021 18:00,3.480691757
9/8/2021 19:00,2.312291894
9/8/2021 20:00,2.939134982
9/8/2021 21:00,4.453825968
9/8/2021 22:00,6.43668
9/8/2021 23:00,3.53454
9/9/2021 0:00,3.53454
9/9/2021 1:00,3.53454
9/9/2021 2:00,6.43668
9/9/2021 3:00,3.53454
9/9/2021 4:00,3.53454
9/9/2021 5:00,6.43668
9/9/2021 6:00,3.329029199
9/9/2021 7:00,4.302293754
9/9/2021 8:00,3.323773335
9/9/2021 9:00,4.392973751
9/9/2021 10:00,5.474268625
9/9/2021 11:00,4.280514215
9/9/2021 12:00,4.383130781
9/9/2021 13:00,3.304105411
9/9/2021 14:00,4.725918873
9/9/2021 15:00,2.816244658
9/9/2021 16:00,4.748167957
9/9/2021 17:00,4.238597986
9/9/2021 18:00,2.948199764
9/9/2021 19:00,3.135918647
9/9/2021 20:00,5.555370007
9/9/2021 21:00,4.302662973
9/9/2021 22:00,3.53454
9/9/2021 23:00,3.53454
9/10/2021 0:00,3.53454
9/10/2021 1:00,3.53454
9/10/2021 2:00,3.53454
9/10/2021 3:00,3.53454
9/10/2021 4:00,6.43668
9/10/2021 5:00,3.53454
9/10/2021 6:00,2.215822
9/10/2021 7:00,2.713489879
9/10/2021 8:00,2.481300629
9/10/2021 9:00,3.201341287
9/10/2021 10:00,4.448238054
9/10/2021 11:00,4.7829764
9/10/2021 12:00,4.530917294
9/10/2021 13:00,2.955855659
9/10/2021 14:00,5.088301879
9/10/2021 15:00,2.857238496
9/10/2021 16:00,4.341177655
9/10/2021 17:00,4.007950568
9/10/2021 18:00,2.539043215
9/10/2021 19:00,2.50963424
9/10/2021 20:00,3.157291972
9/10/2021 21:00,3.211054933
9/10/2021 22:00,3.53454
9/10/2021 23:00,3.53454
9/11/2021 0:00,3.53454
9/11/2021 1:00,6.43668
9/11/2021 2:00,5.4576
9/11/2021 3:00,3.53454
9/11/2021 4:00,3.53454
9/11/2021 5:00,6.43668
9/11/2021 6:00,3.421979479
9/11/2021 7:00,2.780460183
9/11/2021 8:00,4.643592381
9/11/2021 9:00,2.705224643
9/11/2021 10:00,5.230385503
9/11/2021 11:00,4.556976236
9/11/2021 12:00,4.818318422
9/11/2021 13:00,5.170254442
9/11/2021 14:00,5.18330257
9/11/2021 15:00,4.177845318
9/11/2021 16:00,3.425607538
9/11/2021 17:00,2.470094072
9/11/2021 18:00,2.192802592
9/11/2021 19:00,5.547246905
9/11/2021 20:00,3.671791632
9/11/2021 21:00,4.825349748
9/11/2021 22:00,3.53454
9/11/2021 23:00,3.53454
9/12/2021 0:00,3.53454
9/12/2021 1:00,5.4576
9/12/2021 2:00,3.53454
9/12/2021 3:00,3.53454
9/12/2021 4:00,6.43668
9/12/2021 5:00,3.53454
9/12/2021 6:00,4.139540103
9/12/2021 7:00,3.025974041
9/12/2021 8:00,3.621648048
9/12/2021 9:00,2.595709482
9/12/2021 10:00,5.228734659
9/12/2021 11:00,4.693373192
9/12/2021 12:00,4.557496263
9/12/2021 13:00,2.228455094
9/12/2021 14:00,4.992749238
9/12/2021 15:00,3.082109572
9/12/2021 16:00,2.409083624
9/12/2021 17:00,3.724764081
9/12/2021 18:00,2.935810757
9/12/2021 19:00,4.723936584
9/12/2021 20:00,3.740965184
9/12/2021 21:00,5.269106445
9/12/2021 22:00,3.53454
9/12/2021 23:00,5.4576
9/13/2021 0:00,3.53454
9/13/2021 1:00,6.43668
9/13/2021 2:00,3.53454
9/13/2021 3:00,6.43668
9/13/2021 4:00,3.53454
9/13/2021 5:00,5.4576
9/13/2021 6:00,4.410738413
9/13/2021 7:00,3.211576008
9/13/2021 8:00,5.513823256
9/13/2021 9:00,3.226117975
9/13/2021 10:00,4.812113093
9/13/2021 11:00,5.265856638
9/13/2021 12:00,4.759539038
9/13/2021 13:00,3.842072005
9/13/2021 14:00,4.625442064
9/13/2021 15:00,4.654174651
9/13/2021 16:00,3.686653349
9/13/2021 17:00,4.309900138
9/13/2021 18:00,2.890380287
9/13/2021 19:00,4.887338421
9/13/2021 20:00,2.792691771
9/13/2021 21:00,2.442493762
9/13/2021 22:00,5.4576
9/13/2021 23:00,5.4576
9/14/2021 0:00,3.53454
9/14/2021 1:00,3.53454
9/14/2021 2:00,6.43668
9/14/2021 3:00,3.53454
9/14/2021 4:00,6.43668
9/14/2021 5:00,3.53454
9/14/2021 6:00,2.302087163
9/14/2021 7:00,5.428221178
9/14/2021 8:00,3.526533877
9/14/2021 9:00,2.78898137
9/14/2021 10:00,5.026965809
9/14/2021 11:00,4.869335744
9/14/2021 12:00,4.245984032
9/14/2021 13:00,3.789790858
9/14/2021 14:00,4.182716246
9/14/2021 15:00,3.152296993
9/14/2021 16:00,5.233258789
9/14/2021 17:00,4.654568417
9/14/2021 18:00,4.982337003
9/14/2021 19:00,3.393382477
9/14/2021 20:00,2.845976788
9/14/2021 21:00,3.155746184
9/14/2021 22:00,3.53454
9/14/2021 23:00,3.53454
9/15/2021 0:00,6.43668
9/15/2021 1:00,6.43668
9/15/2021 2:00,3.53454
9/15/2021 3:00,3.53454
9/15/2021 4:00,3.53454
9/15/2021 5:00,6.43668
9/15/2021 6:00,2.661363636
9/15/2021 7:00,3.586040573
9/15/2021 8:00,3.674184798
9/15/2021 9:00,5.050487043
9/15/2021 10:00,4.428941132
9/15/2021 11:00,4.75979594
9/15/2021 12:00,4.215723461
9/15/2021 13:00,3.95176147
9/15/2021 14:00,4.638594452
9/15/2021 15:00,2.306739459
9/15/2021 16:00,4.989384236
9/15/2021 17:00,3.572491392
9/15/2021 18:00,5.001603645
9/15/2021 19:00,4.896882869
9/15/2021 20:00,3.643285777
9/15/2021 21:00,3.079360865
9/15/2021 22:00,3.53454
9/15/2021 23:00,3.53454
9/16/2021 0:00,6.43668
9/16/2021 1:00,3.53454
9/16/2021 2:00,6.43668
9/16/2021 3:00,3.53454
9/16/2021 4:00,3.53454
9/16/2021 5:00,6.43668
9/16/2021 6:00,3.240622614
9/16/2021 7:00,5.524211671
9/16/2021 8:00,3.931233211
9/16/2021 9:00,3.461484061
9/16/2021 10:00,4.549772057
9/16/2021 11:00,4.216540349
9/16/2021 12:00,5.153684089
9/16/2021 13:00,4.994765533
9/16/2021 14:00,3.336865254
9/16/2021 15:00,3.030636002
9/16/2021 16:00,4.135724941
9/16/2021 17:00,2.327826351
9/16/2021 18:00,5.242280063
9/16/2021 19:00,2.354073881
9/16/2021 20:00,4.720618212
9/16/2021 21:00,5.486464662
9/16/2021 22:00,3.53454
9/16/2021 23:00,3.53454
9/17/2021 0:00,3.53454
9/17/2021 1:00,3.53454
9/17/2021 2:00,5.4576
9/17/2021 3:00,3.53454
9/17/2021 4:00,3.53454
9/17/2021 5:00,3.53454
9/17/2021 6:00,3.245331109
9/17/2021 7:00,4.945318723
9/17/2021 8:00,4.364313343
9/17/2021 9:00,3.291566176
9/17/2021 10:00,4.777305629
9/17/2021 11:00,4.468026709
9/17/2021 12:00,5.327125034
9/17/2021 13:00,5.136205278
9/17/2021 14:00,2.839050558
9/17/2021 15:00,4.485710814
9/17/2021 16:00,2.593389532
9/17/2021 17:00,4.505848605
9/17/2021 18:00,2.238575443
9/17/2021 19:00,4.770270352
9/17/2021 20:00,4.9100211
9/17/2021 21:00,4.067941793
9/17/2021 22:00,3.53454
9/17/2021 23:00,5.4576
9/18/2021 0:00,6.43668
9/18/2021 1:00,3.53454
9/18/2021 2:00,3.53454
9/18/2021 3:00,3.53454
9/18/2021 4:00,3.53454
9/18/2021 5:00,5.4576
9/18/2021 6:00,2.519706919
9/18/2021 7:00,5.203405901
9/18/2021 8:00,4.788944744
9/18/2021 9:00,3.45997851
9/18/2021 10:00,4.503746916
9/18/2021 11:00,4.863506784
9/18/2021 12:00,4.713670876
9/18/2021 13:00,3.158359575
9/18/2021 14:00,4.604658616
9/18/2021 15:00,2.625391897
9/18/2021 16:00,2.785854079
9/18/2021 17:00,3.345129091
9/18/2021 18:00,2.776370718
9/18/2021 19:00,4.272500357
9/18/2021 20:00,2.746491196
9/18/2021 21:00,2.677902577
9/18/2021 22:00,6.43668
9/18/2021 23:00,3.53454
9/19/2021 0:00,3.53454
9/19/2021 1:00,3.53454
9/19/2021 2:00,3.53454
9/19/2021 3:00,3.53454
9/19/2021 4:00,5.4576
9/19/2021 5:00,3.53454
9/19/2021 6:00,4.486256114
9/19/2021 7:00,3.155106632
9/19/2021 8:00,2.516575752
9/19/2021 9:00,3.234615152
9/19/2021 10:00,4.755312597
9/19/2021 11:00,5.100679751
9/19/2021 12:00,4.796513608
9/19/2021 13:00,3.375264462
9/19/2021 14:00,5.201037906
9/19/2021 15:00,4.556052561
9/19/2021 16:00,3.247836066
9/19/2021 17:00,2.197614113
9/19/2021 18:00,3.337698872
9/19/2021 19:00,4.783337767
9/19/2021 20:00,4.920337868
9/19/2021 21:00,3.954395398
9/19/2021 22:00,3.53454
9/19/2021 23:00,5.4576
9/20/2021 0:00,3.53454
9/20/2021 1:00,3.53454
9/20/2021 2:00,3.53454
9/20/2021 3:00,5.4576
9/20/2021 4:00,3.53454
9/20/2021 5:00,3.53454
9/20/2021 6:00,2.461483341
9/20/2021 7:00,4.548342167
9/20/2021 8:00,3.917073138
9/20/2021 9:00,4.577390329
9/20/2021 10:00,5.481648379
9/20/2021 11:00,4.591906309
9/20/2021 12:00,5.392139665
9/20/2021 13:00,3.444178921
9/20/2021 14:00,3.660675333
9/20/2021 15:00,5.022967448
9/20/2021 16:00,3.109114536
9/20/2021 17:00,3.087752782
9/20/2021 18:00,3.458825156
9/20/2021 19:00,4.550194622
9/20/2021 20:00,3.410819655
9/20/2021 21:00,3.012814196
9/20/2021 22:00,5.4576
9/20/2021 23:00,3.53454
9/21/2021 0:00,3.53454
9/21/2021 1:00,5.4576
9/21/2021 2:00,3.53454
9/21/2021 3:00,3.53454
9/21/2021 4:00,3.53454
9/21/2021 5:00,5.4576
9/21/2021 6:00,4.400182752
9/21/2021 7:00,2.450630003
9/21/2021 8:00,4.433121215
9/21/2021 9:00,3.579692612
9/21/2021 10:00,5.383857596
9/21/2021 11:00,4.910767443
9/21/2021 12:00,4.656464423
9/21/2021 13:00,2.154627542
9/21/2021 14:00,4.971989777
9/21/2021 15:00,2.205874509
9/21/2021 16:00,4.616508384
9/21/2021 17:00,3.480505163
9/21/2021 18:00,3.260057745
9/21/2021 19:00,5.525243186
9/21/2021 20:00,3.882903685
9/21/2021 21:00,4.992650195
9/21/2021 22:00,3.53454
9/21/2021 23:00,3.53454
9/22/2021 0:00,5.4576
9/22/2021 1:00,3.53454
9/22/2021 2:00,3.53454
9/22/2021 3:00,5.4576
9/22/2021 4:00,3.53454
9/22/2021 5:00,5.4576
9/22/2021 6:00,4.82013938
9/22/2021 7:00,4.542423488
9/22/2021 8:00,4.602071197
9/22/2021 9:00,2.800828903
9/22/2021 10:00,4.656215826
9/22/2021 11:00,5.460525482
9/22/2021 12:00,5.058711006
9/22/2021 13:00,5.550693577
9/22/2021 14:00,4.593615112
9/22/2021 15:00,2.400368324
9/22/2021 16:00,2.503450654
9/22/2021 17:00,4.347034057
9/22/2021 18:00,4.247300273
9/22/2021 19:00,5.532833073
9/22/2021 20:00,4.370299368
9/22/2021 21:00,2.565791669
9/22/2021 22:00,3.53454
9/22/2021 23:00,3.53454
9/23/2021 0:00,3.53454
9/23/2021 1:00,3.53454
9/23/2021 2:00,6.43668
9/23/2021 3:00,3.53454
9/23/2021 4:00,3.53454
9/23/2021 5:00,3.53454
9/23/2021 6:00,4.711221402
9/23/2021 7:00,2.730162409
9/23/2021 8:00,4.942270462
9/23/2021 9:00,3.283537697
9/23/2021 10:00,4.913196094
9/23/2021 11:00,4.680558354
9/23/2021 12:00,5.360418193
9/23/2021 13:00,5.259294373
9/23/2021 14:00,2.591616098
9/23/2021 15:00,2.77944451
9/23/2021 16:00,5.226923347
9/23/2021 17:00,4.565954168
9/23/2021 18:00,5.453920269
9/23/2021 19:00,3.711866195
9/23/2021 20:00,5.215059044
9/23/2021 21:00,2.41312319
9/23/2021 22:00,3.53454
9/23/2021 23:00,3.53454
9/24/2021 0:00,3.53454
9/24/2021 1:00,5.4576
9/24/2021 2:00,5.4576
9/24/2021 3:00,3.53454
9/24/2021 4:00,3.53454
9/24/2021 5:00,3.53454
9/24/2021 6:00,4.045821683
9/24/2021 7:00,4.306352193
9/24/2021 8:00,3.984105149
9/24/2021 9:00,2.484770308
9/24/2021 10:00,4.925563031
9/24/2021 11:00,5.20189647
9/24/2021 12:00,5.233398812
9/24/2021 13:00,5.08867797
9/24/2021 14:00,4.918040372
9/24/2021 15:00,4.044815004
9/24/2021 16:00,3.35666034
9/24/2021 17:00,4.628655601
9/24/2021 18:00,5.543019865
9/24/2021 19:00,3.127393495
9/24/2021 20:00,5.236872267
9/24/2021 21:00,3.380020899
9/24/2021 22:00,3.53454
9/24/2021 23:00,3.53454
9/25/2021 0:00,3.53454
9/25/2021 1:00,3.53454
9/25/2021 2:00,3.53454
9/25/2021 3:00,3.53454
9/25/2021 4:00,3.53454
9/25/2021 5:00,5.4576
9/25/2021 6:00,2.811279107
9/25/2021 7:00,2.534455043
9/25/2021 8:00,2.27056019
9/25/2021 9:00,3.842112391
9/25/2021 10:00,5.030292379
9/25/2021 11:00,4.73603599
9/25/2021 12:00,4.44818808
9/25/2021 13:00,3.569097048
9/25/2021 14:00,3.06628854
9/25/2021 15:00,4.518344039
9/25/2021 16:00,4.741979127
9/25/2021 17:00,2.77477139
9/25/2021 18:00,2.344749535
9/25/2021 19:00,2.769782931
9/25/2021 20:00,4.884367224
9/25/2021 21:00,4.982429838
9/25/2021 22:00,3.53454
9/25/2021 23:00,3.53454
9/26/2021 0:00,3.53454
9/26/2021 1:00,3.53454
9/26/2021 2:00,3.53454
9/26/2021 3:00,3.53454
9/26/2021 4:00,3.53454
9/26/2021 5:00,3.53454
9/26/2021 6:00,4.425995646
9/26/2021 7:00,2.613325696
9/26/2021 8:00,3.725666585
9/26/2021 9:00,3.667442072
9/26/2021 10:00,4.243871533
9/26/2021 11:00,4.450392939
9/26/2021 12:00,4.737591019
9/26/2021 13:00,3.499188573
9/26/2021 14:00,4.630109835
9/26/2021 15:00,4.449869344
9/26/2021 16:00,5.226770592
9/26/2021 17:00,2.478633697
9/26/2021 18:00,2.609626765
9/26/2021 19:00,4.778429834
9/26/2021 20:00,4.486563601
9/26/2021 21:00,3.531730707
9/26/2021 22:00,3.53454
9/26/2021 23:00,6.43668
9/27/2021 0:00,6.43668
9/27/2021 1:00,3.53454
9/27/2021 2:00,3.53454
9/27/2021 3:00,3.53454
9/27/2021 4:00,3.53454
9/27/2021 5:00,5.4576
9/27/2021 6:00,2.449988401
9/27/2021 7:00,3.409861576
9/27/2021 8:00,2.94946323
9/27/2021 9:00,2.344591319
9/27/2021 10:00,4.760543782
9/27/2021 11:00,4.446173632
9/27/2021 12:00,4.487164066
9/27/2021 13:00,2.413482021
9/27/2021 14:00,3.710419857
9/27/2021 15:00,2.856994678
9/27/2021 16:00,3.817270726
9/27/2021 17:00,2.833587175
9/27/2021 18:00,3.416008962
9/27/2021 19:00,2.233507392
9/27/2021 20:00,3.524781865
9/27/2021 21:00,3.087511262
9/27/2021 22:00,6.43668
9/27/2021 23:00,6.43668
9/28/2021 0:00,5.4576
9/28/2021 1:00,5.4576
9/28/2021 2:00,3.53454
9/28/2021 3:00,3.53454
9/28/2021 4:00,3.53454
9/28/2021 5:00,3.53454
9/28/2021 6:00,4.019631068
9/28/2021 7:00,3.912882597
9/28/2021 8:00,3.348166195
9/28/2021 9:00,4.846521069
9/28/2021 10:00,5.491770255
9/28/2021 11:00,5.394357592
9/28/2021 12:00,5.214366084
9/28/2021 13:00,3.301694088
9/28/2021 14:00,5.521873262
9/28/2021 15:00,3.320980811
9/28/2021 16:00,2.711169463
9/28/2021 17:00,4.615477689
9/28/2021 18:00,2.930355089
9/28/2021 19:00,2.147536087
9/28/2021 20:00,5.434783942
9/28/2021 21:00,2.819169316
9/28/2021 22:00,3.53454
9/28/2021 23:00,3.53454
9/29/2021 0:00,6.43668
9/29/2021 1:00,3.53454
9/29/2021 2:00,6.43668
9/29/2021 3:00,3.53454
9/29/2021 4:00,3.53454
9/29/2021 5:00,3.53454
9/29/2021 6:00,4.505891267
9/29/2021 7:00,2.671654055
9/29/2021 8:00,2.634167619
9/29/2021 9:00,4.997898963
9/29/2021 10:00,4.185717248
9/29/2021 11:00,4.987480575
9/29/2021 12:00,4.910671033
9/29/2021 13:00,4.805810601
9/29/2021 14:00,3.780802704
9/29/2021 15:00,3.45310051
9/29/2021 16:00,3.563113458
9/29/2021 17:00,3.034531574
9/29/2021 18:00,4.057589297
9/29/2021 19:00,2.176723787
9/29/2021 20:00,3.574557713
9/29/2021 21:00,3.189989746
9/29/2021 22:00,3.53454
9/29/2021 23:00,3.53454
9/30/2021 0:00,5.4576
9/30/2021 1:00,3.53454
9/30/2021 2:00,3.53454
9/30/2021 3:00,6.43668
9/30/2021 4:00,5.4576
9/30/2021 5:00,6.43668
9/30/2021 6:00,2.751984165
9/30/2021 7:00,3.173509051
9/30/2021 8:00,2.601809718
9/30/2021 9:00,4.415027951
9/30/2021 10:00,4.489444512
9/30/2021 11:00,5.525225955
9/30/2021 12:00,4.523187945
9/30/2021 13:00,4.924388471
9/30/2021 14:00,2.175715384
9/30/2021 15:00,4.065327722
9/30/2021 16:00,3.326759382
9/30/2021 17:00,4.352858845
9/30/2021 18:00,2.348321687
9/30/2021 19:00,4.920382712
9/30/2021 20:00,4.045291035
9/30/2021 21:00,4.914000362
9/30/2021 22:00,5.4576
9/30/2021 23:00,3.53454
10/1/2021 0:00,3.53454
10/1/2021 1:00,3.53454
10/1/2021 2:00,5.4576
10/1/2021 3:00,6.43668
10/1/2021 4:00,3.53454
10/1/2021 5:00,3.53454
10/1/2021 6:00,2.463975105
10/1/2021 7:00,3.898236678
10/1/2021 8:00,2.989320247
10/1/2021 9:00,4.347168234
10/1/2021 10:00,4.947402942
10/1/2021 11:00,5.294938015
10/1/2021 12:00,5.235362529
10/1/2021 13:00,4.044558849
10/1/2021 14:00,2.514648278
10/1/2021 15:00,2.274876474
10/1/2021 16:00,4.779161014
10/1/2021 17:00,2.72341636
10/1/2021 18:00,4.404525489
10/1/2021 19:00,2.302892953
10/1/2021 20:00,2.224808812
10/1/2021 21:00,4.82932628
10/1/2021 22:00,5.4576
10/1/2021 23:00,3.53454
10/2/2021 0:00,3.53454
10/2/2021 1:00,5.4576
10/2/2021 2:00,5.4576
10/2/2021 3:00,3.53454
10/2/2021 4:00,3.53454
10/2/2021 5:00,3.53454
10/2/2021 6:00,4.688499067
10/2/2021 7:00,3.551800685
10/2/2021 8:00,3.459697856
10/2/2021 9:00,5.094541344
10/2/2021 10:00,4.437437126
10/2/2021 11:00,4.270354138
10/2/2021 12:00,5.283473584
10/2/2021 13:00,5.472109446
10/2/2021 14:00,2.426372211
10/2/2021 15:00,2.593647079
10/2/2021 16:00,2.617965193
10/2/2021 17:00,2.732712757
10/2/2021 18:00,4.668297564
10/2/2021 19:00,3.877401854
10/2/2021 20:00,5.403591776
10/2/2021 21:00,2.770221653
10/2/2021 22:00,3.53454
10/2/2021 23:00,5.4576
10/3/2021 0:00,6.43668
10/3/2021 1:00,6.43668
10/3/2021 2:00,5.4576
10/3/2021 3:00,3.53454
10/3/2021 4:00,3.53454
10/3/2021 5:00,5.4576
10/3/2021 6:00,3.534158825
10/3/2021 7:00,3.390071348
10/3/2021 8:00,3.648299116
10/3/2021 9:00,3.855943063
10/3/2021 10:00,5.128907074
10/3/2021 11:00,4.552829383
10/3/2021 12:00,4.367376433
10/3/2021 13:00,2.511362008
10/3/2021 14:00,2.489867985
10/3/2021 15:00,5.383919624
10/3/2021 16:00,3.256719581
10/3/2021 17:00,2.450822923
10/3/2021 18:00,2.178456852
10/3/2021 19:00,2.330484189
10/3/2021 20:00,2.615447087
10/3/2021 21:00,4.507693723
10/3/2021 22:00,3.53454
10/3/2021 23:00,3.53454
10/4/2021 0:00,3.53454
10/4/2021 1:00,3.53454
10/4/2021 2:00,3.53454
10/4/2021 3:00,3.53454
10/4/2021 4:00,3.53454
10/4/2021 5:00,3.53454
10/4/2021 6:00,3.869755767
10/4/2021 7:00,4.331844736
10/4/2021 8:00,4.226422216
10/4/2021 9:00,4.41441001
10/4/2021 10:00,4.162036568
10/4/2021 11:00,5.057528444
10/4/2021 12:00,4.147407369
10/4/2021 13:00,2.560133909
10/4/2021 14:00,5.125120108
10/4/2021 15:00,3.559636996
10/4/2021 16:00,5.427279908
10/4/2021 17:00,3.787536582
10/4/2021 18:00,4.541066678
10/4/2021 19:00,3.652777687
10/4/2021 20:00,4.748985466
10/4/2021 21:00,2.639233801
10/4/2021 22:00,3.53454
10/4/2021 23:00,3.53454
10/5/2021 0:00,3.53454
10/5/2021 1:00,3.53454
10/5/2021 2:00,6.43668
10/5/2021 3:00,3.53454
10/5/2021 4:00,3.53454
10/5/2021 5:00,3.53454
10/5/2021 6:00,3.626090336
10/5/2021 7:00,3.049651164
10/5/2021 8:00,3.34160311
10/5/2021 9:00,5.092834002
10/5/2021 10:00,4.33673525
10/5/2021 11:00,4.812004211
10/5/2021 12:00,4.545633647
10/5/2021 13:00,3.839257084
10/5/2021 14:00,5.513930006
10/5/2021 15:00,4.125589402
10/5/2021 16:00,3.305413094
10/5/2021 17:00,5.190938111
10/5/2021 18:00,4.290482854
10/5/2021 19:00,2.206613446
10/5/2021 20:00,4.229138145
10/5/2021 21:00,4.466223248
10/5/2021 22:00,3.53454
10/5/2021 23:00,3.53454
10/6/2021 0:00,6.43668
10/6/2021 1:00,3.53454
10/6/2021 2:00,3.53454
10/6/2021 3:00,3.53454
10/6/2021 4:00,3.53454
10/6/2021 5:00,3.53454
10/6/2021 6:00,3.724622893
10/6/2021 7:00,3.902538328
10/6/2021 8:00,4.317474382
10/6/2021 9:00,5.174198944
10/6/2021 10:00,4.5042341
10/6/2021 11:00,4.775105658
10/6/2021 12:00,5.003934553
10/6/2021 13:00,3.19601992
10/6/2021 14:00,2.932137662
10/6/2021 15:00,3.424211275
10/6/2021 16:00,5.307412546
10/6/2021 17:00,4.784932352
10/6/2021 18:00,5.15999857
10/6/2021 19:00,2.782810405
10/6/2021 20:00,3.547471236
10/6/2021 21:00,3.738847145
10/6/2021 22:00,3.53454
10/6/2021 23:00,3.53454
10/7/2021 0:00,3.53454
10/7/2021 1:00,6.43668
10/7/2021 2:00,5.4576
10/7/2021 3:00,3.53454
10/7/2021 4:00,6.43668
10/7/2021 5:00,5.4576
10/7/2021 6:00,5.328651828
10/7/2021 7:00,4.615018056
10/7/2021 8:00,4.050359547
10/7/2021 9:00,2.843151302
10/7/2021 10:00,4.92057935
10/7/2021 11:00,5.347190911
10/7/2021 12:00,5.386532549
10/7/2021 13:00,3.180729465
10/7/2021 14:00,4.529615131
10/7/2021 15:00,4.838634421
10/7/2021 16:00,3.320953021
10/7/2021 17:00,4.282053486
10/7/2021 18:00,3.954271141
10/7/2021 19:00,4.026262948
10/7/2021 20:00,2.707011908
10/7/2021 21:00,4.664929022
10/7/2021 22:00,3.53454
10/7/2021 23:00,3.53454
10/8/2021 0:00,3.53454
10/8/2021 1:00,6.43668
10/8/2021 2:00,3.53454
10/8/2021 3:00,6.43668
10/8/2021 4:00,6.43668
10/8/2021 5:00,3.53454
10/8/2021 6:00,3.409983046
10/8/2021 7:00,2.50408582
10/8/2021 8:00,5.061163286
10/8/2021 9:00,4.169288651
10/8/2021 10:00,5.250823991
10/8/2021 11:00,4.782552452
10/8/2021 12:00,5.012529533
10/8/2021 13:00,5.039829149
10/8/2021 14:00,4.662498686
10/8/2021 15:00,4.301751416
10/8/2021 16:00,2.157245312
10/8/2021 17:00,2.559004041
10/8/2021 18:00,3.823260937
10/8/2021 19:00,5.010375071
10/8/2021 20:00,4.525487075
10/8/2021 21:00,2.677826345
10/8/2021 22:00,3.53454
10/8/2021 23:00,3.53454
10/9/2021 0:00,3.53454
10/9/2021 1:00,3.53454
10/9/2021 2:00,5.4576
10/9/2021 3:00,5.4576
10/9/2021 4:00,3.53454
10/9/2021 5:00,3.53454
10/9/2021 6:00,2.305288143
10/9/2021 7:00,3.869655207
10/9/2021 8:00,4.222402458
10/9/2021 9:00,2.724357288
10/9/2021 10:00,4.439414298
10/9/2021 11:00,5.185758927
10/9/2021 12:00,4.349581255
10/9/2021 13:00,3.261781815
10/9/2021 14:00,3.19391143
10/9/2021 15:00,4.073551759
10/9/2021 16:00,4.401187687
10/9/2021 17:00,2.972209722
10/9/2021 18:00,3.388508467
10/9/2021 19:00,4.881322701
10/9/2021 20:00,2.923448983
10/9/2021 21:00,4.062071403
10/9/2021 22:00,6.43668
10/9/2021 23:00,3.53454
10/10/2021 0:00,3.53454
10/10/2021 1:00,3.53454
10/10/2021 2:00,3.53454
10/10/2021 3:00,3.53454
10/10/2021 4:00,5.4576
10/10/2021 5:00,3.53454
10/10/2021 6:00,4.720208526
10/10/2021 7:00,3.181716139
10/10/2021 8:00,3.054251438
10/10/2021 9:00,2.930604583
10/10/2021 10:00,5.179777347
10/10/2021 11:00,4.360375061
10/10/2021 12:00,5.17029925
10/10/2021 13:00,2.963394055
10/10/2021 14:00,5.256224711
10/10/2021 15:00,4.772331922
10/10/2021 16:00,5.343148021
10/10/2021 17:00,4.931759387
10/10/2021 18:00,2.758145259
10/10/2021 19:00,2.909481674
10/10/2021 20:00,4.746705866
10/10/2021 21:00,5.067555843
10/10/2021 22:00,3.53454
10/10/2021 23:00,3.53454
10/11/2021 0:00,3.53454
10/11/2021 1:00,5.4576
10/11/2021 2:00,3.53454
10/11/2021 3:00,3.53454
10/11/2021 4:00,5.4576
10/11/2021 5:00,3.53454
10/11/2021 6:00,2.544811387
10/11/2021 7:00,4.211202227
10/11/2021 8:00,3.615430032
10/11/2021 9:00,2.815095525
10/11/2021 10:00,4.210636359
10/11/2021 11:00,4.741135274
10/11/2021 12:00,4.702949554
10/11/2021 13:00,3.576526716
10/11/2021 14:00,3.318530003
10/11/2021 15:00,5.536392788
10/11/2021 16:00,5.517935119
10/11/2021 17:00,3.503991312
10/11/2021 18:00,4.53557416
10/11/2021 19:00,5.497419316
10/11/2021 20:00,3.604044278
10/11/2021 21:00,3.064229119
10/11/2021 22:00,6.43668
10/11/2021 23:00,3.53454
10/12/2021 0:00,3.53454
10/12/2021 1:00,6.43668
10/12/2021 2:00,3.53454
10/12/2021 3:00,3.53454
10/12/2021 4:00,3.53454
10/12/2021 5:00,3.53454
10/12/2021 6:00,2.153935796
10/12/2021 7:00,4.525723655
10/12/2021 8:00,3.061060097
10/12/2021 9:00,4.74877062
10/12/2021 10:00,4.909877793
10/12/2021 11:00,4.384638476
10/12/2021 12:00,4.739684953
10/12/2021 13:00,2.545146045
10/12/2021 14:00,2.529535703
10/12/2021 15:00,5.321713501
10/12/2021 16:00,2.207195632
10/12/2021 17:00,5.112595609
10/12/2021 18:00,5.461498887
10/12/2021 19:00,2.439841741
10/12/2021 20:00,3.924970407
10/12/2021 21:00,3.409954537
10/12/2021 22:00,3.53454
10/12/2021 23:00,3.53454
10/13/2021 0:00,3.53454
10/13/2021 1:00,3.53454
10/13/2021 2:00,3.53454
10/13/2021 3:00,3.53454
10/13/2021 4:00,5.4576
10/13/2021 5:00,3.53454
10/13/2021 6:00,3.02966997
10/13/2021 7:00,4.887770617
10/13/2021 8:00,4.506212803
10/13/2021 9:00,4.947418108
10/13/2021 10:00,4.686529542
10/13/2021 11:00,4.353067354
10/13/2021 12:00,5.143379307
10/13/2021 13:00,2.550651778
10/13/2021 14:00,3.92516258
10/13/2021 15:00,4.321569075
10/13/2021 16:00,2.578243232
10/13/2021 17:00,4.217714515
10/13/2021 18:00,4.781517466
10/13/2021 19:00,4.606373331
10/13/2021 20:00,2.35031978
10/13/2021 21:00,4.811057021
10/13/2021 22:00,3.53454
10/13/2021 23:00,3.53454
10/14/2021 0:00,3.53454
10/14/2021 1:00,3.53454
10/14/2021 2:00,3.53454
10/14/2021 3:00,3.53454
10/14/2021 4:00,3.53454
10/14/2021 5:00,3.53454
10/14/2021 6:00,2.735615469
10/14/2021 7:00,4.181551662
10/14/2021 8:00,4.688309121
10/14/2021 9:00,4.193643862
10/14/2021 10:00,5.39539073
10/14/2021 11:00,4.627542037
10/14/2021 12:00,5.03162373
10/14/2021 13:00,5.123060376
10/14/2021 14:00,4.646651716
10/14/2021 15:00,4.262203249
10/14/2021 16:00,2.413238339
10/14/2021 17:00,3.677133783
10/14/2021 18:00,3.64568071
10/14/2021 19:00,5.404929304
10/14/2021 20:00,5.026360712
10/14/2021 21:00,5.45925085
10/14/2021 22:00,3.53454
10/14/2021 23:00,3.53454
10/15/2021 0:00,6.43668
10/15/2021 1:00,6.43668
10/15/2021 2:00,3.53454
10/15/2021 3:00,6.43668
10/15/2021 4:00,3.53454
10/15/2021 5:00,6.43668
10/15/2021 6:00,5.379855896
10/15/2021 7:00,2.909167367
10/15/2021 8:00,4.835814062
10/15/2021 9:00,2.373212763
10/15/2021 10:00,5.062103531
10/15/2021 11:00,4.304510973
10/15/2021 12:00,4.699404202
10/15/2021 13:00,3.458751864
10/15/2021 14:00,4.11691475
10/15/2021 15:00,5.326462294
10/15/2021 16:00,2.94201408
10/15/2021 17:00,3.759076204
10/15/2021 18:00,3.313326591
10/15/2021 19:00,4.714191498
10/15/2021 20:00,3.39281906
10/15/2021 21:00,3.447278761
10/15/2021 22:00,6.43668
10/15/2021 23:00,3.53454
10/16/2021 0:00,3.53454
10/16/2021 1:00,3.53454
10/16/2021 2:00,3.53454
10/16/2021 3:00,3.53454
10/16/2021 4:00,3.53454
10/16/2021 5:00,3.53454
10/16/2021 6:00,4.93993166
10/16/2021 7:00,4.473822845
10/16/2021 8:00,3.514859449
10/16/2021 9:00,3.044312899
10/16/2021 10:00,4.88744573
10/16/2021 11:00,5.295501105
10/16/2021 12:00,4.722653971
10/16/2021 13:00,4.850250227
10/16/2021 14:00,2.956646934
10/16/2021 15:00,3.011604997
10/16/2021 16:00,2.445282262
10/16/2021 17:00,2.412406034
10/16/2021 18:00,2.204301311
10/16/2021 19:00,3.948091374
10/16/2021 20:00,5.157502347
10/16/2021 21:00,4.488818398
10/16/2021 22:00,3.53454
10/16/2021 23:00,3.53454
10/17/2021 0:00,3.53454
10/17/2021 1:00,3.53454
10/17/2021 2:00,6.43668
10/17/2021 3:00,3.53454
10/17/2021 4:00,3.53454
10/17/2021 5:00,5.4576
10/17/2021 6:00,4.820381136
10/17/2021 7:00,3.965237691
10/17/2021 8:00,4.534760869
10/17/2021 9:00,2.295078605
10/17/2021 10:00,4.963090492
10/17/2021 11:00,4.474898907
10/17/2021 12:00,5.208553038
10/17/2021 13:00,3.881273471
10/17/2021 14:00,4.426633564
10/17/2021 15:00,2.250703467
10/17/2021 16:00,2.716652783
10/17/2021 17:00,2.69139289
10/17/2021 18:00,3.791822277
10/17/2021 19:00,5.458728189
10/17/2021 20:00,2.932203061
10/17/2021 21:00,2.150397259
10/17/2021 22:00,3.53454
10/17/2021 23:00,6.43668
10/18/2021 0:00,3.53454
10/18/2021 1:00,3.53454
10/18/2021 2:00,6.43668
10/18/2021 3:00,3.53454
10/18/2021 4:00,3.53454
10/18/2021 5:00,6.43668
10/18/2021 6:00,3.350678021
10/18/2021 7:00,2.683753926
10/18/2021 8:00,4.850147696
10/18/2021 9:00,4.983308174
10/18/2021 10:00,5.395235916
10/18/2021 11:00,4.639964361
10/18/2021 12:00,4.314803077
10/18/2021 13:00,3.158958233
10/18/2021 14:00,2.838304333
10/18/2021 15:00,3.395036119
10/18/2021 16:00,2.79482798
10/18/2021 17:00,4.294293765
10/18/2021 18:00,3.045605174
10/18/2021 19:00,2.822639745
10/18/2021 20:00,5.096568717
10/18/2021 21:00,5.435846727
10/18/2021 22:00,3.53454
10/18/2021 23:00,3.53454
10/19/2021 0:00,3.53454
10/19/2021 1:00,5.4576
10/19/2021 2:00,3.53454
10/19/2021 3:00,5.4576
10/19/2021 4:00,3.53454
10/19/2021 5:00,3.53454
10/19/2021 6:00,3.886528088
10/19/2021 7:00,2.734770677
10/19/2021 8:00,3.329116856
10/19/2021 9:00,2.759149785
10/19/2021 10:00,5.469093065
10/19/2021 11:00,5.493104928
10/19/2021 12:00,5.473673953
10/19/2021 13:00,2.374282181
10/19/2021 14:00,2.940933842
10/19/2021 15:00,4.583779852
10/19/2021 16:00,3.92758711
10/19/2021 17:00,4.533798399
10/19/2021 18:00,2.276334811
10/19/2021 19:00,4.856592882
10/19/2021 20:00,3.271062244
10/19/2021 21:00,4.240596925
10/19/2021 22:00,5.4576
10/19/2021 23:00,3.53454
10/20/2021 0:00,3.53454
10/20/2021 1:00,5.4576
10/20/2021 2:00,3.53454
10/20/2021 3:00,5.4576
10/20/2021 4:00,6.43668
10/20/2021 5:00,3.53454
10/20/2021 6:00,2.898921792
10/20/2021 7:00,4.258306727
10/20/2021 8:00,2.51228492
10/20/2021 9:00,4.034406827
10/20/2021 10:00,5.033533022
10/20/2021 11:00,5.461149618
10/20/2021 12:00,4.336992993
10/20/2021 13:00,3.591633667
10/20/2021 14:00,5.364328378
10/20/2021 15:00,3.531728447
10/20/2021 16:00,5.074577033
10/20/2021 17:00,2.176433464
10/20/2021 18:00,3.297760151
10/20/2021 19:00,3.024786973
10/20/2021 20:00,3.168561479
10/20/2021 21:00,5.492504804
10/20/2021 22:00,3.53454
10/20/2021 23:00,6.43668
10/21/2021 0:00,3.53454
10/21/2021 1:00,5.4576
10/21/2021 2:00,3.53454
10/21/2021 3:00,5.4576
10/21/2021 4:00,5.4576
10/21/2021 5:00,3.53454
10/21/2021 6:00,5.516143727
10/21/2021 7:00,4.243333673
10/21/2021 8:00,3.496123298
10/21/2021 9:00,2.626026055
10/21/2021 10:00,4.849996592
10/21/2021 11:00,5.442910684
10/21/2021 12:00,4.475361277
10/21/2021 13:00,4.662026296
10/21/2021 14:00,4.869669935
10/21/2021 15:00,5.024484739
10/21/2021 16:00,3.12201351
10/21/2021 17:00,5.223756062
10/21/2021 18:00,4.820097131
10/21/2021 19:00,4.127535525
10/21/2021 20:00,3.289023408
10/21/2021 21:00,4.609985174
10/21/2021 22:00,3.53454
10/21/2021 23:00,3.53454
10/22/2021 0:00,3.53454
10/22/2021 1:00,3.53454
10/22/2021 2:00,3.53454
10/22/2021 3:00,6.43668
10/22/2021 4:00,6.43668
10/22/2021 5:00,3.53454
10/22/2021 6:00,2.70677301
10/22/2021 7:00,3.936096388
10/22/2021 8:00,2.763524808
10/22/2021 9:00,4.228977641
10/22/2021 10:00,5.188613741
10/22/2021 11:00,4.5380841
10/22/2021 12:00,4.281072069
10/22/2021 13:00,4.745841101
10/22/2021 14:00,5.281708039
10/22/2021 15:00,5.357850686
10/22/2021 16:00,5.210020785
10/22/2021 17:00,4.448746977
10/22/2021 18:00,4.939577499
10/22/2021 19:00,4.178954564
10/22/2021 20:00,4.471616412
10/22/2021 21:00,3.227577485
10/22/2021 22:00,3.53454
10/22/2021 23:00,3.53454
10/23/2021 0:00,3.53454
10/23/2021 1:00,3.53454
10/23/2021 2:00,3.53454
10/23/2021 3:00,3.53454
10/23/2021 4:00,3.53454
10/23/2021 5:00,3.53454
10/23/2021 6:00,4.35375044
10/23/2021 7:00,5.342649273
10/23/2021 8:00,3.422602062
10/23/2021 9:00,3.735641319
10/23/2021 10:00,4.637632414
10/23/2021 11:00,4.695317925
10/23/2021 12:00,5.170566308
10/23/2021 13:00,3.722779032
10/23/2021 14:00,3.971569224
10/23/2021 15:00,3.102351154
10/23/2021 16:00,3.567793227
10/23/2021 17:00,3.724244515
10/23/2021 18:00,3.564431323
10/23/2021 19:00,4.41072582
10/23/2021 20:00,5.330957834
10/23/2021 21:00,3.303578497
10/23/2021 22:00,5.4576
10/23/2021 23:00,5.4576
10/24/2021 0:00,3.53454
10/24/2021 1:00,3.53454
10/24/2021 2:00,3.53454
10/24/2021 3:00,6.43668
10/24/2021 4:00,5.4576
10/24/2021 5:00,3.53454
10/24/2021 6:00,3.798337261
10/24/2021 7:00,5.547294984
10/24/2021 8:00,4.851618673
10/24/2021 9:00,2.302883573
10/24/2021 10:00,5.513541492
10/24/2021 11:00,4.369369228
10/24/2021 12:00,4.701858481
10/24/2021 13:00,2.244514154
10/24/2021 14:00,3.024025602
10/24/2021 15:00,4.020910431
10/24/2021 16:00,3.685978336
10/24/2021 17:00,5.39195693
10/24/2021 18:00,3.013681767
10/24/2021 19:00,5.069591531
10/24/2021 20:00,4.27454464
10/24/2021 21:00,4.795646809
10/24/2021 22:00,5.4576
10/24/2021 23:00,3.53454
10/25/2021 0:00,3.53454
10/25/2021 1:00,6.43668
10/25/2021 2:00,3.53454
10/25/2021 3:00,3.53454
10/25/2021 4:00,3.53454
10/25/2021 5:00,3.53454
10/25/2021 6:00,5.236521155
10/25/2021 7:00,3.89216436
10/25/2021 8:00,3.868273032
10/25/2021 9:00,4.319945687
10/25/2021 10:00,4.382295804
10/25/2021 11:00,5.427091609
10/25/2021 12:00,5.255300357
10/25/2021 13:00,2.99018069
10/25/2021 14:00,4.499624544
10/25/2021 15:00,2.527634177
10/25/2021 16:00,2.899449996
10/25/2021 17:00,3.718553087
10/25/2021 18:00,4.210805542
10/25/2021 19:00,4.036534057
10/25/2021 20:00,2.658857877
10/25/2021 21:00,2.331228136
10/25/2021 22:00,3.53454
10/25/2021 23:00,5.4576
10/26/2021 0:00,3.53454
10/26/2021 1:00,3.53454
10/26/2021 2:00,6.43668
10/26/2021 3:00,3.53454
10/26/2021 4:00,6.43668
10/26/2021 5:00,3.53454
10/26/2021 6:00,3.580563172
10/26/2021 7:00,2.497391033
10/26/2021 8:00,4.745170972
10/26/2021 9:00,2.373242952
10/26/2021 10:00,4.576849068
10/26/2021 11:00,4.946199936
10/26/2021 12:00,4.719612578
10/26/2021 13:00,5.47514826
10/26/2021 14:00,2.176786197
10/26/2021 15:00,4.567357525
10/26/2021 16:00,2.557369383
10/26/2021 17:00,4.823394388
10/26/2021 18:00,4.964721054
10/26/2021 19:00,2.201248493
10/26/2021 20:00,3.952144342
10/26/2021 21:00,3.108470477
10/26/2021 22:00,3.53454
10/26/2021 23:00,3.53454
10/27/2021 0:00,3.53454
10/27/2021 1:00,3.53454
10/27/2021 2:00,3.53454
10/27/2021 3:00,6.43668
10/27/2021 4:00,3.53454
10/27/2021 5:00,3.53454
10/27/2021 6:00,5.202526517
10/27/2021 7:00,5.501318322
10/27/2021 8:00,5.336305457
10/27/2021 9:00,2.951292228
10/27/2021 10:00,4.338214623
10/27/2021 11:00,4.762319564
10/27/2021 12:00,5.106465659
10/27/2021 13:00,3.162215835
10/27/2021 14:00,3.034393772
10/27/2021 15:00,4.982199758
10/27/2021 16:00,2.357198127
10/27/2021 17:00,2.383266843
10/27/2021 18:00,3.242603155
10/27/2021 19:00,3.313262229
10/27/2021 20:00,4.909839008
10/27/2021 21:00,2.796361597
10/27/2021 22:00,3.53454
10/27/2021 23:00,6.43668
10/28/2021 0:00,3.53454
10/28/2021 1:00,3.53454
10/28/2021 2:00,3.53454
10/28/2021 3:00,5.4576
10/28/2021 4:00,3.53454
10/28/2021 5:00,6.43668
10/28/2021 6:00,2.700407913
10/28/2021 7:00,4.25663788
10/28/2021 8:00,4.498001491
10/28/2021 9:00,5.033840138
10/28/2021 10:00,5.270463946
10/28/2021 11:00,4.587492334
10/28/2021 12:00,4.216711904
10/28/2021 13:00,4.930604791
10/28/2021 14:00,3.979425757
10/28/2021 15:00,5.257298488
10/28/2021 16:00,2.604067926
10/28/2021 17:00,3.918424019
10/28/2021 18:00,2.185069216
10/28/2021 19:00,4.3961198
10/28/2021 20:00,5.24573098
10/28/2021 21:00,2.459753023
10/28/2021 22:00,6.43668
10/28/2021 23:00,3.53454
10/29/2021 0:00,5.4576
10/29/2021 1:00,3.53454
10/29/2021 2:00,3.53454
10/29/2021 3:00,5.4576
10/29/2021 4:00,5.4576
10/29/2021 5:00,5.4576
10/29/2021 6:00,4.2440578
10/29/2021 7:00,3.180197574
10/29/2021 8:00,4.188255618
10/29/2021 9:00,4.936065701
10/29/2021 10:00,4.992214027
10/29/2021 11:00,4.607940903
10/29/2021 12:00,5.403130209
10/29/2021 13:00,2.578610362
10/29/2021 14:00,2.252324117
10/29/2021 15:00,4.478321382
10/29/2021 16:00,4.800884835
10/29/2021 17:00,3.774686284
10/29/2021 18:00,2.864696609
10/29/2021 19:00,5.032062157
10/29/2021 20:00,4.283274038
10/29/2021 21:00,5.392174316
10/29/2021 22:00,3.53454
10/29/2021 23:00,6.43668
10/30/2021 0:00,6.43668
10/30/2021 1:00,5.4576
10/30/2021 2:00,3.53454
10/30/2021 3:00,6.43668
10/30/2021 4:00,3.53454
10/30/2021 5:00,3.53454
10/30/2021 6:00,4.2318691
10/30/2021 7:00,4.575484265
10/30/2021 8:00,4.526622236
10/30/2021 9:00,3.413862092
10/30/2021 10:00,4.22027157
10/30/2021 11:00,5.523015339
10/30/2021 12:00,4.7357575
10/30/2021 13:00,2.679311366
10/30/2021 14:00,5.20251678
10/30/2021 15:00,4.822329311
10/30/2021 16:00,3.780887356
10/30/2021 17:00,5.468666643
10/30/2021 18:00,4.965161598
10/30/2021 19:00,3.971375202
10/30/2021 20:00,4.781025519
10/30/2021 21:00,3.235559918
10/30/2021 22:00,6.43668
10/30/2021 23:00,3.53454
10/31/2021 0:00,3.53454
10/31/2021 1:00,3.53454
10/31/2021 2:00,3.53454
10/31/2021 3:00,3.53454
10/31/2021 4:00,6.43668
10/31/2021 5:00,3.53454
10/31/2021 6:00,5.290138271
10/31/2021 7:00,2.398324754
10/31/2021 8:00,4.843080099
10/31/2021 9:00,4.492616762
10/31/2021 10:00,5.305645409
10/31/2021 11:00,4.150781217
10/31/2021 12:00,5.097780654
10/31/2021 13:00,2.884152498
10/31/2021 14:00,3.772059332
10/31/2021 15:00,5.165626283
10/31/2021 16:00,5.190060923
10/31/2021 17:00,2.177850885
10/31/2021 18:00,5.111393548
10/31/2021 19:00,5.240850036
10/31/2021 20:00,2.529372632
10/31/2021 21:00,3.933305376
10/31/2021 22:00,3.53454
10/31/2021 23:00,3.53454
11/1/2021 0:00,3.53454
11/1/2021 1:00,5.4576
11/1/2021 2:00,3.53454
11/1/2021 3:00,5.4576
11/1/2021 4:00,5.4576
11/1/2021 5:00,6.43668
11/1/2021 6:00,4.640519996
11/1/2021 7:00,5.187918327
11/1/2021 8:00,3.433339389
11/1/2021 9:00,4.81592912
11/1/2021 10:00,4.635919406
11/1/2021 11:00,4.603113902
11/1/2021 12:00,5.515915644
11/1/2021 13:00,4.647123682
11/1/2021 14:00,2.468930578
11/1/2021 15:00,3.288273862
11/1/2021 16:00,2.22975857
11/1/2021 17:00,3.371236098
11/1/2021 18:00,2.774483357
11/1/2021 19:00,5.283693204
11/1/2021 20:00,3.216578078
11/1/2021 21:00,2.959600716
11/1/2021 22:00,3.53454
11/1/2021 23:00,3.53454
11/2/2021 0:00,3.53454
11/2/2021 1:00,5.4576
11/2/2021 2:00,3.53454
11/2/2021 3:00,6.43668
11/2/2021 4:00,3.53454
11/2/2021 5:00,3.53454
11/2/2021 6:00,4.889059732
11/2/2021 7:00,2.786886219
11/2/2021 8:00,2.414912845
11/2/2021 9:00,3.963944812
11/2/2021 10:00,4.501506974
11/2/2021 11:00,4.374796971
11/2/2021 12:00,5.199898803
11/2/2021 13:00,4.356750866
11/2/2021 14:00,2.693938551
11/2/2021 15:00,2.511970281
11/2/2021 16:00,2.315319637
11/2/2021 17:00,2.207337508
11/2/2021 18:00,4.052989541
11/2/2021 19:00,2.895031542
11/2/2021 20:00,3.08435911
11/2/2021 21:00,4.196635837
11/2/2021 22:00,6.43668
11/2/2021 23:00,3.53454
11/3/2021 0:00,6.43668
11/3/2021 1:00,3.53454
11/3/2021 2:00,3.53454
11/3/2021 3:00,5.4576
11/3/2021 4:00,6.43668
11/3/2021 5:00,3.53454
11/3/2021 6:00,2.291248587
11/3/2021 7:00,3.202301634
11/3/2021 8:00,3.712383706
11/3/2021 9:00,3.368075942
11/3/2021 10:00,5.110023348
11/3/2021 11:00,5.242725524
11/3/2021 12:00,5.279175875
11/3/2021 13:00,2.251150268
11/3/2021 14:00,5.196633424
11/3/2021 15:00,3.485579383
11/3/2021 16:00,2.543119754
11/3/2021 17:00,3.319665161
11/3/2021 18:00,4.913565196
11/3/2021 19:00,2.665240186
11/3/2021 20:00,5.013372972
11/3/2021 21:00,3.941962999
11/3/2021 22:00,3.53454
11/3/2021 23:00,6.43668
11/4/2021 0:00,3.53454
11/4/2021 1:00,6.43668
11/4/2021 2:00,5.4576
11/4/2021 3:00,6.43668
11/4/2021 4:00,3.53454
11/4/2021 5:00,3.53454
11/4/2021 6:00,3.919272083
11/4/2021 7:00,5.307613862
11/4/2021 8:00,3.824933962
11/4/2021 9:00,3.675014287
11/4/2021 10:00,5.532211228
11/4/2021 11:00,5.444467125
11/4/2021 12:00,4.962872679
11/4/2021 13:00,3.027440844
11/4/2021 14:00,4.693531963
11/4/2021 15:00,4.095748061
11/4/2021 16:00,5.145007116
11/4/2021 17:00,4.270832283
11/4/2021 18:00,2.721645158
11/4/2021 19:00,3.864321389
11/4/2021 20:00,5.178882615
11/4/2021 21:00,2.300802459
11/4/2021 22:00,3.53454
11/4/2021 23:00,3.53454
11/5/2021 0:00,3.53454
11/5/2021 1:00,3.53454
11/5/2021 2:00,3.53454
11/5/2021 3:00,3.53454
11/5/2021 4:00,3.53454
11/5/2021 5:00,5.4576
11/5/2021 6:00,3.067474541
11/5/2021 7:00,2.232062044
11/5/2021 8:00,5.35551806
11/5/2021 9:00,3.852833963
11/5/2021 10:00,4.138111761
11/5/2021 11:00,5.224123128
11/5/2021 12:00,5.058967138
11/5/2021 13:00,3.627141741
11/5/2021 14:00,4.187192743
11/5/2021 15:00,3.239791768
11/5/2021 16:00,2.511380796
11/5/2021 17:00,5.504332045
11/5/2021 18:00,4.041251797
11/5/2021 19:00,4.68746924
11/5/2021 20:00,3.337904688
11/5/2021 21:00,2.917028595
11/5/2021 22:00,3.53454
11/5/2021 23:00,3.53454
11/6/2021 0:00,3.53454
11/6/2021 1:00,6.43668
11/6/2021 2:00,3.53454
11/6/2021 3:00,6.43668
11/6/2021 4:00,3.53454
11/6/2021 5:00,6.43668
11/6/2021 6:00,3.267148177
11/6/2021 7:00,3.99116711
11/6/2021 8:00,3.510120563
11/6/2021 9:00,3.773134237
11/6/2021 10:00,4.360992602
11/6/2021 11:00,4.614652546
11/6/2021 12:00,4.586078376
11/6/2021 13:00,4.834232973
11/6/2021 14:00,3.945023261
11/6/2021 15:00,4.659486323
11/6/2021 16:00,3.455941188
11/6/2021 17:00,5.405999471
11/6/2021 18:00,4.647321231
11/6/2021 19:00,3.671278631
11/6/2021 20:00,3.518248738
11/6/2021 21:00,4.440342502
11/6/2021 22:00,3.53454
11/6/2021 23:00,3.53454
11/7/2021 0:00,3.53454
11/7/2021 1:00,3.53454
11/7/2021 2:00,3.53454
11/7/2021 3:00,6.43668
11/7/2021 4:00,3.53454
11/7/2021 5:00,6.43668
11/7/2021 6:00,3.246977645
11/7/2021 7:00,2.732065178
11/7/2021 8:00,5.050374705
11/7/2021 9:00,3.671320129
11/7/2021 10:00,5.346991453
11/7/2021 11:00,4.317561059
11/7/2021 12:00,4.901845089
11/7/2021 13:00,3.077718877
11/7/2021 14:00,4.458741279
11/7/2021 15:00,5.324082388
11/7/2021 16:00,2.752195103
11/7/2021 17:00,3.879869313
11/7/2021 18:00,2.875023873
11/7/2021 19:00,3.236936801
11/7/2021 20:00,2.30988083
11/7/2021 21:00,2.293301391
11/7/2021 22:00,3.53454
11/7/2021 23:00,5.4576
11/8/2021 0:00,6.43668
11/8/2021 1:00,6.43668
11/8/2021 2:00,3.53454
11/8/2021 3:00,3.53454
11/8/2021 4:00,6.43668
11/8/2021 5:00,3.53454
11/8/2021 6:00,4.712126202
11/8/2021 7:00,4.885113287
11/8/2021 8:00,2.99918157
11/8/2021 9:00,5.101802447
11/8/2021 10:00,5.340761932
11/8/2021 11:00,4.323291066
11/8/2021 12:00,4.324993111
11/8/2021 13:00,3.539342243
11/8/2021 14:00,4.558410581
11/8/2021 15:00,5.321571716
11/8/2021 16:00,2.582015464
11/8/2021 17:00,2.271593938
11/8/2021 18:00,4.839148332
11/8/2021 19:00,4.835350304
11/8/2021 20:00,2.227452382
11/8/2021 21:00,2.230981202
11/8/2021 22:00,3.53454
11/8/2021 23:00,3.53454
11/9/2021 0:00,3.53454
11/9/2021 1:00,5.4576
11/9/2021 2:00,3.53454
11/9/2021 3:00,5.4576
11/9/2021 4:00,5.4576
11/9/2021 5:00,3.53454
11/9/2021 6:00,2.170874126
11/9/2021 7:00,5.188312014
11/9/2021 8:00,4.732905352
11/9/2021 9:00,2.941615821
11/9/2021 10:00,4.369588417
11/9/2021 11:00,5.349097365
11/9/2021 12:00,5.323544573
11/9/2021 13:00,2.812856769
11/9/2021 14:00,3.384853288
11/9/2021 15:00,4.8310123
11/9/2021 16:00,3.397209204
11/9/2021 17:00,3.883335615
11/9/2021 18:00,3.291323138
11/9/2021 19:00,4.723476278
11/9/2021 20:00,3.102352436
11/9/2021 21:00,5.043340509
11/9/2021 22:00,3.53454
11/9/2021 23:00,5.4576
11/10/2021 0:00,3.53454
11/10/2021 1:00,6.43668
11/10/2021 2:00,3.53454
11/10/2021 3:00,5.4576
11/10/2021 4:00,5.4576
11/10/2021 5:00,3.53454
11/10/2021 6:00,4.873960989
11/10/2021 7:00,5.353649599
11/10/2021 8:00,2.704549795
11/10/2021 9:00,3.964092393
11/10/2021 10:00,5.428903139
11/10/2021 11:00,5.219980549
11/10/2021 12:00,4.969144072
11/10/2021 13:00,2.952618164
11/10/2021 14:00,2.773115109
11/10/2021 15:00,2.508845858
11/10/2021 16:00,4.629877251
11/10/2021 17:00,2.578318373
11/10/2021 18:00,5.432709529
11/10/2021 19:00,5.247068123
11/10/2021 20:00,4.532747353
11/10/2021 21:00,5.162511929
11/10/2021 22:00,5.4576
11/10/2021 23:00,6.43668
11/11/2021 0:00,3.53454
11/11/2021 1:00,3.53454
11/11/2021 2:00,3.53454
11/11/2021 3:00,3.53454
11/11/2021 4:00,3.53454
11/11/2021 5:00,3.53454
11/11/2021 6:00,2.14830746
11/11/2021 7:00,4.374509353
11/11/2021 8:00,2.900011771
11/11/2021 9:00,2.171160862
11/11/2021 10:00,5.158470883
11/11/2021 11:00,4.774889949
11/11/2021 12:00,4.931358799
11/11/2021 13:00,4.341524669
11/11/2021 14:00,4.777083498
11/11/2021 15:00,2.438238447
11/11/2021 16:00,2.272707763
11/11/2021 17:00,4.101341565
11/11/2021 18:00,5.144633965
11/11/2021 19:00,4.695139936
11/11/2021 20:00,3.957280404
11/11/2021 21:00,4.388309545
11/11/2021 22:00,3.53454
11/11/2021 23:00,5.4576
11/12/2021 0:00,3.53454
11/12/2021 1:00,3.53454
11/12/2021 2:00,3.53454
11/12/2021 3:00,3.53454
11/12/2021 4:00,3.53454
11/12/2021 5:00,3.53454
11/12/2021 6:00,5.554290035
11/12/2021 7:00,4.261012883
11/12/2021 8:00,3.927395107
11/12/2021 9:00,3.174374723
11/12/2021 10:00,4.455728616
11/12/2021 11:00,4.145102693
11/12/2021 12:00,4.478929543
11/12/2021 13:00,3.542409047
11/12/2021 14:00,3.272719808
11/12/2021 15:00,3.347874499
11/12/2021 16:00,3.962798127
11/12/2021 17:00,3.45855443
11/12/2021 18:00,4.205503834
11/12/2021 19:00,5.313507193
11/12/2021 20:00,3.026149795
11/12/2021 21:00,5.503960427
11/12/2021 22:00,3.53454
11/12/2021 23:00,3.53454
11/13/2021 0:00,3.53454
11/13/2021 1:00,6.43668
11/13/2021 2:00,3.53454
11/13/2021 3:00,5.4576
11/13/2021 4:00,3.53454
11/13/2021 5:00,3.53454
11/13/2021 6:00,2.663947071
11/13/2021 7:00,3.461222923
11/13/2021 8:00,2.287455485
11/13/2021 9:00,5.260288209
11/13/2021 10:00,4.536900489
11/13/2021 11:00,4.920340282
11/13/2021 12:00,4.946992855
11/13/2021 13:00,3.217204746
11/13/2021 14:00,4.957430075
11/13/2021 15:00,5.489297
11/13/2021 16:00,2.395952845
11/13/2021 17:00,4.669600349
11/13/2021 18:00,2.954991848
11/13/2021 19:00,5.142967679
11/13/2021 20:00,3.491203777
11/13/2021 21:00,3.281396713
11/13/2021 22:00,3.53454
11/13/2021 23:00,5.4576
11/14/2021 0:00,6.43668
11/14/2021 1:00,3.53454
11/14/2021 2:00,3.53454
11/14/2021 3:00,6.43668
11/14/2021 4:00,3.53454
11/14/2021 5:00,3.53454
11/14/2021 6:00,5.455723712
11/14/2021 7:00,2.201342629
11/14/2021 8:00,2.163076975
11/14/2021 9:00,2.192190714
11/14/2021 10:00,4.255994028
11/14/2021 11:00,4.491528489
11/14/2021 12:00,4.579159758
11/14/2021 13:00,3.506509689
11/14/2021 14:00,5.522021697
11/14/2021 15:00,4.020986201
11/14/2021 16:00,3.894857637
11/14/2021 17:00,4.56837488
11/14/2021 18:00,4.124722303
11/14/2021 19:00,4.690300114
11/14/2021 20:00,2.730730937
11/14/2021 21:00,5.511147517
11/14/2021 22:00,3.53454
11/14/2021 23:00,3.53454
11/15/2021 0:00,3.53454
11/15/2021 1:00,3.53454
11/15/2021 2:00,3.53454
11/15/2021 3:00,3.53454
11/15/2021 4:00,5.4576
11/15/2021 5:00,3.53454
11/15/2021 6:00,2.245885054
11/15/2021 7:00,3.92317219
11/15/2021 8:00,2.493288928
11/15/2021 9:00,3.616565064
11/15/2021 10:00,4.35062899
11/15/2021 11:00,4.582061348
11/15/2021 12:00,5.270321378
11/15/2021 13:00,4.029355027
11/15/2021 14:00,2.658331521
11/15/2021 15:00,3.7164126
11/15/2021 16:00,2.503008406
11/15/2021 17:00,3.25183004
11/15/2021 18:00,2.232529514
11/15/2021 19:00,3.62845927
11/15/2021 20:00,2.638516997
11/15/2021 21:00,2.686816907
11/15/2021 22:00,3.53454
11/15/2021 23:00,6.43668
11/16/2021 0:00,3.53454
11/16/2021 1:00,5.4576
11/16/2021 2:00,3.53454
11/16/2021 3:00,3.53454
11/16/2021 4:00,6.43668
11/16/2021 5:00,6.43668
11/16/2021 6:00,2.729628103
11/16/2021 7:00,2.865078082
11/16/2021 8:00,2.350939202
11/16/2021 9:00,4.057731335
11/16/2021 10:00,5.194306631
11/16/2021 11:00,4.218852987
11/16/2021 12:00,4.414239207
11/16/2021 13:00,4.428305079
11/16/2021 14:00,2.393996665
11/16/2021 15:00,2.526441934
11/16/2021 16:00,5.058050222
11/16/2021 17:00,3.539629825
11/16/2021 18:00,3.54155013
11/16/2021 19:00,2.380640009
11/16/2021 20:00,3.84029138
11/16/2021 21:00,4.022146584
11/16/2021 22:00,3.53454
11/16/2021 23:00,3.53454
11/17/2021 0:00,5.4576
11/17/2021 1:00,3.53454
11/17/2021 2:00,6.43668
11/17/2021 3:00,3.53454
11/17/2021 4:00,3.53454
11/17/2021 5:00,3.53454
11/17/2021 6:00,2.604421891
11/17/2021 7:00,4.470442679
11/17/2021 8:00,4.629090623
11/17/2021 9:00,4.784945753
11/17/2021 10:00,4.18488154
11/17/2021 11:00,4.263716387
11/17/2021 12:00,4.402455678
11/17/2021 13:00,3.252194312
11/17/2021 14:00,2.611954691
11/17/2021 15:00,3.318163402
11/17/2021 16:00,3.673404032
11/17/2021 17:00,5.155011749
11/17/2021 18:00,4.290646883
11/17/2021 19:00,5.000334917
11/17/2021 20:00,3.134688651
11/17/2021 21:00,3.874351146
11/17/2021 22:00,3.53454
11/17/2021 23:00,3.53454
11/18/2021 0:00,3.53454
11/18/2021 1:00,3.53454
11/18/2021 2:00,3.53454
11/18/2021 3:00,3.53454
11/18/2021 4:00,3.53454
11/18/2021 5:00,5.4576
11/18/2021 6:00,2.437931262
11/18/2021 7:00,2.57361937
11/18/2021 8:00,4.433793842
11/18/2021 9:00,3.215864771
11/18/2021 10:00,5.062594701
11/18/2021 11:00,4.473906793
11/18/2021 12:00,5.362778411
11/18/2021 13:00,3.606696101
11/18/2021 14:00,3.739334073
11/18/2021 15:00,5.321277428
11/18/2021 16:00,3.809064089
11/18/2021 17:00,4.91148606
11/18/2021 18:00,2.140364355
11/18/2021 19:00,3.578817745
11/18/2021 20:00,4.312724157
11/18/2021 21:00,3.327701803
11/18/2021 22:00,6.43668
11/18/2021 23:00,3.53454
11/19/2021 0:00,5.4576
11/19/2021 1:00,3.53454
11/19/2021 2:00,3.53454
11/19/2021 3:00,3.53454
11/19/2021 4:00,3.53454
11/19/2021 5:00,3.53454
11/19/2021 6:00,4.077611883
11/19/2021 7:00,4.097749502
11/19/2021 8:00,5.018924902
11/19/2021 9:00,3.975569777
11/19/2021 10:00,4.66043748
11/19/2021 11:00,4.537914726
11/19/2021 12:00,4.522348627
11/19/2021 13:00,4.302358963
11/19/2021 14:00,2.92604316
11/19/2021 15:00,3.119863641
11/19/2021 16:00,5.214951184
11/19/2021 17:00,4.397900702
11/19/2021 18:00,2.37776162
11/19/2021 19:00,4.428929888
11/19/2021 20:00,2.205720284
11/19/2021 21:00,2.513478315
11/19/2021 22:00,6.43668
11/19/2021 23:00,6.43668
11/20/2021 0:00,3.53454
11/20/2021 1:00,3.53454
11/20/2021 2:00,6.43668
11/20/2021 3:00,3.53454
11/20/2021 4:00,3.53454
11/20/2021 5:00,3.53454
11/20/2021 6:00,4.491710223
11/20/2021 7:00,4.904649556
11/20/2021 8:00,4.525805711
11/20/2021 9:00,2.816059666
11/20/2021 10:00,4.993013019
11/20/2021 11:00,5.291920607
11/20/2021 12:00,5.468929791
11/20/2021 13:00,5.550202494
11/20/2021 14:00,4.676421208
11/20/2021 15:00,3.193383328
11/20/2021 16:00,2.403803686
11/20/2021 17:00,3.378065659
11/20/2021 18:00,4.624128509
11/20/2021 19:00,2.901232758
11/20/2021 20:00,3.886917636
11/20/2021 21:00,3.183623954
11/20/2021 22:00,3.53454
11/20/2021 23:00,3.53454
11/21/2021 0:00,5.4576
11/21/2021 1:00,3.53454
11/21/2021 2:00,3.53454
11/21/2021 3:00,5.4576
11/21/2021 4:00,5.4576
11/21/2021 5:00,3.53454
11/21/2021 6:00,4.047243924
11/21/2021 7:00,2.770976291
11/21/2021 8:00,3.850251682
11/21/2021 9:00,4.457802455
11/21/2021 10:00,5.490190876
11/21/2021 11:00,5.10742251
11/21/2021 12:00,4.193546039
11/21/2021 13:00,5.216394023
11/21/2021 14:00,5.148919794
11/21/2021 15:00,4.501734838
11/21/2021 16:00,2.277537148
11/21/2021 17:00,4.585004171
11/21/2021 18:00,2.591979343
11/21/2021 19:00,4.429594974
11/21/2021 20:00,4.819259446
11/21/2021 21:00,4.185619363
11/21/2021 22:00,3.53454
11/21/2021 23:00,3.53454
11/22/2021 0:00,3.53454
11/22/2021 1:00,5.4576
11/22/2021 2:00,3.53454
11/22/2021 3:00,3.53454
11/22/2021 4:00,5.4576
11/22/2021 5:00,3.53454
11/22/2021 6:00,3.123429587
11/22/2021 7:00,4.907163654
11/22/2021 8:00,3.878368632
11/22/2021 9:00,4.513966069
11/22/2021 10:00,5.301631234
11/22/2021 11:00,4.401196263
11/22/2021 12:00,4.325197235
11/22/2021 13:00,5.297979112
11/22/2021 14:00,4.413426095
11/22/2021 15:00,4.737981302
11/22/2021 16:00,3.738886157
11/22/2021 17:00,3.016934817
11/22/2021 18:00,2.709281804
11/22/2021 19:00,4.140817455
11/22/2021 20:00,4.923856358
11/22/2021 21:00,2.606923626
11/22/2021 22:00,3.53454
11/22/2021 23:00,6.43668
11/23/2021 0:00,3.53454
11/23/2021 1:00,3.53454
11/23/2021 2:00,6.43668
11/23/2021 3:00,3.53454
11/23/2021 4:00,3.53454
11/23/2021 5:00,3.53454
11/23/2021 6:00,2.99717434
11/23/2021 7:00,3.350527437
11/23/2021 8:00,4.017473751
11/23/2021 9:00,3.438980683
11/23/2021 10:00,4.494841902
11/23/2021 11:00,4.158828262
11/23/2021 12:00,4.844280488
11/23/2021 13:00,2.661710241
11/23/2021 14:00,2.219643367
11/23/2021 15:00,3.36970225
11/23/2021 16:00,3.138577405
11/23/2021 17:00,4.416646921
11/23/2021 18:00,4.322957754
11/23/2021 19:00,2.24580127
11/23/2021 20:00,4.465990868
11/23/2021 21:00,2.562622145
11/23/2021 22:00,5.4576
11/23/2021 23:00,3.53454
11/24/2021 0:00,3.53454
11/24/2021 1:00,6.43668
11/24/2021 2:00,5.4576
11/24/2021 3:00,5.4576
11/24/2021 4:00,3.53454
11/24/2021 5:00,3.53454
11/24/2021 6:00,2.666489616
11/24/2021 7:00,2.98481958
11/24/2021 8:00,4.313536279
11/24/2021 9:00,3.691712962
11/24/2021 10:00,4.692802701
11/24/2021 11:00,4.821091299
11/24/2021 12:00,4.593046147
11/24/2021 13:00,3.554308383
11/24/2021 14:00,3.228430563
11/24/2021 15:00,3.093909462
11/24/2021 16:00,3.388175957
11/24/2021 17:00,5.089022597
11/24/2021 18:00,2.379350973
11/24/2021 19:00,2.934230502
11/24/2021 20:00,3.758949636
11/24/2021 21:00,3.207705881
11/24/2021 22:00,3.53454
11/24/2021 23:00,5.4576
11/25/2021 0:00,3.53454
11/25/2021 1:00,3.53454
11/25/2021 2:00,6.43668
11/25/2021 3:00,3.53454
11/25/2021 4:00,3.53454
11/25/2021 5:00,3.53454
11/25/2021 6:00,4.433962952
11/25/2021 7:00,4.203195154
11/25/2021 8:00,4.576733157
11/25/2021 9:00,3.240165552
11/25/2021 10:00,5.031572915
11/25/2021 11:00,4.928321339
11/25/2021 12:00,4.728177784
11/25/2021 13:00,5.31530297
11/25/2021 14:00,3.709566899
11/25/2021 15:00,5.093767144
11/25/2021 16:00,2.361288793
11/25/2021 17:00,3.747609549
11/25/2021 18:00,4.447359066
11/25/2021 19:00,5.431431395
11/25/2021 20:00,4.436978419
11/25/2021 21:00,5.098357932
11/25/2021 22:00,3.53454
11/25/2021 23:00,3.53454
11/26/2021 0:00,5.4576
11/26/2021 1:00,3.53454
11/26/2021 2:00,5.4576
11/26/2021 3:00,6.43668
11/26/2021 4:00,3.53454
11/26/2021 5:00,6.43668
11/26/2021 6:00,3.174216368
11/26/2021 7:00,2.448195535
11/26/2021 8:00,2.48097878
11/26/2021 9:00,3.845474439
11/26/2021 10:00,4.699190775
11/26/2021 11:00,5.349404608
11/26/2021 12:00,5.047080264
11/26/2021 13:00,2.574915484
11/26/2021 14:00,5.493311628
11/26/2021 15:00,4.928662617
11/26/2021 16:00,2.758039759
11/26/2021 17:00,4.614917177
11/26/2021 18:00,5.169147366
11/26/2021 19:00,2.784898861
11/26/2021 20:00,2.472057491
11/26/2021 21:00,2.495136193
11/26/2021 22:00,3.53454
11/26/2021 23:00,5.4576
11/27/2021 0:00,5.4576
11/27/2021 1:00,3.53454
11/27/2021 2:00,6.43668
11/27/2021 3:00,3.53454
11/27/2021 4:00,5.4576
11/27/2021 5:00,6.43668
11/27/2021 6:00,5.132198008
11/27/2021 7:00,5.473040621
11/27/2021 8:00,3.089973197
11/27/2021 9:00,2.983899223
11/27/2021 10:00,5.116531743
11/27/2021 11:00,4.666029769
11/27/2021 12:00,4.796356328
11/27/2021 13:00,4.254737704
11/27/2021 14:00,2.988899217
11/27/2021 15:00,4.36690411
11/27/2021 16:00,3.408346716
11/27/2021 17:00,2.735004211
11/27/2021 18:00,4.577561552
11/27/2021 19:00,3.134216153
11/27/2021 20:00,2.180305638
11/27/2021 21:00,2.373951559
11/27/2021 22:00,3.53454
11/27/2021 23:00,3.53454
11/28/2021 0:00,3.53454
11/28/2021 1:00,3.53454
11/28/2021 2:00,3.53454
11/28/2021 3:00,3.53454
11/28/2021 4:00,5.4576
11/28/2021 5:00,6.43668
11/28/2021 6:00,3.664561894
11/28/2021 7:00,4.291405991
11/28/2021 8:00,2.511828577
11/28/2021 9:00,5.062582694
11/28/2021 10:00,5.145537116
11/28/2021 11:00,5.021740827
11/28/2021 12:00,4.253289981
11/28/2021 13:00,5.273719253
11/28/2021 14:00,4.707962222
11/28/2021 15:00,4.73914874
11/28/2021 16:00,5.235967065
11/28/2021 17:00,3.866058825
11/28/2021 18:00,3.456798259
11/28/2021 19:00,2.368890506
11/28/2021 20:00,4.184694493
11/28/2021 21:00,3.46935349
11/28/2021 22:00,3.53454
11/28/2021 23:00,3.53454
11/29/2021 0:00,6.43668
11/29/2021 1:00,5.4576
11/29/2021 2:00,3.53454
11/29/2021 3:00,3.53454
11/29/2021 4:00,3.53454
11/29/2021 5:00,3.53454
11/29/2021 6:00,2.373887451
11/29/2021 7:00,4.432833094
11/29/2021 8:00,4.487778797
11/29/2021 9:00,2.977975224
11/29/2021 10:00,5.553437546
11/29/2021 11:00,4.277501627
11/29/2021 12:00,4.916821948
11/29/2021 13:00,3.893753179
11/29/2021 14:00,3.932020774
11/29/2021 15:00,2.294890034
11/29/2021 16:00,2.603535332
11/29/2021 17:00,2.210175045
11/29/2021 18:00,4.678759836
11/29/2021 19:00,2.614953764
11/29/2021 20:00,5.366226621
11/29/2021 21:00,4.116101079
11/29/2021 22:00,3.53454
11/29/2021 23:00,3.53454
11/30/2021 0:00,3.53454
11/30/2021 1:00,3.53454
11/30/2021 2:00,3.53454
11/30/2021 3:00,3.53454
11/30/2021 4:00,3.53454
11/30/2021 5:00,3.53454
11/30/2021 6:00,5.165211261
11/30/2021 7:00,2.283317851
11/30/2021 8:00,2.473719236
11/30/2021 9:00,3.646349346
11/30/2021 10:00,5.385217595
11/30/2021 11:00,5.04482634
11/30/2021 12:00,5.509600165
11/30/2021 13:00,5.3187284
11/30/2021 14:00,4.375092451
11/30/2021 15:00,2.437600573
11/30/2021 16:00,4.715112721
11/30/2021 17:00,3.835300217
11/30/2021 18:00,4.732713952
11/30/2021 19:00,4.582814313
11/30/2021 20:00,2.595021008
11/30/2021 21:00,4.702310353
11/30/2021 22:00,3.53454
11/30/2021 23:00,6.43668
