Date,WD
6/1/2015 0:00,59.36728081
6/1/2015 1:00,86.8083236
6/1/2015 2:00,57.24435392
6/1/2015 3:00,114.4126651
6/1/2015 4:00,78.73590712
6/1/2015 5:00,71.10045349
6/1/2015 6:00,49.91533722
6/1/2015 7:00,50.87410152
6/1/2015 8:00,79.1986549
6/1/2015 9:00,50.92435073
6/1/2015 10:00,79.21899807
6/1/2015 11:00,297.2448315
6/1/2015 12:00,314.7682559
6/1/2015 13:00,246.5746116
6/1/2015 14:00,278.5245211
6/1/2015 15:00,250.6834735
6/1/2015 16:00,211.5396557
6/1/2015 17:00,219.9268289
6/1/2015 18:00,222.3074174
6/1/2015 19:00,115.8732151
6/1/2015 20:00,76.00156396
6/1/2015 21:00,256.151224
6/1/2015 22:00,88.28536809
6/1/2015 23:00,97.7739075
6/2/2015 0:00,67.20186731
6/2/2015 1:00,63.66325075
6/2/2015 2:00,93.75789716
6/2/2015 3:00,87.07077637
6/2/2015 4:00,94.0944762
6/2/2015 5:00,94.07427413
6/2/2015 6:00,32.88463382
6/2/2015 7:00,47.59732633
6/2/2015 8:00,74.84468076
6/2/2015 9:00,58.61428395
6/2/2015 10:00,63.22312607
6/2/2015 11:00,305.5585844
6/2/2015 12:00,244.2693396
6/2/2015 13:00,140.469858
6/2/2015 14:00,152.6130993
6/2/2015 15:00,233.7842252
6/2/2015 16:00,342.0751614
6/2/2015 17:00,284.8274819
6/2/2015 18:00,326.0558771
6/2/2015 19:00,252.3030385
6/2/2015 20:00,345.0134855
6/2/2015 21:00,198.996244
6/2/2015 22:00,100.2469456
6/2/2015 23:00,72.48396742
6/3/2015 0:00,53.5283652
6/3/2015 1:00,90.03483085
6/3/2015 2:00,89.49178124
6/3/2015 3:00,92.56678814
6/3/2015 4:00,64.83776622
6/3/2015 5:00,111.2017381
6/3/2015 6:00,41.51486657
6/3/2015 7:00,52.51249842
6/3/2015 8:00,29.35585463
6/3/2015 9:00,27.71151871
6/3/2015 10:00,307.0541845
6/3/2015 11:00,203.4915639
6/3/2015 12:00,272.7376674
6/3/2015 13:00,186.2505577
6/3/2015 14:00,151.0400236
6/3/2015 15:00,304.8536431
6/3/2015 16:00,266.9146028
6/3/2015 17:00,276.9831022
6/3/2015 18:00,149.4753969
6/3/2015 19:00,255.2254192
6/3/2015 20:00,73.52906696
6/3/2015 21:00,71.20359074
6/3/2015 22:00,113.756316
6/3/2015 23:00,109.8131609
6/4/2015 0:00,61.1118276
6/4/2015 1:00,91.66516982
6/4/2015 2:00,116.3454879
6/4/2015 3:00,101.3344115
6/4/2015 4:00,103.4991423
6/4/2015 5:00,91.21236074
6/4/2015 6:00,35.06765164
6/4/2015 7:00,75.58590389
6/4/2015 8:00,45.46575751
6/4/2015 9:00,74.13369687
6/4/2015 10:00,244.170833
6/4/2015 11:00,203.301728
6/4/2015 12:00,126.3712116
6/4/2015 13:00,328.1023116
6/4/2015 14:00,300.497083
6/4/2015 15:00,115.8812755
6/4/2015 16:00,101.421405
6/4/2015 17:00,114.4804793
6/4/2015 18:00,200.9777209
6/4/2015 19:00,110.897458
6/4/2015 20:00,193.9993948
6/4/2015 21:00,158.7294199
6/4/2015 22:00,54.44705306
6/4/2015 23:00,85.89384107
6/5/2015 0:00,79.08940218
6/5/2015 1:00,88.89466109
6/5/2015 2:00,111.6475489
6/5/2015 3:00,72.28465089
6/5/2015 4:00,59.1881606
6/5/2015 5:00,98.18920489
6/5/2015 6:00,76.22162937
6/5/2015 7:00,30.71317642
6/5/2015 8:00,36.20083449
6/5/2015 9:00,62.36899337
6/5/2015 10:00,55.71205365
6/5/2015 11:00,107.6153433
6/5/2015 12:00,206.2676453
6/5/2015 13:00,160.7808412
6/5/2015 14:00,90.28292417
6/5/2015 15:00,131.5702151
6/5/2015 16:00,145.1912238
6/5/2015 17:00,197.902402
6/5/2015 18:00,180.7901242
6/5/2015 19:00,11.63378987
6/5/2015 20:00,64.26091952
6/5/2015 21:00,87.43046691
6/5/2015 22:00,81.72705126
6/5/2015 23:00,82.48756262
6/6/2015 0:00,103.1288691
6/6/2015 1:00,102.8532146
6/6/2015 2:00,114.7164902
6/6/2015 3:00,113.1802455
6/6/2015 4:00,57.8160036
6/6/2015 5:00,95.55419844
6/6/2015 6:00,75.41293854
6/6/2015 7:00,28.98302706
6/6/2015 8:00,38.11130221
6/6/2015 9:00,69.8680313
6/6/2015 10:00,228.52478
6/6/2015 11:00,300.7840941
6/6/2015 12:00,152.5439005
6/6/2015 13:00,184.4365199
6/6/2015 14:00,294.8466234
6/6/2015 15:00,257.6545495
6/6/2015 16:00,144.282956
6/6/2015 17:00,99.13500999
6/6/2015 18:00,94.06561343
6/6/2015 19:00,94.26963935
6/6/2015 20:00,19.8571795
6/6/2015 21:00,205.6173468
6/6/2015 22:00,50.38285952
6/6/2015 23:00,102.7358015
6/7/2015 0:00,86.22305124
6/7/2015 1:00,74.10965465
6/7/2015 2:00,84.26008303
6/7/2015 3:00,94.83708093
6/7/2015 4:00,116.4362365
6/7/2015 5:00,108.434201
6/7/2015 6:00,38.86048426
6/7/2015 7:00,48.13326315
6/7/2015 8:00,44.75746963
6/7/2015 9:00,46.15033894
6/7/2015 10:00,200.77175
6/7/2015 11:00,290.2854256
6/7/2015 12:00,319.2729343
6/7/2015 13:00,128.5599744
6/7/2015 14:00,288.3137898
6/7/2015 15:00,286.4421386
6/7/2015 16:00,255.1795656
6/7/2015 17:00,227.3597186
6/7/2015 18:00,163.6578562
6/7/2015 19:00,129.1509683
6/7/2015 20:00,71.43289172
6/7/2015 21:00,233.4083909
6/7/2015 22:00,89.73773774
6/7/2015 23:00,109.1915537
6/8/2015 0:00,91.73418185
6/8/2015 1:00,118.5644098
6/8/2015 2:00,111.2148994
6/8/2015 3:00,99.542286
6/8/2015 4:00,112.5682605
6/8/2015 5:00,100.476523
6/8/2015 6:00,67.94750456
6/8/2015 7:00,46.41152583
6/8/2015 8:00,60.37001887
6/8/2015 9:00,77.09363207
6/8/2015 10:00,185.6882876
6/8/2015 11:00,79.76864369
6/8/2015 12:00,183.1777726
6/8/2015 13:00,170.4806714
6/8/2015 14:00,205.3730848
6/8/2015 15:00,324.0334623
6/8/2015 16:00,257.0251699
6/8/2015 17:00,159.2296463
6/8/2015 18:00,99.72764682
6/8/2015 19:00,322.0188441
6/8/2015 20:00,125.9616872
6/8/2015 21:00,23.74746891
6/8/2015 22:00,70.18825661
6/8/2015 23:00,84.03372711
6/9/2015 0:00,51.16550419
6/9/2015 1:00,65.19697031
6/9/2015 2:00,117.88186
6/9/2015 3:00,60.66988905
6/9/2015 4:00,52.38867537
6/9/2015 5:00,58.66630587
6/9/2015 6:00,72.6064995
6/9/2015 7:00,39.31848371
6/9/2015 8:00,62.08311336
6/9/2015 9:00,49.98142948
6/9/2015 10:00,110.9519483
6/9/2015 11:00,52.44418582
6/9/2015 12:00,101.538599
6/9/2015 13:00,149.1606419
6/9/2015 14:00,349.5212767
6/9/2015 15:00,280.221932
6/9/2015 16:00,324.9183266
6/9/2015 17:00,168.3023861
6/9/2015 18:00,202.824208
6/9/2015 19:00,230.0585335
6/9/2015 20:00,328.6840482
6/9/2015 21:00,49.90646711
6/9/2015 22:00,92.23666492
6/9/2015 23:00,119.1578491
6/10/2015 0:00,92.24778138
6/10/2015 1:00,85.86000087
6/10/2015 2:00,77.5423152
6/10/2015 3:00,69.96318362
6/10/2015 4:00,109.7597109
6/10/2015 5:00,99.71409467
6/10/2015 6:00,57.64574541
6/10/2015 7:00,70.22457608
6/10/2015 8:00,36.70371888
6/10/2015 9:00,66.34909988
6/10/2015 10:00,165.2142064
6/10/2015 11:00,176.2259612
6/10/2015 12:00,112.5451378
6/10/2015 13:00,314.6595327
6/10/2015 14:00,284.466362
6/10/2015 15:00,312.9874206
6/10/2015 16:00,226.4568554
6/10/2015 17:00,182.950264
6/10/2015 18:00,107.8035797
6/10/2015 19:00,35.49269706
6/10/2015 20:00,341.6737379
6/10/2015 21:00,258.4745526
6/10/2015 22:00,107.9372615
6/10/2015 23:00,81.69403264
6/11/2015 0:00,63.09231622
6/11/2015 1:00,115.4517204
6/11/2015 2:00,65.23379283
6/11/2015 3:00,52.02021667
6/11/2015 4:00,78.01939876
6/11/2015 5:00,60.7264138
6/11/2015 6:00,66.76461741
6/11/2015 7:00,61.35662567
6/11/2015 8:00,44.83552775
6/11/2015 9:00,73.52413417
6/11/2015 10:00,312.2106532
6/11/2015 11:00,158.1055555
6/11/2015 12:00,222.1543036
6/11/2015 13:00,287.9478071
6/11/2015 14:00,256.8266504
6/11/2015 15:00,270.3392495
6/11/2015 16:00,127.3943201
6/11/2015 17:00,278.0150442
6/11/2015 18:00,307.4931359
6/11/2015 19:00,311.2908848
6/11/2015 20:00,9.446465102
6/11/2015 21:00,262.6537321
6/11/2015 22:00,67.87396439
6/11/2015 23:00,60.40150217
6/12/2015 0:00,52.1557769
6/12/2015 1:00,97.067145
6/12/2015 2:00,84.34267731
6/12/2015 3:00,95.88189102
6/12/2015 4:00,114.495199
6/12/2015 5:00,87.43311579
6/12/2015 6:00,39.83484539
6/12/2015 7:00,73.39289683
6/12/2015 8:00,22.01712017
6/12/2015 9:00,37.58182801
6/12/2015 10:00,123.1005338
6/12/2015 11:00,60.26450717
6/12/2015 12:00,212.4469204
6/12/2015 13:00,358.5800091
6/12/2015 14:00,217.1876078
6/12/2015 15:00,255.1466365
6/12/2015 16:00,342.2916926
6/12/2015 17:00,155.3263556
6/12/2015 18:00,217.7705008
6/12/2015 19:00,239.5739848
6/12/2015 20:00,155.4149667
6/12/2015 21:00,175.6295995
6/12/2015 22:00,83.23274371
6/12/2015 23:00,53.11189468
6/13/2015 0:00,52.35790288
6/13/2015 1:00,104.3034723
6/13/2015 2:00,110.8155697
6/13/2015 3:00,87.68482979
6/13/2015 4:00,59.37061364
6/13/2015 5:00,111.0325487
6/13/2015 6:00,78.69109697
6/13/2015 7:00,44.71688923
6/13/2015 8:00,69.5322089
6/13/2015 9:00,58.51045533
6/13/2015 10:00,103.7018928
6/13/2015 11:00,291.0897368
6/13/2015 12:00,122.3865234
6/13/2015 13:00,156.4748448
6/13/2015 14:00,298.7900004
6/13/2015 15:00,291.8628485
6/13/2015 16:00,108.6526766
6/13/2015 17:00,125.9938645
6/13/2015 18:00,140.9618866
6/13/2015 19:00,27.49948056
6/13/2015 20:00,334.6170503
6/13/2015 21:00,303.0359977
6/13/2015 22:00,110.9592468
6/13/2015 23:00,76.01924372
6/14/2015 0:00,62.90535234
6/14/2015 1:00,103.6995363
6/14/2015 2:00,106.544513
6/14/2015 3:00,85.12664077
6/14/2015 4:00,53.47818814
6/14/2015 5:00,70.70011081
6/14/2015 6:00,71.03067724
6/14/2015 7:00,37.19229994
6/14/2015 8:00,33.84913155
6/14/2015 9:00,74.46068957
6/14/2015 10:00,156.9694643
6/14/2015 11:00,266.7253165
6/14/2015 12:00,150.6099502
6/14/2015 13:00,202.4556672
6/14/2015 14:00,320.6217657
6/14/2015 15:00,196.2266975
6/14/2015 16:00,244.1812311
6/14/2015 17:00,135.5220088
6/14/2015 18:00,239.2580957
6/14/2015 19:00,191.8693385
6/14/2015 20:00,31.33113994
6/14/2015 21:00,159.3722331
6/14/2015 22:00,54.72687687
6/14/2015 23:00,104.5628099
6/15/2015 0:00,65.4422714
6/15/2015 1:00,101.9918923
6/15/2015 2:00,114.4928691
6/15/2015 3:00,72.06275493
6/15/2015 4:00,56.2647481
6/15/2015 5:00,92.66486429
6/15/2015 6:00,28.26560629
6/15/2015 7:00,66.59196877
6/15/2015 8:00,51.09215451
6/15/2015 9:00,70.17675273
6/15/2015 10:00,286.9802124
6/15/2015 11:00,210.4229327
6/15/2015 12:00,112.3155908
6/15/2015 13:00,222.0092349
6/15/2015 14:00,121.7142094
6/15/2015 15:00,216.4866357
6/15/2015 16:00,286.1960912
6/15/2015 17:00,119.5867763
6/15/2015 18:00,252.1897167
6/15/2015 19:00,198.9227783
6/15/2015 20:00,262.0913725
6/15/2015 21:00,356.5552765
6/15/2015 22:00,109.5969786
6/15/2015 23:00,113.1108917
6/16/2015 0:00,112.7217317
6/16/2015 1:00,99.91260624
6/16/2015 2:00,79.0835089
6/16/2015 3:00,100.778102
6/16/2015 4:00,67.01946655
6/16/2015 5:00,76.62659827
6/16/2015 6:00,46.92495732
6/16/2015 7:00,32.44114361
6/16/2015 8:00,40.03035343
6/16/2015 9:00,27.61414888
6/16/2015 10:00,159.9420097
6/16/2015 11:00,170.0315838
6/16/2015 12:00,263.3924475
6/16/2015 13:00,125.3045062
6/16/2015 14:00,267.4519784
6/16/2015 15:00,350.278349
6/16/2015 16:00,266.5682134
6/16/2015 17:00,147.4498161
6/16/2015 18:00,237.3306939
6/16/2015 19:00,42.78156556
6/16/2015 20:00,92.45088921
6/16/2015 21:00,346.1563028
6/16/2015 22:00,99.0843271
6/16/2015 23:00,110.6550891
6/17/2015 0:00,80.4360666
6/17/2015 1:00,71.41050679
6/17/2015 2:00,88.49872345
6/17/2015 3:00,118.1991657
6/17/2015 4:00,95.50152404
6/17/2015 5:00,77.18243806
6/17/2015 6:00,56.50125644
6/17/2015 7:00,40.82985614
6/17/2015 8:00,48.76880921
6/17/2015 9:00,26.4537466
6/17/2015 10:00,170.0148784
6/17/2015 11:00,179.7213393
6/17/2015 12:00,309.9489999
6/17/2015 13:00,308.7736678
6/17/2015 14:00,263.2531431
6/17/2015 15:00,336.6379099
6/17/2015 16:00,276.7249024
6/17/2015 17:00,338.1336191
6/17/2015 18:00,271.408869
6/17/2015 19:00,36.30823545
6/17/2015 20:00,156.8856881
6/17/2015 21:00,57.34912404
6/17/2015 22:00,114.8666876
6/17/2015 23:00,51.55434874
6/18/2015 0:00,74.07700445
6/18/2015 1:00,117.2631877
6/18/2015 2:00,111.6131112
6/18/2015 3:00,116.1170239
6/18/2015 4:00,80.54896399
6/18/2015 5:00,70.61007278
6/18/2015 6:00,74.85360855
6/18/2015 7:00,46.82585009
6/18/2015 8:00,32.85670681
6/18/2015 9:00,68.80170927
6/18/2015 10:00,213.7293975
6/18/2015 11:00,222.4706156
6/18/2015 12:00,194.1110229
6/18/2015 13:00,221.5464772
6/18/2015 14:00,313.4190809
6/18/2015 15:00,146.000058
6/18/2015 16:00,215.9823111
6/18/2015 17:00,167.9450625
6/18/2015 18:00,345.6524409
6/18/2015 19:00,278.3354689
6/18/2015 20:00,52.40245198
6/18/2015 21:00,245.8145323
6/18/2015 22:00,113.1996108
6/18/2015 23:00,101.8484496
6/19/2015 0:00,115.7979004
6/19/2015 1:00,109.4725695
6/19/2015 2:00,93.15311695
6/19/2015 3:00,64.01801618
6/19/2015 4:00,92.00113131
6/19/2015 5:00,93.59947985
6/19/2015 6:00,21.84766785
6/19/2015 7:00,62.1477072
6/19/2015 8:00,40.51643731
6/19/2015 9:00,45.18738356
6/19/2015 10:00,164.6104154
6/19/2015 11:00,57.25551377
6/19/2015 12:00,73.77849179
6/19/2015 13:00,219.3273664
6/19/2015 14:00,105.093516
6/19/2015 15:00,237.7840291
6/19/2015 16:00,209.8965445
6/19/2015 17:00,157.3313773
6/19/2015 18:00,277.6538143
6/19/2015 19:00,161.1623586
6/19/2015 20:00,206.7620199
6/19/2015 21:00,227.9429961
6/19/2015 22:00,116.9977938
6/19/2015 23:00,76.53777299
6/20/2015 0:00,106.9170033
6/20/2015 1:00,116.464196
6/20/2015 2:00,76.77548648
6/20/2015 3:00,79.06017064
6/20/2015 4:00,69.53440698
6/20/2015 5:00,82.00376907
6/20/2015 6:00,42.856994
6/20/2015 7:00,32.45382728
6/20/2015 8:00,60.24437259
6/20/2015 9:00,45.25135885
6/20/2015 10:00,158.6026529
6/20/2015 11:00,283.3863131
6/20/2015 12:00,74.0133794
6/20/2015 13:00,353.0600506
6/20/2015 14:00,169.5186231
6/20/2015 15:00,141.0766552
6/20/2015 16:00,132.6899731
6/20/2015 17:00,303.8037368
6/20/2015 18:00,214.0658163
6/20/2015 19:00,189.0188842
6/20/2015 20:00,187.4405091
6/20/2015 21:00,247.8243532
6/20/2015 22:00,113.3830807
6/20/2015 23:00,83.78711749
6/21/2015 0:00,59.47017259
6/21/2015 1:00,56.75294871
6/21/2015 2:00,119.9315905
6/21/2015 3:00,57.81261122
6/21/2015 4:00,94.86782807
6/21/2015 5:00,86.69916066
6/21/2015 6:00,24.37353547
6/21/2015 7:00,49.89831909
6/21/2015 8:00,41.30501779
6/21/2015 9:00,73.92019001
6/21/2015 10:00,145.6810291
6/21/2015 11:00,218.3877349
6/21/2015 12:00,304.822359
6/21/2015 13:00,358.3188778
6/21/2015 14:00,128.9549575
6/21/2015 15:00,319.1396325
6/21/2015 16:00,139.3494616
6/21/2015 17:00,319.2446009
6/21/2015 18:00,348.7287089
6/21/2015 19:00,303.9817564
6/21/2015 20:00,255.8072906
6/21/2015 21:00,284.9568524
6/21/2015 22:00,94.50756972
6/21/2015 23:00,62.19040399
6/22/2015 0:00,93.08898307
6/22/2015 1:00,97.2239379
6/22/2015 2:00,63.96219767
6/22/2015 3:00,59.06194623
6/22/2015 4:00,86.66806999
6/22/2015 5:00,53.19412047
6/22/2015 6:00,46.15661273
6/22/2015 7:00,24.80640093
6/22/2015 8:00,68.03696994
6/22/2015 9:00,62.9720483
6/22/2015 10:00,244.9019151
6/22/2015 11:00,160.300149
6/22/2015 12:00,177.4094249
6/22/2015 13:00,343.8231205
6/22/2015 14:00,270.6933707
6/22/2015 15:00,307.7878997
6/22/2015 16:00,274.5466853
6/22/2015 17:00,347.4232017
6/22/2015 18:00,95.92800207
6/22/2015 19:00,196.815349
6/22/2015 20:00,250.1162645
6/22/2015 21:00,113.3449109
6/22/2015 22:00,69.87190696
6/22/2015 23:00,69.74705701
6/23/2015 0:00,91.16457519
6/23/2015 1:00,79.04738602
6/23/2015 2:00,105.4515838
6/23/2015 3:00,89.87603851
6/23/2015 4:00,93.969864
6/23/2015 5:00,114.5063215
6/23/2015 6:00,58.13840255
6/23/2015 7:00,55.2388187
6/23/2015 8:00,79.57747853
6/23/2015 9:00,26.7227421
6/23/2015 10:00,230.950642
6/23/2015 11:00,104.9764746
6/23/2015 12:00,62.92308996
6/23/2015 13:00,321.9019738
6/23/2015 14:00,221.4672603
6/23/2015 15:00,330.7121999
6/23/2015 16:00,144.5193716
6/23/2015 17:00,151.472919
6/23/2015 18:00,192.2652998
6/23/2015 19:00,104.1023239
6/23/2015 20:00,293.7217683
6/23/2015 21:00,255.8469017
6/23/2015 22:00,116.4846033
6/23/2015 23:00,75.77941382
6/24/2015 0:00,78.23883885
6/24/2015 1:00,119.3968716
6/24/2015 2:00,84.58559089
6/24/2015 3:00,82.99272028
6/24/2015 4:00,81.78678043
6/24/2015 5:00,56.92881594
6/24/2015 6:00,37.26362921
6/24/2015 7:00,76.98705497
6/24/2015 8:00,79.56810614
6/24/2015 9:00,64.71700851
6/24/2015 10:00,271.2324019
6/24/2015 11:00,184.1944683
6/24/2015 12:00,64.48227223
6/24/2015 13:00,214.9666368
6/24/2015 14:00,333.7508622
6/24/2015 15:00,333.1555395
6/24/2015 16:00,339.4892639
6/24/2015 17:00,339.1478177
6/24/2015 18:00,236.3631738
6/24/2015 19:00,29.12875684
6/24/2015 20:00,69.44564163
6/24/2015 21:00,172.7014225
6/24/2015 22:00,89.95249526
6/24/2015 23:00,55.63635084
6/25/2015 0:00,61.6484422
6/25/2015 1:00,76.07318495
6/25/2015 2:00,65.8837822
6/25/2015 3:00,108.0324802
6/25/2015 4:00,50.49660877
6/25/2015 5:00,64.75252355
6/25/2015 6:00,74.73228206
6/25/2015 7:00,23.66304074
6/25/2015 8:00,50.37755987
6/25/2015 9:00,20.35474782
6/25/2015 10:00,200.4485728
6/25/2015 11:00,263.3400242
6/25/2015 12:00,279.9294459
6/25/2015 13:00,225.4080583
6/25/2015 14:00,207.0220918
6/25/2015 15:00,244.5346838
6/25/2015 16:00,254.9401886
6/25/2015 17:00,278.4010084
6/25/2015 18:00,208.7986987
6/25/2015 19:00,236.8914789
6/25/2015 20:00,300.0105008
6/25/2015 21:00,154.6028737
6/25/2015 22:00,109.2597055
6/25/2015 23:00,58.96271644
6/26/2015 0:00,67.91890295
6/26/2015 1:00,86.84119949
6/26/2015 2:00,62.67995044
6/26/2015 3:00,75.23986307
6/26/2015 4:00,83.60672162
6/26/2015 5:00,92.78804125
6/26/2015 6:00,48.79777771
6/26/2015 7:00,75.28912657
6/26/2015 8:00,35.06215816
6/26/2015 9:00,64.85076564
6/26/2015 10:00,89.6307146
6/26/2015 11:00,138.6694036
6/26/2015 12:00,119.6666895
6/26/2015 13:00,258.9824713
6/26/2015 14:00,170.6516406
6/26/2015 15:00,152.1140581
6/26/2015 16:00,155.4251613
6/26/2015 17:00,158.7367577
6/26/2015 18:00,97.09751183
6/26/2015 19:00,315.7467712
6/26/2015 20:00,38.88552427
6/26/2015 21:00,169.0471514
6/26/2015 22:00,92.24030232
6/26/2015 23:00,114.1369485
6/27/2015 0:00,89.82331593
6/27/2015 1:00,109.023023
6/27/2015 2:00,51.62724996
6/27/2015 3:00,100.51777
6/27/2015 4:00,95.70312759
6/27/2015 5:00,55.96705689
6/27/2015 6:00,36.93549008
6/27/2015 7:00,47.24628996
6/27/2015 8:00,55.75103862
6/27/2015 9:00,46.83918136
6/27/2015 10:00,270.8256013
6/27/2015 11:00,279.2029373
6/27/2015 12:00,245.2507302
6/27/2015 13:00,125.1525317
6/27/2015 14:00,117.3797346
6/27/2015 15:00,341.8472787
6/27/2015 16:00,200.904998
6/27/2015 17:00,340.5318778
6/27/2015 18:00,206.8253178
6/27/2015 19:00,339.9498718
6/27/2015 20:00,45.66257695
6/27/2015 21:00,162.6420649
6/27/2015 22:00,107.4915942
6/27/2015 23:00,105.0783874
6/28/2015 0:00,104.7238637
6/28/2015 1:00,85.06960382
6/28/2015 2:00,93.50759764
6/28/2015 3:00,81.58036894
6/28/2015 4:00,86.28653253
6/28/2015 5:00,92.75509518
6/28/2015 6:00,63.37931353
6/28/2015 7:00,28.87084851
6/28/2015 8:00,27.62866929
6/28/2015 9:00,69.86250265
6/28/2015 10:00,97.97202663
6/28/2015 11:00,194.8284822
6/28/2015 12:00,101.3851239
6/28/2015 13:00,307.2421724
6/28/2015 14:00,100.5777094
6/28/2015 15:00,353.384503
6/28/2015 16:00,164.79918
6/28/2015 17:00,118.3860256
6/28/2015 18:00,345.8733713
6/28/2015 19:00,274.6319939
6/28/2015 20:00,28.28169749
6/28/2015 21:00,160.9433233
6/28/2015 22:00,87.19671639
6/28/2015 23:00,50.99513115
6/29/2015 0:00,55.80868599
6/29/2015 1:00,67.48839719
6/29/2015 2:00,69.2909428
6/29/2015 3:00,74.60359934
6/29/2015 4:00,90.43575094
6/29/2015 5:00,58.08611212
6/29/2015 6:00,33.54783289
6/29/2015 7:00,59.15426226
6/29/2015 8:00,24.80573929
6/29/2015 9:00,54.60023678
6/29/2015 10:00,146.5674495
6/29/2015 11:00,172.15734
6/29/2015 12:00,76.26720366
6/29/2015 13:00,316.8048298
6/29/2015 14:00,341.6172261
6/29/2015 15:00,300.6275687
6/29/2015 16:00,297.1606616
6/29/2015 17:00,200.718417
6/29/2015 18:00,170.7174621
6/29/2015 19:00,331.9639486
6/29/2015 20:00,218.6800287
6/29/2015 21:00,7.66199467
6/29/2015 22:00,106.3630204
6/29/2015 23:00,117.2660469
6/30/2015 0:00,54.56254567
6/30/2015 1:00,106.2707082
6/30/2015 2:00,93.20673467
6/30/2015 3:00,95.43588225
6/30/2015 4:00,87.60804185
6/30/2015 5:00,92.19529436
6/30/2015 6:00,55.14698963
6/30/2015 7:00,42.0338188
6/30/2015 8:00,72.81711269
6/30/2015 9:00,47.0602155
6/30/2015 10:00,192.976411
6/30/2015 11:00,54.30720121
6/30/2015 12:00,114.0403762
6/30/2015 13:00,149.8892814
6/30/2015 14:00,354.3690244
6/30/2015 15:00,229.4663342
6/30/2015 16:00,210.8472271
6/30/2015 17:00,308.6903082
6/30/2015 18:00,145.3595303
6/30/2015 19:00,108.1054848
6/30/2015 20:00,113.1045887
6/30/2015 21:00,339.5339927
6/30/2015 22:00,103.7844709
6/30/2015 23:00,61.32290663
7/1/2015 0:00,83.50169881
7/1/2015 1:00,90.45652933
7/1/2015 2:00,103.7129198
7/1/2015 3:00,94.40428304
7/1/2015 4:00,78.41058935
7/1/2015 5:00,94.76142855
7/1/2015 6:00,74.41396464
7/1/2015 7:00,51.64800254
7/1/2015 8:00,64.99873792
7/1/2015 9:00,42.00883471
7/1/2015 10:00,222.2707462
7/1/2015 11:00,271.1487266
7/1/2015 12:00,63.66671203
7/1/2015 13:00,119.4668731
7/1/2015 14:00,134.1075058
7/1/2015 15:00,168.4363919
7/1/2015 16:00,171.8705279
7/1/2015 17:00,326.5188597
7/1/2015 18:00,346.7451832
7/1/2015 19:00,354.0444108
7/1/2015 20:00,258.7497367
7/1/2015 21:00,100.2938028
7/1/2015 22:00,52.15583684
7/1/2015 23:00,88.9504196
7/2/2015 0:00,67.2536634
7/2/2015 1:00,93.4337476
7/2/2015 2:00,74.39099072
7/2/2015 3:00,70.57462817
7/2/2015 4:00,88.98208664
7/2/2015 5:00,99.54185977
7/2/2015 6:00,24.42048663
7/2/2015 7:00,74.74079146
7/2/2015 8:00,51.23204618
7/2/2015 9:00,56.0185804
7/2/2015 10:00,97.98612827
7/2/2015 11:00,77.93483299
7/2/2015 12:00,239.007963
7/2/2015 13:00,322.0883412
7/2/2015 14:00,183.0683891
7/2/2015 15:00,261.9848072
7/2/2015 16:00,233.9051709
7/2/2015 17:00,200.0087527
7/2/2015 18:00,336.9097671
7/2/2015 19:00,325.6270771
7/2/2015 20:00,122.7146032
7/2/2015 21:00,294.094183
7/2/2015 22:00,51.93813399
7/2/2015 23:00,65.16095238
7/3/2015 0:00,97.20081862
7/3/2015 1:00,66.2248443
7/3/2015 2:00,111.2147689
7/3/2015 3:00,91.3218997
7/3/2015 4:00,97.8075085
7/3/2015 5:00,114.8678965
7/3/2015 6:00,20.28609197
7/3/2015 7:00,45.21935716
7/3/2015 8:00,54.23573112
7/3/2015 9:00,44.52492413
7/3/2015 10:00,255.4855291
7/3/2015 11:00,66.59920645
7/3/2015 12:00,113.6090468
7/3/2015 13:00,185.8524585
7/3/2015 14:00,175.2874011
7/3/2015 15:00,222.5831727
7/3/2015 16:00,164.5132757
7/3/2015 17:00,231.4694863
7/3/2015 18:00,229.0412254
7/3/2015 19:00,19.35469213
7/3/2015 20:00,112.7131474
7/3/2015 21:00,351.0821453
7/3/2015 22:00,91.30178893
7/3/2015 23:00,58.8029507
7/4/2015 0:00,65.03498723
7/4/2015 1:00,57.38092759
7/4/2015 2:00,77.63074499
7/4/2015 3:00,110.9509807
7/4/2015 4:00,84.58467802
7/4/2015 5:00,63.4691273
7/4/2015 6:00,49.12050277
7/4/2015 7:00,35.44641888
7/4/2015 8:00,40.30686021
7/4/2015 9:00,41.29601754
7/4/2015 10:00,233.2453463
7/4/2015 11:00,198.0344183
7/4/2015 12:00,58.79296628
7/4/2015 13:00,156.1674438
7/4/2015 14:00,204.5345306
7/4/2015 15:00,208.0316379
7/4/2015 16:00,226.5968856
7/4/2015 17:00,98.41716182
7/4/2015 18:00,274.0757854
7/4/2015 19:00,203.4039746
7/4/2015 20:00,63.98636168
7/4/2015 21:00,33.65785269
7/4/2015 22:00,52.69308166
7/4/2015 23:00,64.51775532
7/5/2015 0:00,75.93580069
7/5/2015 1:00,90.18265725
7/5/2015 2:00,66.40691559
7/5/2015 3:00,105.6910625
7/5/2015 4:00,86.13710402
7/5/2015 5:00,61.124727
7/5/2015 6:00,59.10276508
7/5/2015 7:00,79.73450059
7/5/2015 8:00,27.39058808
7/5/2015 9:00,69.84453731
7/5/2015 10:00,197.184721
7/5/2015 11:00,134.8852073
7/5/2015 12:00,315.1069533
7/5/2015 13:00,162.2768905
7/5/2015 14:00,325.4914105
7/5/2015 15:00,175.9820155
7/5/2015 16:00,252.3176683
7/5/2015 17:00,182.3219622
7/5/2015 18:00,324.5985943
7/5/2015 19:00,63.94904163
7/5/2015 20:00,338.6386842
7/5/2015 21:00,250.8628371
7/5/2015 22:00,91.57491458
7/5/2015 23:00,76.7193545
7/6/2015 0:00,53.63084877
7/6/2015 1:00,71.21557531
7/6/2015 2:00,107.3080138
7/6/2015 3:00,99.64112683
7/6/2015 4:00,87.14451271
7/6/2015 5:00,91.51657023
7/6/2015 6:00,21.6894037
7/6/2015 7:00,54.45045732
7/6/2015 8:00,31.84349978
7/6/2015 9:00,42.56084093
7/6/2015 10:00,104.0033381
7/6/2015 11:00,123.8804109
7/6/2015 12:00,232.808497
7/6/2015 13:00,326.6619369
7/6/2015 14:00,96.63766747
7/6/2015 15:00,140.0979069
7/6/2015 16:00,184.0435655
7/6/2015 17:00,194.0030039
7/6/2015 18:00,354.3122686
7/6/2015 19:00,82.88591354
7/6/2015 20:00,226.7031171
7/6/2015 21:00,48.40554176
7/6/2015 22:00,114.0125487
7/6/2015 23:00,66.62858603
7/7/2015 0:00,108.2329062
7/7/2015 1:00,71.80127845
7/7/2015 2:00,75.80774443
7/7/2015 3:00,95.80640531
7/7/2015 4:00,75.89770304
7/7/2015 5:00,92.85256619
7/7/2015 6:00,45.87405081
7/7/2015 7:00,50.90427724
7/7/2015 8:00,63.2066859
7/7/2015 9:00,20.25942078
7/7/2015 10:00,91.97825711
7/7/2015 11:00,120.9777024
7/7/2015 12:00,84.72886231
7/7/2015 13:00,96.96855222
7/7/2015 14:00,156.0316303
7/7/2015 15:00,230.1958826
7/7/2015 16:00,253.3526173
7/7/2015 17:00,350.0573403
7/7/2015 18:00,209.429982
7/7/2015 19:00,136.288526
7/7/2015 20:00,183.1931189
7/7/2015 21:00,268.6399117
7/7/2015 22:00,61.82786935
7/7/2015 23:00,87.00630362
7/8/2015 0:00,101.5397711
7/8/2015 1:00,70.01005925
7/8/2015 2:00,71.12120642
7/8/2015 3:00,52.95903406
7/8/2015 4:00,109.8266784
7/8/2015 5:00,51.23395147
7/8/2015 6:00,24.35777817
7/8/2015 7:00,55.19153097
7/8/2015 8:00,20.97209428
7/8/2015 9:00,47.03809069
7/8/2015 10:00,180.0995265
7/8/2015 11:00,144.9772285
7/8/2015 12:00,274.2882543
7/8/2015 13:00,298.3661724
7/8/2015 14:00,236.5182074
7/8/2015 15:00,347.3856246
7/8/2015 16:00,330.5964004
7/8/2015 17:00,327.3631199
7/8/2015 18:00,167.3379713
7/8/2015 19:00,67.58781153
7/8/2015 20:00,199.9409167
7/8/2015 21:00,214.3296045
7/8/2015 22:00,67.95216909
7/8/2015 23:00,75.7347003
7/9/2015 0:00,57.18480694
7/9/2015 1:00,68.45830893
7/9/2015 2:00,63.5525727
7/9/2015 3:00,66.6289367
7/9/2015 4:00,76.79070483
7/9/2015 5:00,66.02247942
7/9/2015 6:00,78.82879912
7/9/2015 7:00,47.6001546
7/9/2015 8:00,26.52057827
7/9/2015 9:00,55.52665671
7/9/2015 10:00,69.81540606
7/9/2015 11:00,231.7458112
7/9/2015 12:00,140.0873091
7/9/2015 13:00,221.225621
7/9/2015 14:00,107.8049641
7/9/2015 15:00,116.0920095
7/9/2015 16:00,312.5298756
7/9/2015 17:00,301.4587969
7/9/2015 18:00,151.7862566
7/9/2015 19:00,105.4564413
7/9/2015 20:00,263.2092166
7/9/2015 21:00,16.49234958
7/9/2015 22:00,103.2632847
7/9/2015 23:00,59.10796978
7/10/2015 0:00,92.19191362
7/10/2015 1:00,84.08300703
7/10/2015 2:00,64.14359638
7/10/2015 3:00,70.42333106
7/10/2015 4:00,84.64461054
7/10/2015 5:00,58.20268827
7/10/2015 6:00,75.82880233
7/10/2015 7:00,39.48052553
7/10/2015 8:00,65.35468025
7/10/2015 9:00,25.98443811
7/10/2015 10:00,68.93591434
7/10/2015 11:00,237.8883397
7/10/2015 12:00,63.76768708
7/10/2015 13:00,344.1662332
7/10/2015 14:00,222.8034743
7/10/2015 15:00,119.020174
7/10/2015 16:00,232.8305852
7/10/2015 17:00,114.5878836
7/10/2015 18:00,209.3962621
7/10/2015 19:00,280.633053
7/10/2015 20:00,310.1467652
7/10/2015 21:00,16.080717
7/10/2015 22:00,110.6682221
7/10/2015 23:00,105.576625
7/11/2015 0:00,116.2822855
7/11/2015 1:00,109.6251781
7/11/2015 2:00,109.6870476
7/11/2015 3:00,112.5386683
7/11/2015 4:00,80.42137454
7/11/2015 5:00,75.24928979
7/11/2015 6:00,50.91883525
7/11/2015 7:00,23.83555731
7/11/2015 8:00,36.48129113
7/11/2015 9:00,35.3584862
7/11/2015 10:00,126.2838193
7/11/2015 11:00,131.3725034
7/11/2015 12:00,196.3982015
7/11/2015 13:00,153.7140927
7/11/2015 14:00,356.3845308
7/11/2015 15:00,182.7482747
7/11/2015 16:00,306.5039303
7/11/2015 17:00,136.4589397
7/11/2015 18:00,340.3831596
7/11/2015 19:00,237.5308017
7/11/2015 20:00,69.12899961
7/11/2015 21:00,96.53472122
7/11/2015 22:00,102.3168252
7/11/2015 23:00,116.765465
7/12/2015 0:00,96.26378354
7/12/2015 1:00,89.88476459
7/12/2015 2:00,57.02067862
7/12/2015 3:00,118.8702961
7/12/2015 4:00,67.25078556
7/12/2015 5:00,109.9051197
7/12/2015 6:00,46.80595006
7/12/2015 7:00,32.95305564
7/12/2015 8:00,56.22719116
7/12/2015 9:00,71.58968243
7/12/2015 10:00,167.3950649
7/12/2015 11:00,213.861659
7/12/2015 12:00,245.7221417
7/12/2015 13:00,97.44763914
7/12/2015 14:00,145.1704973
7/12/2015 15:00,156.2409707
7/12/2015 16:00,299.6043581
7/12/2015 17:00,237.5338215
7/12/2015 18:00,253.0996588
7/12/2015 19:00,275.4056719
7/12/2015 20:00,298.9137559
7/12/2015 21:00,138.64186
7/12/2015 22:00,81.16732596
7/12/2015 23:00,76.22941836
7/13/2015 0:00,63.10078969
7/13/2015 1:00,71.78623918
7/13/2015 2:00,85.59829905
7/13/2015 3:00,81.98267783
7/13/2015 4:00,74.63486201
7/13/2015 5:00,77.99987733
7/13/2015 6:00,77.49841985
7/13/2015 7:00,59.34243202
7/13/2015 8:00,52.71423819
7/13/2015 9:00,26.97280455
7/13/2015 10:00,315.9566155
7/13/2015 11:00,192.6365219
7/13/2015 12:00,55.09087641
7/13/2015 13:00,297.5543663
7/13/2015 14:00,117.8477588
7/13/2015 15:00,260.4456284
7/13/2015 16:00,209.7159393
7/13/2015 17:00,264.9567975
7/13/2015 18:00,269.7165859
7/13/2015 19:00,30.88930245
7/13/2015 20:00,263.0804063
7/13/2015 21:00,242.5992209
7/13/2015 22:00,63.33505384
7/13/2015 23:00,87.41549652
7/14/2015 0:00,72.73396009
7/14/2015 1:00,71.15911965
7/14/2015 2:00,104.3338784
7/14/2015 3:00,59.92864603
7/14/2015 4:00,115.5203274
7/14/2015 5:00,97.15579653
7/14/2015 6:00,22.00019288
7/14/2015 7:00,57.30880482
7/14/2015 8:00,57.68370956
7/14/2015 9:00,72.61299036
7/14/2015 10:00,185.1929617
7/14/2015 11:00,136.778998
7/14/2015 12:00,242.2390025
7/14/2015 13:00,226.8555778
7/14/2015 14:00,310.3157032
7/14/2015 15:00,126.369349
7/14/2015 16:00,105.4696157
7/14/2015 17:00,272.3277385
7/14/2015 18:00,254.8347544
7/14/2015 19:00,31.6791146
7/14/2015 20:00,39.28452768
7/14/2015 21:00,247.4903792
7/14/2015 22:00,81.53844065
7/14/2015 23:00,97.31040867
7/15/2015 0:00,81.12952551
7/15/2015 1:00,58.2600688
7/15/2015 2:00,70.86083909
7/15/2015 3:00,77.14592478
7/15/2015 4:00,66.7476946
7/15/2015 5:00,65.49142282
7/15/2015 6:00,61.42251553
7/15/2015 7:00,23.61999107
7/15/2015 8:00,35.98444638
7/15/2015 9:00,70.49654607
7/15/2015 10:00,191.856425
7/15/2015 11:00,83.85124398
7/15/2015 12:00,246.5607755
7/15/2015 13:00,329.1329156
7/15/2015 14:00,328.5836808
7/15/2015 15:00,171.1551582
7/15/2015 16:00,346.3937752
7/15/2015 17:00,145.0269163
7/15/2015 18:00,204.6313812
7/15/2015 19:00,315.8613408
7/15/2015 20:00,340.2235375
7/15/2015 21:00,320.8890292
7/15/2015 22:00,105.3919549
7/15/2015 23:00,91.83164171
7/16/2015 0:00,66.71475632
7/16/2015 1:00,109.1803859
7/16/2015 2:00,69.97329063
7/16/2015 3:00,103.0712498
7/16/2015 4:00,57.83391037
7/16/2015 5:00,52.06664609
7/16/2015 6:00,45.4116617
7/16/2015 7:00,49.83206226
7/16/2015 8:00,47.98260399
7/16/2015 9:00,72.61385879
7/16/2015 10:00,159.4620869
7/16/2015 11:00,61.27334148
7/16/2015 12:00,194.0674398
7/16/2015 13:00,296.4980766
7/16/2015 14:00,121.7505839
7/16/2015 15:00,347.5697248
7/16/2015 16:00,351.5260428
7/16/2015 17:00,93.94529611
7/16/2015 18:00,320.4324309
7/16/2015 19:00,122.0683728
7/16/2015 20:00,246.6998353
7/16/2015 21:00,300.0838396
7/16/2015 22:00,105.4654324
7/16/2015 23:00,115.175038
7/17/2015 0:00,66.53596405
7/17/2015 1:00,95.55720038
7/17/2015 2:00,53.8178518
7/17/2015 3:00,84.72170159
7/17/2015 4:00,70.65506493
7/17/2015 5:00,59.43600735
7/17/2015 6:00,64.66823087
7/17/2015 7:00,22.27958008
7/17/2015 8:00,64.9471785
7/17/2015 9:00,78.32252042
7/17/2015 10:00,117.6362137
7/17/2015 11:00,276.3680627
7/17/2015 12:00,110.3980771
7/17/2015 13:00,168.3255634
7/17/2015 14:00,297.37797
7/17/2015 15:00,356.2024512
7/17/2015 16:00,227.6828847
7/17/2015 17:00,166.7009489
7/17/2015 18:00,338.7672977
7/17/2015 19:00,216.5278258
7/17/2015 20:00,352.9759791
7/17/2015 21:00,217.764138
7/17/2015 22:00,115.9472241
7/17/2015 23:00,102.7046834
7/18/2015 0:00,109.696571
7/18/2015 1:00,108.5726707
7/18/2015 2:00,104.8443272
7/18/2015 3:00,85.46090158
7/18/2015 4:00,88.78271391
7/18/2015 5:00,98.49523521
7/18/2015 6:00,45.2325015
7/18/2015 7:00,26.85175699
7/18/2015 8:00,28.45222417
7/18/2015 9:00,49.53318875
7/18/2015 10:00,190.9083996
7/18/2015 11:00,87.67305107
7/18/2015 12:00,116.1546593
7/18/2015 13:00,310.4626354
7/18/2015 14:00,155.2579898
7/18/2015 15:00,121.9724703
7/18/2015 16:00,136.0706538
7/18/2015 17:00,193.576456
7/18/2015 18:00,244.9105175
7/18/2015 19:00,344.3594084
7/18/2015 20:00,220.7163475
7/18/2015 21:00,109.2256731
7/18/2015 22:00,116.7988538
7/18/2015 23:00,111.3857757
7/19/2015 0:00,90.35548708
7/19/2015 1:00,56.88906957
7/19/2015 2:00,65.63812131
7/19/2015 3:00,67.90558909
7/19/2015 4:00,113.8182747
7/19/2015 5:00,103.244585
7/19/2015 6:00,61.20182637
7/19/2015 7:00,69.27490733
7/19/2015 8:00,43.01133101
7/19/2015 9:00,46.20489977
7/19/2015 10:00,264.026716
7/19/2015 11:00,155.9333057
7/19/2015 12:00,228.4750647
7/19/2015 13:00,113.9453541
7/19/2015 14:00,257.0289006
7/19/2015 15:00,101.7769223
7/19/2015 16:00,212.308301
7/19/2015 17:00,238.7066062
7/19/2015 18:00,218.3307326
7/19/2015 19:00,181.0054164
7/19/2015 20:00,173.3619625
7/19/2015 21:00,171.3397468
7/19/2015 22:00,63.87137353
7/19/2015 23:00,82.04524848
7/20/2015 0:00,103.3061766
7/20/2015 1:00,100.6357497
7/20/2015 2:00,78.48795439
7/20/2015 3:00,68.56990582
7/20/2015 4:00,78.50716191
7/20/2015 5:00,87.80058052
7/20/2015 6:00,42.10218347
7/20/2015 7:00,44.35848748
7/20/2015 8:00,65.868101
7/20/2015 9:00,25.08205569
7/20/2015 10:00,152.5537755
7/20/2015 11:00,251.8472324
7/20/2015 12:00,259.0136623
7/20/2015 13:00,316.1404412
7/20/2015 14:00,112.6581205
7/20/2015 15:00,274.0243535
7/20/2015 16:00,329.121524
7/20/2015 17:00,217.9013167
7/20/2015 18:00,238.481511
7/20/2015 19:00,180.5023113
7/20/2015 20:00,189.8655856
7/20/2015 21:00,122.8554009
7/20/2015 22:00,107.9248878
7/20/2015 23:00,99.16580969
7/21/2015 0:00,102.971162
7/21/2015 1:00,114.4687931
7/21/2015 2:00,55.433617
7/21/2015 3:00,117.7762499
7/21/2015 4:00,114.2823517
7/21/2015 5:00,51.38246564
7/21/2015 6:00,49.34612071
7/21/2015 7:00,49.5927143
7/21/2015 8:00,41.14132532
7/21/2015 9:00,46.57576825
7/21/2015 10:00,144.8867522
7/21/2015 11:00,166.2291655
7/21/2015 12:00,105.8887912
7/21/2015 13:00,135.3477776
7/21/2015 14:00,294.8067527
7/21/2015 15:00,347.9796731
7/21/2015 16:00,210.3245104
7/21/2015 17:00,96.90535318
7/21/2015 18:00,286.5823128
7/21/2015 19:00,192.5568799
7/21/2015 20:00,140.2201296
7/21/2015 21:00,331.4782729
7/21/2015 22:00,77.65358919
7/21/2015 23:00,94.51907077
7/22/2015 0:00,51.78378532
7/22/2015 1:00,99.10988161
7/22/2015 2:00,72.15477576
7/22/2015 3:00,104.7791527
7/22/2015 4:00,109.364644
7/22/2015 5:00,91.99021898
7/22/2015 6:00,71.21073849
7/22/2015 7:00,32.57506851
7/22/2015 8:00,45.32268542
7/22/2015 9:00,39.53453578
7/22/2015 10:00,260.7690027
7/22/2015 11:00,312.8181163
7/22/2015 12:00,102.2122734
7/22/2015 13:00,189.0472915
7/22/2015 14:00,210.9669255
7/22/2015 15:00,272.9883762
7/22/2015 16:00,339.1920975
7/22/2015 17:00,336.8068913
7/22/2015 18:00,138.4411538
7/22/2015 19:00,187.0269385
7/22/2015 20:00,9.745750372
7/22/2015 21:00,113.1134793
7/22/2015 22:00,109.6155451
7/22/2015 23:00,88.84855401
7/23/2015 0:00,56.67028052
7/23/2015 1:00,56.1780171
7/23/2015 2:00,73.97430694
7/23/2015 3:00,115.3073607
7/23/2015 4:00,97.74283244
7/23/2015 5:00,80.27437883
7/23/2015 6:00,75.12312817
7/23/2015 7:00,22.15994891
7/23/2015 8:00,58.35224475
7/23/2015 9:00,59.89023387
7/23/2015 10:00,178.333102
7/23/2015 11:00,305.5149379
7/23/2015 12:00,82.78650774
7/23/2015 13:00,116.9096248
7/23/2015 14:00,266.2886067
7/23/2015 15:00,290.7094218
7/23/2015 16:00,358.085372
7/23/2015 17:00,326.2171081
7/23/2015 18:00,179.3197754
7/23/2015 19:00,320.144956
7/23/2015 20:00,344.2782121
7/23/2015 21:00,218.2094583
7/23/2015 22:00,59.46540478
7/23/2015 23:00,65.25554427
7/24/2015 0:00,116.9546788
7/24/2015 1:00,117.0190257
7/24/2015 2:00,92.02924589
7/24/2015 3:00,80.72563252
7/24/2015 4:00,116.6007988
7/24/2015 5:00,94.92870442
7/24/2015 6:00,62.05573821
7/24/2015 7:00,39.5186145
7/24/2015 8:00,40.13450834
7/24/2015 9:00,37.91218549
7/24/2015 10:00,81.03891364
7/24/2015 11:00,281.6780688
7/24/2015 12:00,301.5831322
7/24/2015 13:00,355.2472519
7/24/2015 14:00,250.3300976
7/24/2015 15:00,223.0018168
7/24/2015 16:00,349.6149811
7/24/2015 17:00,113.7617857
7/24/2015 18:00,108.4668986
7/24/2015 19:00,212.6109201
7/24/2015 20:00,66.56023675
7/24/2015 21:00,153.4545782
7/24/2015 22:00,61.94262185
7/24/2015 23:00,51.07555445
7/25/2015 0:00,63.4795447
7/25/2015 1:00,92.00753029
7/25/2015 2:00,99.73448655
7/25/2015 3:00,100.3464687
7/25/2015 4:00,69.18230579
7/25/2015 5:00,86.89028812
7/25/2015 6:00,33.53483411
7/25/2015 7:00,54.84328874
7/25/2015 8:00,70.55397702
7/25/2015 9:00,72.29319214
7/25/2015 10:00,54.80961496
7/25/2015 11:00,63.35417806
7/25/2015 12:00,271.6880766
7/25/2015 13:00,190.7399474
7/25/2015 14:00,319.2932505
7/25/2015 15:00,131.464468
7/25/2015 16:00,133.2087585
7/25/2015 17:00,199.4635984
7/25/2015 18:00,180.346908
7/25/2015 19:00,193.3980137
7/25/2015 20:00,251.5139536
7/25/2015 21:00,342.1701996
7/25/2015 22:00,116.598747
7/25/2015 23:00,71.28723227
7/26/2015 0:00,80.81442885
7/26/2015 1:00,67.6510431
7/26/2015 2:00,113.9762125
7/26/2015 3:00,84.82364808
7/26/2015 4:00,59.36079336
7/26/2015 5:00,77.32253108
7/26/2015 6:00,32.06932084
7/26/2015 7:00,49.04934678
7/26/2015 8:00,25.86946989
7/26/2015 9:00,30.24760835
7/26/2015 10:00,300.4898157
7/26/2015 11:00,292.5728079
7/26/2015 12:00,229.7049526
7/26/2015 13:00,225.0698656
7/26/2015 14:00,124.8804703
7/26/2015 15:00,333.8544772
7/26/2015 16:00,277.6733479
7/26/2015 17:00,157.396064
7/26/2015 18:00,183.1702861
7/26/2015 19:00,240.2662598
7/26/2015 20:00,248.4459448
7/26/2015 21:00,154.4850424
7/26/2015 22:00,118.612359
7/26/2015 23:00,92.91082972
7/27/2015 0:00,50.86764081
7/27/2015 1:00,115.1091329
7/27/2015 2:00,115.8582074
7/27/2015 3:00,67.76049892
7/27/2015 4:00,106.9361996
7/27/2015 5:00,55.13119922
7/27/2015 6:00,44.69753417
7/27/2015 7:00,59.54556311
7/27/2015 8:00,58.12346313
7/27/2015 9:00,34.89278719
7/27/2015 10:00,317.7828946
7/27/2015 11:00,302.0772213
7/27/2015 12:00,284.4103489
7/27/2015 13:00,133.8485728
7/27/2015 14:00,321.7438364
7/27/2015 15:00,146.4601809
7/27/2015 16:00,354.8691396
7/27/2015 17:00,189.356162
7/27/2015 18:00,173.2505395
7/27/2015 19:00,198.9457016
7/27/2015 20:00,215.5699357
7/27/2015 21:00,142.114021
7/27/2015 22:00,65.31282308
7/27/2015 23:00,67.94055525
7/28/2015 0:00,91.652362
7/28/2015 1:00,115.1043065
7/28/2015 2:00,95.03759322
7/28/2015 3:00,86.29715576
7/28/2015 4:00,66.8404845
7/28/2015 5:00,91.16418692
7/28/2015 6:00,21.62064607
7/28/2015 7:00,61.65792395
7/28/2015 8:00,47.74214221
7/28/2015 9:00,28.28519595
7/28/2015 10:00,182.459924
7/28/2015 11:00,118.8014704
7/28/2015 12:00,94.16188134
7/28/2015 13:00,349.6825119
7/28/2015 14:00,188.1851705
7/28/2015 15:00,181.0934646
7/28/2015 16:00,342.7595236
7/28/2015 17:00,237.5384403
7/28/2015 18:00,358.3230636
7/28/2015 19:00,159.6213727
7/28/2015 20:00,269.4424765
7/28/2015 21:00,91.96875039
7/28/2015 22:00,69.00964713
7/28/2015 23:00,101.5126343
7/29/2015 0:00,67.25430953
7/29/2015 1:00,94.54091667
7/29/2015 2:00,117.4460054
7/29/2015 3:00,69.1366849
7/29/2015 4:00,88.94557393
7/29/2015 5:00,78.9454155
7/29/2015 6:00,63.05655466
7/29/2015 7:00,78.39802266
7/29/2015 8:00,72.51996721
7/29/2015 9:00,79.22392998
7/29/2015 10:00,240.0293597
7/29/2015 11:00,265.9021084
7/29/2015 12:00,319.5345778
7/29/2015 13:00,258.4222894
7/29/2015 14:00,301.5812436
7/29/2015 15:00,251.9951393
7/29/2015 16:00,210.1136389
7/29/2015 17:00,338.9492409
7/29/2015 18:00,234.9752647
7/29/2015 19:00,43.22427798
7/29/2015 20:00,338.2101747
7/29/2015 21:00,231.1649411
7/29/2015 22:00,50.58788614
7/29/2015 23:00,51.24161859
7/30/2015 0:00,75.23956693
7/30/2015 1:00,52.0182385
7/30/2015 2:00,112.2663766
7/30/2015 3:00,117.7627366
7/30/2015 4:00,111.4350357
7/30/2015 5:00,114.0260309
7/30/2015 6:00,73.37638362
7/30/2015 7:00,73.34867175
7/30/2015 8:00,52.64747271
7/30/2015 9:00,63.8334229
7/30/2015 10:00,124.4217264
7/30/2015 11:00,231.3683255
7/30/2015 12:00,185.0730037
7/30/2015 13:00,250.5201112
7/30/2015 14:00,94.05087607
7/30/2015 15:00,301.4230651
7/30/2015 16:00,278.1824384
7/30/2015 17:00,206.5423294
7/30/2015 18:00,289.9366904
7/30/2015 19:00,146.779167
7/30/2015 20:00,131.0406392
7/30/2015 21:00,234.1072095
7/30/2015 22:00,103.2441675
7/30/2015 23:00,92.55251032
7/31/2015 0:00,50.22369424
7/31/2015 1:00,95.04467173
7/31/2015 2:00,84.93284119
7/31/2015 3:00,78.43460637
7/31/2015 4:00,56.46775232
7/31/2015 5:00,76.50045299
7/31/2015 6:00,39.59598507
7/31/2015 7:00,28.37622431
7/31/2015 8:00,67.45321738
7/31/2015 9:00,50.27808726
7/31/2015 10:00,179.8427069
7/31/2015 11:00,133.4041329
7/31/2015 12:00,268.9009207
7/31/2015 13:00,277.5518004
7/31/2015 14:00,257.9618575
7/31/2015 15:00,310.6363577
7/31/2015 16:00,255.1146124
7/31/2015 17:00,181.9522119
7/31/2015 18:00,192.6218295
7/31/2015 19:00,246.8389249
7/31/2015 20:00,326.48519
7/31/2015 21:00,273.7617367
7/31/2015 22:00,88.38624416
7/31/2015 23:00,57.58910081
8/1/2015 0:00,99.28826395
8/1/2015 1:00,64.69817261
8/1/2015 2:00,87.87189878
8/1/2015 3:00,106.8909532
8/1/2015 4:00,67.59417246
8/1/2015 5:00,103.8536151
8/1/2015 6:00,30.40843267
8/1/2015 7:00,42.13068982
8/1/2015 8:00,40.68236998
8/1/2015 9:00,31.89584532
8/1/2015 10:00,76.04072698
8/1/2015 11:00,89.49997683
8/1/2015 12:00,160.5643142
8/1/2015 13:00,124.7819144
8/1/2015 14:00,319.3648258
8/1/2015 15:00,270.34331
8/1/2015 16:00,202.0180165
8/1/2015 17:00,354.483924
8/1/2015 18:00,145.989077
8/1/2015 19:00,350.7137657
8/1/2015 20:00,8.485218936
8/1/2015 21:00,234.9954498
8/1/2015 22:00,88.6712314
8/1/2015 23:00,84.79878431
8/2/2015 0:00,79.11680085
8/2/2015 1:00,89.55476601
8/2/2015 2:00,59.88659826
8/2/2015 3:00,64.02228496
8/2/2015 4:00,113.1933929
8/2/2015 5:00,89.67993343
8/2/2015 6:00,35.78486949
8/2/2015 7:00,57.01030286
8/2/2015 8:00,43.70155576
8/2/2015 9:00,34.64863803
8/2/2015 10:00,193.7447421
8/2/2015 11:00,164.0485747
8/2/2015 12:00,276.796548
8/2/2015 13:00,136.9957441
8/2/2015 14:00,202.7397433
8/2/2015 15:00,207.4203415
8/2/2015 16:00,211.1627822
8/2/2015 17:00,353.0219908
8/2/2015 18:00,161.8843918
8/2/2015 19:00,203.3197034
8/2/2015 20:00,135.8310173
8/2/2015 21:00,260.0610107
8/2/2015 22:00,115.0899246
8/2/2015 23:00,103.5553325
8/3/2015 0:00,68.61346485
8/3/2015 1:00,62.5127939
8/3/2015 2:00,100.236235
8/3/2015 3:00,65.77406511
8/3/2015 4:00,63.19562838
8/3/2015 5:00,81.00136975
8/3/2015 6:00,33.97774583
8/3/2015 7:00,27.33870808
8/3/2015 8:00,52.46870798
8/3/2015 9:00,77.1528666
8/3/2015 10:00,129.2738036
8/3/2015 11:00,271.8072526
8/3/2015 12:00,59.45293351
8/3/2015 13:00,287.2128386
8/3/2015 14:00,341.518172
8/3/2015 15:00,316.7446883
8/3/2015 16:00,350.9862507
8/3/2015 17:00,301.3362466
8/3/2015 18:00,251.9590449
8/3/2015 19:00,99.19053389
8/3/2015 20:00,243.0915592
8/3/2015 21:00,159.1334258
8/3/2015 22:00,59.91443006
8/3/2015 23:00,65.05550667
8/4/2015 0:00,83.12076952
8/4/2015 1:00,91.37533068
8/4/2015 2:00,72.10462957
8/4/2015 3:00,78.77919869
8/4/2015 4:00,86.83599503
8/4/2015 5:00,56.25768096
8/4/2015 6:00,79.75920127
8/4/2015 7:00,79.26287492
8/4/2015 8:00,73.20700218
8/4/2015 9:00,29.82477061
8/4/2015 10:00,174.5790713
8/4/2015 11:00,283.2013164
8/4/2015 12:00,180.592709
8/4/2015 13:00,118.1823977
8/4/2015 14:00,92.76525462
8/4/2015 15:00,334.3539638
8/4/2015 16:00,151.0502503
8/4/2015 17:00,152.4518768
8/4/2015 18:00,252.0781906
8/4/2015 19:00,277.2242914
8/4/2015 20:00,93.54135071
8/4/2015 21:00,150.1433813
8/4/2015 22:00,86.36523108
8/4/2015 23:00,94.34843417
8/5/2015 0:00,81.12177991
8/5/2015 1:00,96.70194398
8/5/2015 2:00,65.78360155
8/5/2015 3:00,67.56049002
8/5/2015 4:00,52.15583905
8/5/2015 5:00,109.723493
8/5/2015 6:00,70.68546401
8/5/2015 7:00,75.46870825
8/5/2015 8:00,34.06730967
8/5/2015 9:00,75.41094544
8/5/2015 10:00,131.0902558
8/5/2015 11:00,195.5821042
8/5/2015 12:00,129.6976903
8/5/2015 13:00,260.6473562
8/5/2015 14:00,99.5028705
8/5/2015 15:00,287.5125804
8/5/2015 16:00,163.9062509
8/5/2015 17:00,301.9156333
8/5/2015 18:00,150.3828043
8/5/2015 19:00,295.0634714
8/5/2015 20:00,244.1590504
8/5/2015 21:00,195.473827
8/5/2015 22:00,76.77854965
8/5/2015 23:00,73.21814375
8/6/2015 0:00,112.4680084
8/6/2015 1:00,110.7021712
8/6/2015 2:00,78.97242179
8/6/2015 3:00,108.0936469
8/6/2015 4:00,78.80887563
8/6/2015 5:00,81.73160782
8/6/2015 6:00,48.46513702
8/6/2015 7:00,78.56025059
8/6/2015 8:00,26.5248237
8/6/2015 9:00,62.54928351
8/6/2015 10:00,124.2760677
8/6/2015 11:00,264.0445409
8/6/2015 12:00,280.4185149
8/6/2015 13:00,223.7360632
8/6/2015 14:00,154.5036817
8/6/2015 15:00,271.5781384
8/6/2015 16:00,173.2923422
8/6/2015 17:00,112.9009173
8/6/2015 18:00,284.8422794
8/6/2015 19:00,190.799833
8/6/2015 20:00,153.355606
8/6/2015 21:00,185.0935685
8/6/2015 22:00,93.78855147
8/6/2015 23:00,102.5088985
8/7/2015 0:00,97.86506607
8/7/2015 1:00,50.87092124
8/7/2015 2:00,107.013335
8/7/2015 3:00,61.18585911
8/7/2015 4:00,108.6272856
8/7/2015 5:00,94.35736116
8/7/2015 6:00,73.79601629
8/7/2015 7:00,54.93907046
8/7/2015 8:00,46.58234735
8/7/2015 9:00,58.23895456
8/7/2015 10:00,160.6594205
8/7/2015 11:00,206.8098641
8/7/2015 12:00,183.3884219
8/7/2015 13:00,178.3774039
8/7/2015 14:00,265.4535212
8/7/2015 15:00,117.5371796
8/7/2015 16:00,291.5486879
8/7/2015 17:00,214.9437417
8/7/2015 18:00,95.07628954
8/7/2015 19:00,182.8535365
8/7/2015 20:00,290.189746
8/7/2015 21:00,61.73621781
8/7/2015 22:00,59.0674831
8/7/2015 23:00,115.8944139
8/8/2015 0:00,64.82101806
8/8/2015 1:00,87.95080343
8/8/2015 2:00,110.68466
8/8/2015 3:00,77.2589992
8/8/2015 4:00,50.51764671
8/8/2015 5:00,95.78542374
8/8/2015 6:00,69.572558
8/8/2015 7:00,21.13463953
8/8/2015 8:00,52.67847774
8/8/2015 9:00,40.13675534
8/8/2015 10:00,180.6410645
8/8/2015 11:00,101.7543375
8/8/2015 12:00,95.85382885
8/8/2015 13:00,160.3619432
8/8/2015 14:00,271.7405978
8/8/2015 15:00,321.7033335
8/8/2015 16:00,297.2815985
8/8/2015 17:00,133.8125201
8/8/2015 18:00,317.8138872
8/8/2015 19:00,167.1344341
8/8/2015 20:00,179.2384382
8/8/2015 21:00,212.7611863
8/8/2015 22:00,56.68959366
8/8/2015 23:00,109.1001753
8/9/2015 0:00,61.86077356
8/9/2015 1:00,115.7498707
8/9/2015 2:00,80.12565432
8/9/2015 3:00,85.54367399
8/9/2015 4:00,61.9160213
8/9/2015 5:00,99.04043876
8/9/2015 6:00,58.06335105
8/9/2015 7:00,70.64587037
8/9/2015 8:00,60.17425567
8/9/2015 9:00,77.1405407
8/9/2015 10:00,167.0743139
8/9/2015 11:00,250.6786845
8/9/2015 12:00,103.4413115
8/9/2015 13:00,215.6340772
8/9/2015 14:00,297.1713172
8/9/2015 15:00,225.0719765
8/9/2015 16:00,97.84249102
8/9/2015 17:00,225.576372
8/9/2015 18:00,164.1513163
8/9/2015 19:00,244.7054722
8/9/2015 20:00,345.4155723
8/9/2015 21:00,356.684696
8/9/2015 22:00,115.8555945
8/9/2015 23:00,54.85044316
8/10/2015 0:00,118.2605959
8/10/2015 1:00,82.14468258
8/10/2015 2:00,61.56905002
8/10/2015 3:00,103.2765701
8/10/2015 4:00,74.18258911
8/10/2015 5:00,61.60023212
8/10/2015 6:00,35.42654715
8/10/2015 7:00,38.2651314
8/10/2015 8:00,44.46042687
8/10/2015 9:00,22.46409641
8/10/2015 10:00,176.718679
8/10/2015 11:00,154.5580239
8/10/2015 12:00,213.7128274
8/10/2015 13:00,339.6041177
8/10/2015 14:00,325.4472156
8/10/2015 15:00,210.8119668
8/10/2015 16:00,223.6273196
8/10/2015 17:00,317.1804116
8/10/2015 18:00,237.0418413
8/10/2015 19:00,27.81218261
8/10/2015 20:00,219.9023929
8/10/2015 21:00,65.1504167
8/10/2015 22:00,95.00636279
8/10/2015 23:00,54.85279499
8/11/2015 0:00,112.396152
8/11/2015 1:00,56.99655641
8/11/2015 2:00,84.59354793
8/11/2015 3:00,108.5115534
8/11/2015 4:00,115.3877337
8/11/2015 5:00,83.50677705
8/11/2015 6:00,20.7990497
8/11/2015 7:00,70.99625919
8/11/2015 8:00,52.13725771
8/11/2015 9:00,29.51086382
8/11/2015 10:00,200.582704
8/11/2015 11:00,65.41367638
8/11/2015 12:00,188.5642342
8/11/2015 13:00,327.2499764
8/11/2015 14:00,95.11471454
8/11/2015 15:00,231.6535657
8/11/2015 16:00,227.7645129
8/11/2015 17:00,252.5328032
8/11/2015 18:00,145.0909666
8/11/2015 19:00,219.8170471
8/11/2015 20:00,215.8844867
8/11/2015 21:00,330.5600482
8/11/2015 22:00,116.8278516
8/11/2015 23:00,110.004334
8/12/2015 0:00,91.66333648
8/12/2015 1:00,85.31095635
8/12/2015 2:00,59.54819881
8/12/2015 3:00,88.18918694
8/12/2015 4:00,119.9253793
8/12/2015 5:00,67.14073771
8/12/2015 6:00,41.75994196
8/12/2015 7:00,33.77217412
8/12/2015 8:00,50.5946647
8/12/2015 9:00,45.00264181
8/12/2015 10:00,255.1777234
8/12/2015 11:00,310.2851084
8/12/2015 12:00,229.7096771
8/12/2015 13:00,107.9786484
8/12/2015 14:00,117.6009695
8/12/2015 15:00,138.6680049
8/12/2015 16:00,152.086739
8/12/2015 17:00,105.7906839
8/12/2015 18:00,120.6775441
8/12/2015 19:00,177.701419
8/12/2015 20:00,295.6906294
8/12/2015 21:00,319.900192
8/12/2015 22:00,52.21385451
8/12/2015 23:00,62.10043801
8/13/2015 0:00,51.48814147
8/13/2015 1:00,115.4089626
8/13/2015 2:00,82.94868963
8/13/2015 3:00,57.30702987
8/13/2015 4:00,77.98012567
8/13/2015 5:00,99.50439558
8/13/2015 6:00,44.88775583
8/13/2015 7:00,56.44764848
8/13/2015 8:00,62.80411406
8/13/2015 9:00,35.24937889
8/13/2015 10:00,309.5373394
8/13/2015 11:00,85.24055444
8/13/2015 12:00,241.7532004
8/13/2015 13:00,109.175147
8/13/2015 14:00,213.7490204
8/13/2015 15:00,320.6087576
8/13/2015 16:00,267.4835254
8/13/2015 17:00,280.1800284
8/13/2015 18:00,166.8971419
8/13/2015 19:00,103.7546319
8/13/2015 20:00,53.62359348
8/13/2015 21:00,353.8451714
8/13/2015 22:00,109.0605692
8/13/2015 23:00,118.5129276
8/14/2015 0:00,81.27863895
8/14/2015 1:00,50.51007158
8/14/2015 2:00,81.86148871
8/14/2015 3:00,98.14303374
8/14/2015 4:00,71.23738718
8/14/2015 5:00,89.88099405
8/14/2015 6:00,32.23043054
8/14/2015 7:00,63.22354123
8/14/2015 8:00,23.46174858
8/14/2015 9:00,70.82679042
8/14/2015 10:00,185.7929728
8/14/2015 11:00,113.0696421
8/14/2015 12:00,233.7230658
8/14/2015 13:00,348.3577509
8/14/2015 14:00,214.3380911
8/14/2015 15:00,251.7015992
8/14/2015 16:00,279.726714
8/14/2015 17:00,119.1101669
8/14/2015 18:00,240.9412193
8/14/2015 19:00,261.2146988
8/14/2015 20:00,115.319167
8/14/2015 21:00,357.4202326
8/14/2015 22:00,94.33526024
8/14/2015 23:00,99.93752127
8/15/2015 0:00,54.09609036
8/15/2015 1:00,95.20432871
8/15/2015 2:00,92.24276593
8/15/2015 3:00,89.89718803
8/15/2015 4:00,111.9208624
8/15/2015 5:00,58.32200889
8/15/2015 6:00,68.26161949
8/15/2015 7:00,32.25761116
8/15/2015 8:00,21.90087234
8/15/2015 9:00,66.23839825
8/15/2015 10:00,210.4960948
8/15/2015 11:00,287.3136525
8/15/2015 12:00,100.7063162
8/15/2015 13:00,261.19957
8/15/2015 14:00,216.9417247
8/15/2015 15:00,182.6200705
8/15/2015 16:00,114.0827793
8/15/2015 17:00,160.3592061
8/15/2015 18:00,266.1771814
8/15/2015 19:00,300.4851972
8/15/2015 20:00,246.2451418
8/15/2015 21:00,283.6231528
8/15/2015 22:00,102.9429141
8/15/2015 23:00,115.5876077
8/16/2015 0:00,117.4241276
8/16/2015 1:00,107.3602326
8/16/2015 2:00,93.00307067
8/16/2015 3:00,88.44702136
8/16/2015 4:00,85.93504397
8/16/2015 5:00,111.7460079
8/16/2015 6:00,54.77768441
8/16/2015 7:00,36.89481415
8/16/2015 8:00,73.83822601
8/16/2015 9:00,29.49364249
8/16/2015 10:00,163.1514745
8/16/2015 11:00,295.4701911
8/16/2015 12:00,282.5773342
8/16/2015 13:00,344.7908363
8/16/2015 14:00,286.5841357
8/16/2015 15:00,144.4278094
8/16/2015 16:00,163.2630329
8/16/2015 17:00,267.8345229
8/16/2015 18:00,171.5095432
8/16/2015 19:00,39.06662344
8/16/2015 20:00,130.3341284
8/16/2015 21:00,278.9074515
8/16/2015 22:00,88.50822686
8/16/2015 23:00,51.23111232
8/17/2015 0:00,102.5095227
8/17/2015 1:00,91.58145021
8/17/2015 2:00,76.51667569
8/17/2015 3:00,73.37933994
8/17/2015 4:00,111.5177465
8/17/2015 5:00,51.30990104
8/17/2015 6:00,44.97055856
8/17/2015 7:00,34.291991
8/17/2015 8:00,31.56760397
8/17/2015 9:00,46.76636897
8/17/2015 10:00,258.6139589
8/17/2015 11:00,52.06543923
8/17/2015 12:00,128.8705581
8/17/2015 13:00,296.5620973
8/17/2015 14:00,317.5718069
8/17/2015 15:00,132.2135194
8/17/2015 16:00,234.3280864
8/17/2015 17:00,189.9870902
8/17/2015 18:00,200.0943182
8/17/2015 19:00,124.4858463
8/17/2015 20:00,107.5051715
8/17/2015 21:00,209.1002911
8/17/2015 22:00,66.1986848
8/17/2015 23:00,70.29003904
8/18/2015 0:00,52.86844247
8/18/2015 1:00,60.72629782
8/18/2015 2:00,101.7910738
8/18/2015 3:00,54.11907737
8/18/2015 4:00,98.49587018
8/18/2015 5:00,57.52851108
8/18/2015 6:00,79.8385365
8/18/2015 7:00,63.44233949
8/18/2015 8:00,38.92717753
8/18/2015 9:00,30.18667888
8/18/2015 10:00,287.6589312
8/18/2015 11:00,98.8211917
8/18/2015 12:00,149.1345449
8/18/2015 13:00,208.0280497
8/18/2015 14:00,225.6323044
8/18/2015 15:00,215.584299
8/18/2015 16:00,313.7653745
8/18/2015 17:00,296.9299504
8/18/2015 18:00,189.9894314
8/18/2015 19:00,278.5143324
8/18/2015 20:00,215.5476252
8/18/2015 21:00,63.42380039
8/18/2015 22:00,87.62759308
8/18/2015 23:00,59.86181594
8/19/2015 0:00,54.07184666
8/19/2015 1:00,110.1256944
8/19/2015 2:00,65.59157102
8/19/2015 3:00,98.93393754
8/19/2015 4:00,53.03402294
8/19/2015 5:00,69.87343521
8/19/2015 6:00,56.58748663
8/19/2015 7:00,22.08557486
8/19/2015 8:00,76.0804629
8/19/2015 9:00,70.2866419
8/19/2015 10:00,115.9990562
8/19/2015 11:00,232.7319904
8/19/2015 12:00,279.8405516
8/19/2015 13:00,143.7128444
8/19/2015 14:00,153.5041145
8/19/2015 15:00,304.7884534
8/19/2015 16:00,278.3166159
8/19/2015 17:00,104.6808946
8/19/2015 18:00,313.8708224
8/19/2015 19:00,158.3317415
8/19/2015 20:00,8.151251118
8/19/2015 21:00,142.575372
8/19/2015 22:00,80.86583445
8/19/2015 23:00,91.80170374
8/20/2015 0:00,103.6344595
8/20/2015 1:00,76.96746283
8/20/2015 2:00,97.74409922
8/20/2015 3:00,87.75989232
8/20/2015 4:00,83.70776271
8/20/2015 5:00,113.8984597
8/20/2015 6:00,53.56276413
8/20/2015 7:00,55.70434635
8/20/2015 8:00,55.4865753
8/20/2015 9:00,64.44534876
8/20/2015 10:00,240.2599669
8/20/2015 11:00,149.9201821
8/20/2015 12:00,295.0853846
8/20/2015 13:00,130.5914252
8/20/2015 14:00,107.9016909
8/20/2015 15:00,254.12527
8/20/2015 16:00,326.6091229
8/20/2015 17:00,203.0474809
8/20/2015 18:00,224.0687004
8/20/2015 19:00,31.70819084
8/20/2015 20:00,157.7111888
8/20/2015 21:00,162.1754768
8/20/2015 22:00,55.44297553
8/20/2015 23:00,72.66010361
8/21/2015 0:00,73.01349886
8/21/2015 1:00,58.76645976
8/21/2015 2:00,105.0399575
8/21/2015 3:00,71.47879152
8/21/2015 4:00,98.90254098
8/21/2015 5:00,119.7790818
8/21/2015 6:00,41.77434082
8/21/2015 7:00,22.72204877
8/21/2015 8:00,74.03556133
8/21/2015 9:00,58.57313154
8/21/2015 10:00,255.1899504
8/21/2015 11:00,200.5675711
8/21/2015 12:00,309.3148681
8/21/2015 13:00,111.0104467
8/21/2015 14:00,339.4371944
8/21/2015 15:00,248.9222864
8/21/2015 16:00,183.7504432
8/21/2015 17:00,136.2138356
8/21/2015 18:00,207.3974014
8/21/2015 19:00,291.7245139
8/21/2015 20:00,27.75133277
8/21/2015 21:00,308.6160942
8/21/2015 22:00,73.56776082
8/21/2015 23:00,53.71036124
8/22/2015 0:00,53.44705609
8/22/2015 1:00,74.08681059
8/22/2015 2:00,75.97420326
8/22/2015 3:00,56.35602386
8/22/2015 4:00,99.87071134
8/22/2015 5:00,88.86622938
8/22/2015 6:00,73.55072259
8/22/2015 7:00,26.00832151
8/22/2015 8:00,61.44918347
8/22/2015 9:00,70.93498715
8/22/2015 10:00,205.5560812
8/22/2015 11:00,204.072433
8/22/2015 12:00,163.3649126
8/22/2015 13:00,139.6601364
8/22/2015 14:00,172.1327709
8/22/2015 15:00,275.3959225
8/22/2015 16:00,99.38458038
8/22/2015 17:00,172.4921989
8/22/2015 18:00,343.920517
8/22/2015 19:00,91.13287011
8/22/2015 20:00,303.3842063
8/22/2015 21:00,257.2746896
8/22/2015 22:00,58.11000451
8/22/2015 23:00,85.11430597
8/23/2015 0:00,76.93758682
8/23/2015 1:00,95.4156753
8/23/2015 2:00,110.7041946
8/23/2015 3:00,105.0437997
8/23/2015 4:00,103.2487899
8/23/2015 5:00,83.08136615
8/23/2015 6:00,43.13415197
8/23/2015 7:00,66.29370836
8/23/2015 8:00,59.06113969
8/23/2015 9:00,27.20123573
8/23/2015 10:00,241.6999214
8/23/2015 11:00,210.3952284
8/23/2015 12:00,287.8469162
8/23/2015 13:00,200.8620333
8/23/2015 14:00,281.2090635
8/23/2015 15:00,205.6913981
8/23/2015 16:00,357.1443325
8/23/2015 17:00,258.7777577
8/23/2015 18:00,261.8545998
8/23/2015 19:00,95.31033866
8/23/2015 20:00,172.9669646
8/23/2015 21:00,298.905164
8/23/2015 22:00,104.3253796
8/23/2015 23:00,110.5049658
8/24/2015 0:00,97.53685679
8/24/2015 1:00,63.27015638
8/24/2015 2:00,105.6292278
8/24/2015 3:00,54.84325521
8/24/2015 4:00,101.3966192
8/24/2015 5:00,74.34300813
8/24/2015 6:00,74.32797976
8/24/2015 7:00,56.10564982
8/24/2015 8:00,64.09782491
8/24/2015 9:00,62.82882447
8/24/2015 10:00,282.4838105
8/24/2015 11:00,266.9530165
8/24/2015 12:00,315.5733383
8/24/2015 13:00,92.20486025
8/24/2015 14:00,280.8487511
8/24/2015 15:00,173.2850912
8/24/2015 16:00,188.1983099
8/24/2015 17:00,330.0836269
8/24/2015 18:00,95.06974086
8/24/2015 19:00,50.46209248
8/24/2015 20:00,70.13487618
8/24/2015 21:00,184.1905871
8/24/2015 22:00,77.39510274
8/24/2015 23:00,98.42084838
8/25/2015 0:00,50.47274445
8/25/2015 1:00,101.9266266
8/25/2015 2:00,113.1093005
8/25/2015 3:00,94.01994449
8/25/2015 4:00,50.73572802
8/25/2015 5:00,90.69762461
8/25/2015 6:00,64.79173492
8/25/2015 7:00,67.52671421
8/25/2015 8:00,22.24948458
8/25/2015 9:00,72.44176975
8/25/2015 10:00,182.3991989
8/25/2015 11:00,221.337707
8/25/2015 12:00,93.25912268
8/25/2015 13:00,280.8171175
8/25/2015 14:00,307.3497953
8/25/2015 15:00,303.9277722
8/25/2015 16:00,341.4079043
8/25/2015 17:00,240.9619512
8/25/2015 18:00,347.1588567
8/25/2015 19:00,1.355986218
8/25/2015 20:00,30.0258805
8/25/2015 21:00,208.2267739
8/25/2015 22:00,106.5242728
8/25/2015 23:00,57.03198204
8/26/2015 0:00,101.9963673
8/26/2015 1:00,111.45463
8/26/2015 2:00,56.39264206
8/26/2015 3:00,59.40946791
8/26/2015 4:00,53.65554929
8/26/2015 5:00,62.4959899
8/26/2015 6:00,73.87833754
8/26/2015 7:00,33.73175265
8/26/2015 8:00,57.75645359
8/26/2015 9:00,34.4709198
8/26/2015 10:00,263.686518
8/26/2015 11:00,290.5104401
8/26/2015 12:00,296.6750655
8/26/2015 13:00,109.3077637
8/26/2015 14:00,191.081409
8/26/2015 15:00,99.55778495
8/26/2015 16:00,343.7824989
8/26/2015 17:00,145.2588929
8/26/2015 18:00,317.0258685
8/26/2015 19:00,317.1532851
8/26/2015 20:00,124.7577294
8/26/2015 21:00,106.9248109
8/26/2015 22:00,110.0823104
8/26/2015 23:00,118.746112
8/27/2015 0:00,119.5425052
8/27/2015 1:00,65.69443548
8/27/2015 2:00,114.5870793
8/27/2015 3:00,102.0269376
8/27/2015 4:00,119.2648795
8/27/2015 5:00,95.78790863
8/27/2015 6:00,59.06581747
8/27/2015 7:00,40.49083791
8/27/2015 8:00,56.57971151
8/27/2015 9:00,61.76117579
8/27/2015 10:00,118.1333802
8/27/2015 11:00,156.2975047
8/27/2015 12:00,209.5618149
8/27/2015 13:00,261.8834973
8/27/2015 14:00,346.5847059
8/27/2015 15:00,175.4124155
8/27/2015 16:00,196.0123237
8/27/2015 17:00,277.9880897
8/27/2015 18:00,127.9143115
8/27/2015 19:00,305.8492468
8/27/2015 20:00,143.3526772
8/27/2015 21:00,66.22164767
8/27/2015 22:00,63.7550979
8/27/2015 23:00,69.6440405
8/28/2015 0:00,109.253173
8/28/2015 1:00,100.6817823
8/28/2015 2:00,98.43367695
8/28/2015 3:00,83.00085956
8/28/2015 4:00,98.77988722
8/28/2015 5:00,56.84887819
8/28/2015 6:00,35.50732629
8/28/2015 7:00,36.91450351
8/28/2015 8:00,20.34799406
8/28/2015 9:00,58.51299067
8/28/2015 10:00,204.3343051
8/28/2015 11:00,258.6816669
8/28/2015 12:00,159.5342801
8/28/2015 13:00,143.4898583
8/28/2015 14:00,167.1349125
8/28/2015 15:00,268.2762206
8/28/2015 16:00,340.4432034
8/28/2015 17:00,333.7654107
8/28/2015 18:00,205.8348558
8/28/2015 19:00,231.7235592
8/28/2015 20:00,330.7659824
8/28/2015 21:00,112.8165703
8/28/2015 22:00,60.09462339
8/28/2015 23:00,57.12700945
8/29/2015 0:00,69.13910605
8/29/2015 1:00,61.23055251
8/29/2015 2:00,50.32455071
8/29/2015 3:00,62.34010778
8/29/2015 4:00,56.86896011
8/29/2015 5:00,51.77916949
8/29/2015 6:00,78.92892125
8/29/2015 7:00,47.64890664
8/29/2015 8:00,51.88506887
8/29/2015 9:00,33.79842032
8/29/2015 10:00,128.0216193
8/29/2015 11:00,267.3446075
8/29/2015 12:00,87.58693251
8/29/2015 13:00,157.5679708
8/29/2015 14:00,187.2619877
8/29/2015 15:00,102.5303935
8/29/2015 16:00,297.6284235
8/29/2015 17:00,101.9158803
8/29/2015 18:00,173.6177148
8/29/2015 19:00,305.5077364
8/29/2015 20:00,31.4764748
8/29/2015 21:00,29.48837383
8/29/2015 22:00,117.0703494
8/29/2015 23:00,89.07772494
8/30/2015 0:00,111.7114543
8/30/2015 1:00,88.93520828
8/30/2015 2:00,51.70116643
8/30/2015 3:00,108.9816824
8/30/2015 4:00,84.10276627
8/30/2015 5:00,74.95062505
8/30/2015 6:00,48.99578211
8/30/2015 7:00,58.24855308
8/30/2015 8:00,55.37929257
8/30/2015 9:00,45.30293
8/30/2015 10:00,135.8241152
8/30/2015 11:00,242.288855
8/30/2015 12:00,156.8601016
8/30/2015 13:00,299.313674
8/30/2015 14:00,102.4402234
8/30/2015 15:00,260.0170868
8/30/2015 16:00,347.8114809
8/30/2015 17:00,231.9784243
8/30/2015 18:00,156.6007357
8/30/2015 19:00,224.9915272
8/30/2015 20:00,267.6330771
8/30/2015 21:00,121.6127384
8/30/2015 22:00,63.54284879
8/30/2015 23:00,87.71907746
8/31/2015 0:00,51.08023265
8/31/2015 1:00,68.71640476
8/31/2015 2:00,55.52514042
8/31/2015 3:00,80.29539282
8/31/2015 4:00,115.1536506
8/31/2015 5:00,68.44074157
8/31/2015 6:00,28.69189002
8/31/2015 7:00,35.60390254
8/31/2015 8:00,50.70377203
8/31/2015 9:00,42.695716
8/31/2015 10:00,254.4014737
8/31/2015 11:00,77.86094826
8/31/2015 12:00,102.3166824
8/31/2015 13:00,91.36139933
8/31/2015 14:00,309.3586724
8/31/2015 15:00,117.3715965
8/31/2015 16:00,193.1798259
8/31/2015 17:00,103.3325075
8/31/2015 18:00,288.9692858
8/31/2015 19:00,322.0463765
8/31/2015 20:00,99.87407043
8/31/2015 21:00,204.6805777
8/31/2015 22:00,95.99811587
8/31/2015 23:00,95.45732463
